t,x_filtered,y_filtered,yaw_filtered,x_gt,y_gt,yaw_gt,pos_error,yaw_error
0.0,4.650145412411697,2.9997318633179058,-7.607601953903073e-05,4.650145412411697,2.9997318633179058,-7.607601953903073e-05,0.0,0.0
0.029999999999997584,4.650148286458659,2.9997309338574394,-5.563403522752739e-05,4.650145412411697,2.9997318633179058,-7.607601953903073e-05,3.0206030357304812e-06,2.0441984311503347e-05
0.05999999999999872,4.648674652365137,3.001536434377854,-8.766662130583952e-05,4.650145808727352,2.9997318650308458,-7.607629929203708e-05,0.0023282550483672343,1.1590322013802439e-05
0.09999999999999787,4.649932573518402,2.9999933540900123,3.7002503919116168e-06,4.650146205054714,2.999731866743782,-7.607657903469384e-05,0.0003376596889556052,7.977682942660546e-05
0.129999999999999,4.650065067546261,2.9998315849043586,-5.563533557358042e-05,4.650146601393784,2.999731868456714,-7.607685876675173e-05,0.00012880659231133228,2.0441523193171312e-05
0.16000000000000014,4.650135919478697,2.999745253550813,-1.3946167694414004e-05,4.650146997744562,2.9997318701696414,-7.607713848776012e-05,1.737362559042216e-05,6.21309707933461e-05
0.1999999999999993,4.650146600835603,2.9997326305629,-9.132478672804054e-06,4.650147394107049,2.9997318718825645,-7.607741819855926e-05,1.0976681821999236e-06,6.694493952575521e-05
0.23000000000000043,4.6501471824717555,2.999731797594715,-5.563588437458507e-05,4.650147394107049,2.9997318718825645,-7.607741819855926e-05,2.2429485498238596e-07,2.044153382397419e-05
0.259999999999998,4.648655325746914,3.00156360926514,-9.892213367730592e-05,4.650147790481242,2.9997318735954837,-7.607769790012378e-05,0.002362775179043707,2.2844435777182135e-05
0.3000000000000007,4.649931207380842,2.9999971327149773,-7.562236880338733e-05,4.650148186867145,2.9997318753083984,-7.607797759114398e-05,0.00034269751855121313,4.556087877566513e-07
0.3299999999999983,4.650067528551506,2.999832015137329,-5.563663501546787e-05,4.650148583264757,2.9997318770213086,-7.607825727180401e-05,0.00012883131925287857,2.0441622256336142e-05
0.35999999999999943,4.6501385585335235,2.9997445202333344,-5.40934631913646e-05,4.650148979674077,2.9997318787342153,-7.607853694179222e-05,1.6383152029019137e-05,2.1985073750427613e-05
0.3999999999999986,4.650149510880864,2.9997313486029,-5.980335958262402e-05,4.650149376095106,2.9997318804471176,-7.607881660154754e-05,5.486578826703906e-07,1.6275457018923522e-05
0.4299999999999997,4.650150826836472,2.9997302467537694,-0.00010826317259300596,4.650149376095106,2.9997318804471176,-7.607881660154754e-05,2.1848579970493164e-06,3.2184355991458414e-05
0.46000000000000085,4.64619339595289,3.0044777964128397,-5.563763349987411e-05,4.650149772527844,2.999731882160015,-7.607909625062955e-05,0.00617872298278615,2.0441462750755442e-05
0.5,4.6499313774066335,2.9999944812416293,-9.794328709129757e-05,4.650150168972294,2.999731883872909,-7.607937588987003e-05,0.00034179983508341144,2.1863911201427548e-05
0.5299999999999976,4.6500684934584955,2.9998307725827265,-5.5638085743894134e-05,4.650150565428453,2.9997318855857977,-7.607965551897633e-05,0.00012850854607516897,2.0441569775082194e-05
0.5599999999999987,4.6501400051451816,2.99974431471566,-0.00013595081874702357,4.6501509618963235,2.999731887298683,-7.607993513792378e-05,1.6567772581191688e-05,5.9870883609099796e-05
0.5999999999999979,4.650151132518292,2.9997316473677382,-3.291566920045271e-05,4.650151358375903,2.9997318890115636,-7.608021474680663e-05,3.307618465372479e-07,4.316454554635392e-05
0.629999999999999,4.650153917637872,2.9997298390350657,-5.5638691902128864e-05,4.650151358375903,2.9997318890115636,-7.608021474680663e-05,3.2790586249198366e-06,2.0441522844677766e-05
0.6600000000000001,4.648677289180676,3.001583899037405,-4.544098366294976e-05,4.650151754867195,2.99973189072444,-7.60804943451629e-05,0.0023672735059583213,3.063951068221314e-05
0.6999999999999993,4.649938222719621,3.0000001871539457,-5.8710678392206314e-05,4.6501521513701976,2.999731892437313,-7.608077393308768e-05,0.0003431435887648559,1.7370095540881363e-05
0.7300000000000004,4.65007135542395,2.9998328106350445,-0.00011195423890693264,4.650152547884912,2.999731894150181,-7.608105351090829e-05,0.00012952356015093073,3.587318539602435e-05
0.759999999999998,4.650141658699808,2.999744917426071,-0.0001679954022599371,4.650152944411338,2.999731895863045,-7.608133307863696e-05,1.723161015038167e-05,9.191406918130015e-05
0.8000000000000007,4.650152888236723,2.9997324228948625,-6.463120020767861e-05,4.650153340949476,2.9997318975759044,-7.608161263552901e-05,6.934759151829767e-07,1.1450412427850396e-05
0.8299999999999983,4.65015629617916,2.999730781525659,-5.564024305289224e-05,4.650153340949476,2.9997318975759044,-7.608161263552901e-05,3.1589477102738915e-06,2.044136958263677e-05
0.8599999999999994,4.648651471317566,3.001534378566344,-0.00010133679380826197,4.650153737499328,2.9997318992887596,-7.608189218252003e-05,0.0023464303158170032,2.5254901625741934e-05
0.8999999999999986,4.649936302352282,2.9999925292433973,-0.0001249018703943359,4.650154134060892,2.999731901001611,-7.608217171914508e-05,0.0003396729805158811,4.881969867519083e-05
0.9299999999999997,4.650071882643338,2.9998297989892575,-5.564115875285253e-05,4.650154530634168,2.999731902714458,-7.608245124569368e-05,0.00012811858182156479,2.044129249284115e-05
0.9600000000000009,4.6501438548016765,2.999744078283398,-9.564072544816711e-05,4.650154927219158,2.9997319044273003,-7.608273076165549e-05,1.6456038441168823e-05,1.9557994686511627e-05
1.0,4.650154742033128,2.999731331038033,-9.561535987941057e-05,4.650155323815862,2.9997319061401386,-7.608301026727298e-05,8.180547544692531e-07,1.9532349612137596e-05
1.0299999999999976,4.650156514418305,2.999730917569029,-5.564157855260306e-05,4.650155323815862,2.9997319061401386,-7.608301026727298e-05,1.5475164026174737e-06,2.0441431714669916e-05
1.0599999999999987,4.64864949626274,3.001534235272026,-0.00012257823024826238,4.650155720424278,2.999731907852973,-7.608328976299243e-05,0.002348849793041524,4.649494048526995e-05
1.0999999999999979,4.6495815138530565,3.000418622722029,-5.5642008795999526e-05,4.65015611704441,2.999731909565803,-7.608356924801514e-05,0.0008954014666322393,2.044156045201561e-05
1.129999999999999,4.650073018863273,2.9998304267853384,-5.56422012349532e-05,4.650156513676254,2.9997319112786283,-7.608384872244443e-05,0.00012913825481712904,2.0441647487491225e-05
1.1600000000000001,4.650145518019417,2.9997446493158857,-0.00010688368714890857,4.650156910319815,2.9997319129914497,-7.608412818681366e-05,1.7087962678462033e-05,3.079955896209491e-05
1.1999999999999993,4.650156736494936,2.9997320462727637,-1.2729495502086091e-05,4.650157306975089,2.9997319147042676,-7.608440764112897e-05,5.854552707188715e-07,6.335491213904288e-05
1.2300000000000004,4.65015803850796,2.999730530520425,-5.5642421576476006e-05,4.650157306975089,2.9997319147042676,-7.608440764112897e-05,1.5656006039920768e-06,2.044198606465296e-05
1.259999999999998,4.648690004170602,3.0016002003311777,-0.0001755965560485538,4.650157703642079,2.99973191641708,-7.608468708490134e-05,0.0023758422763832015,9.951186896365246e-05
1.3000000000000007,4.64994427647301,3.000002634472026,-9.22909760951572e-05,4.650158100320784,2.999731918129889,-7.608496651784972e-05,0.00034497532633012825,1.620600957730748e-05
1.3299999999999983,4.6500770411535814,2.9998341245186135,-5.564257540986646e-05,4.650158497011206,2.9997319198426937,-7.608524594072802e-05,0.0001306937355850949,2.0442670530861553e-05
1.3599999999999994,4.6501479819597185,2.9997451293848765,-5.6241604252840044e-05,4.650158893713344,2.9997319215554943,-7.608552535347767e-05,1.713222472897492e-05,1.9843921100637623e-05
1.3999999999999986,4.650158648926569,2.9997322563235347,-6.90095406476597e-05,4.650159290427197,2.9997319232682904,-7.608580475626698e-05,7.228062342386306e-07,7.076264108607283e-06
1.4299999999999997,4.650158893687474,2.9997318024359076,-5.5643272615270984e-05,4.650159290427197,2.9997319232682904,-7.608580475626698e-05,4.147322909040225e-07,2.0442532140996e-05
1.4600000000000009,4.648666580696515,3.0015443731055123,-0.00012259610214555776,4.650159687152767,2.9997319249810825,-7.608608414912402e-05,0.002348262143256056,4.6510017996433743e-05
1.5,4.64994335914079,2.999994140429418,-0.000122901756256024,4.650160083890054,2.9997319266938702,-7.608636353184043e-05,0.0003401847440040459,4.681539272418357e-05
1.5299999999999976,4.650078009074968,2.9998292391485033,-5.5643792335981896e-05,4.650160480639058,2.9997319284066544,-7.608664290420585e-05,0.00012755759233627165,2.044285056822396e-05
1.5599999999999987,4.650149731990102,2.999743725680765,-3.0236416040232267e-05,4.650160877399778,2.999731930119433,-7.60869222662705e-05,1.6228229231088793e-05,4.585050622603824e-05
1.5999999999999979,4.650161087972085,2.9997316897651363,-3.9076137627837976e-05,4.650161274172217,2.9997319318322084,-7.608720161884164e-05,3.0539639240336615e-07,3.701106399100366e-05
1.629999999999999,4.650162982403608,2.9997306185025074,-5.5644303149151436e-05,4.650161670956374,2.9997319335449797,-7.608748096050331e-05,1.8572104222039053e-06,2.0443177811351872e-05
1.6600000000000001,4.648706037721859,3.0015827190676188,1.9253871223188373e-05,4.650161670956374,2.9997319335449797,-7.608748096050331e-05,0.0023546284556663606,9.534135218369168e-05
1.6999999999999993,4.649951453007367,2.9999996494668397,-0.00010055041812013982,4.650162067752249,2.9997319352577465,-7.608776029196891e-05,0.00034063098583657136,2.4462657828170907e-05
1.7300000000000004,4.650083176757616,2.999832064261888,-5.5645489184421445e-05,4.650162464559843,2.999731936970509,-7.608803961329484e-05,0.0001277185580127661,2.0442550428873398e-05
1.759999999999998,4.650152372987133,2.9997446377198544,-8.87933746773338e-05,4.650162861379155,2.9997319386832673,-7.60883189236409e-05,1.647033385941113e-05,1.2705055753692903e-05
1.8000000000000007,4.650159331566123,2.999735663025739,-5.56459236173555e-05,4.650163258210187,2.9997319403960216,-7.608859822335953e-05,5.410776803011309e-06,2.0442674606004025e-05
1.8299999999999983,4.6501632547466505,2.999729760927165,-5.564595541858382e-05,4.650163258210187,2.9997319403960216,-7.608859822335953e-05,2.1794716085640735e-06,2.0442642804775708e-05
1.8599999999999994,4.648662837212226,3.001578617286096,-5.712899443906167e-05,4.650163655052936,2.999731942108771,-7.608887751278441e-05,0.0023796351404244834,1.895988307372274e-05
1.8999999999999986,4.649946560941907,2.999999639040698,-4.312792516265801e-05,4.6501640519074074,2.999731943821516,-7.608915679201066e-05,0.0003449102063538873,3.2961231629352646e-05
1.9299999999999997,4.650082309195823,2.9998326722504878,-5.564667881992264e-05,4.650164448773596,2.9997319455342577,-7.608943606099032e-05,0.00012997223395503268,2.044275724106768e-05
1.9600000000000009,4.6501537467321326,2.9997445043150104,-2.8128991836198064e-05,4.650164845651508,2.9997319472469948,-7.608971531989458e-05,1.675905631156131e-05,4.796072348369652e-05
2.0,4.650164550135837,2.999732249605031,-0.00017032829478043284,4.6501652425411395,2.9997319489597283,-7.608999456912935e-05,7.548593919301299e-07,9.423830021130349e-05
2.0299999999999976,4.650166162344078,2.999731377640069,-5.5647459138399166e-05,4.6501652425411395,2.9997319489597283,-7.608999456912935e-05,1.0827943474938195e-06,2.044253543073018e-05
2.0599999999999987,4.648674784776633,3.0015687945092573,-1.448789299680826e-05,4.6501656394424895,2.999731950672457,-7.609027380825539e-05,0.002365722493340751,6.160238081144714e-05
2.099999999999998,4.649949400507404,2.999998485071989,-0.00012003469229200577,4.650166036355563,2.999731952385181,-7.60905530371687e-05,0.000343468723240701,4.394413925483707e-05
2.129999999999999,4.6500845567786655,2.9998338563752585,-5.564796144326351e-05,4.650166433280355,2.9997319540979017,-7.609083225550644e-05,0.00013072044851295347,2.044287081224293e-05
2.16,4.650136489010467,2.999770533216691,-5.56483216000568e-05,4.65016683021687,2.999731955810618,-7.609111146371334e-05,4.907957890347859e-05,2.044278986365654e-05
2.1999999999999993,4.650166610400499,2.99973238881527,1.0501278145259937e-06,4.650167227165107,2.9997319575233297,-7.609139066032824e-05,7.526030293985353e-07,7.714151847485424e-05
2.2300000000000004,4.650166745239191,2.9997302474111183,-5.5649012307548e-05,4.650167227165107,2.9997319575233297,-7.609139066032824e-05,1.7767206770156475e-06,2.0442378352780236e-05
2.259999999999998,4.64865269747912,3.001595497608557,-3.0188469416227842e-05,4.650167624125067,2.999731959236037,-7.609166984650754e-05,0.0024016198717645982,4.59032004302797e-05
2.3000000000000007,4.649589248589436,3.000442117659732,-5.5649648915203495e-05,4.65016802109675,2.9997319609487407,-7.609194902313814e-05,0.0009161332705388851,2.0442300107934643e-05
2.3299999999999983,4.650084725436685,2.999833724556976,-5.564988289470591e-05,4.650168418080155,2.9997319626614405,-7.60922281888303e-05,0.00013175713245996203,2.0442345294124394e-05
2.3599999999999994,4.650157548076969,2.9997450609151497,-1.6557619994597e-05,4.650168815075282,2.999731964374136,-7.60925073447309e-05,1.727612912412988e-05,5.95348873501339e-05
2.3999999999999986,4.650168651604482,2.9997324135631747,-2.6935298741161812e-05,4.650169212082133,2.9997319660868267,-7.609278649061285e-05,7.171961232605715e-07,4.9157487749451034e-05
2.4299999999999997,4.650169762414002,2.9997320375671768,-5.5650083022620175e-05,4.650169212082133,2.9997319660868267,-7.609278649061285e-05,5.549545985450903e-07,2.044270346799267e-05
2.460000000000001,4.648691226246012,3.001507659003937,-7.118350853736674e-05,4.650169609100706,2.9997319677995136,-7.609306562579896e-05,0.002310561645687114,4.909557088432219e-06
2.5,4.649955567267068,2.999989228822643,-4.171699367856649e-05,4.650170006131004,2.999731969512196,-7.60933447511838e-05,0.000334912494806861,3.4376351072617305e-05
2.5299999999999976,4.6500893818846185,2.9998289028988476,-7.094226790633969e-05,4.650170403173026,2.9997319712248744,-7.609362386587567e-05,0.00012633367957284495,5.151355959535982e-06
2.5599999999999987,4.6501600240605185,2.9997450795696357,-9.35440191369284e-05,4.650170800226771,2.9997319729375485,-7.609390297050337e-05,1.6967898036421392e-05,1.745011616642502e-05
2.599999999999998,4.650170387037486,2.9997323531066313,-0.00010127889570683764,4.6501711972922415,2.999731974650219,-7.609418206485898e-05,8.94282967130704e-07,2.5184713641978663e-05
2.629999999999999,4.650170491290552,2.9997301498615183,-5.5650646418616684e-05,4.6501711972922415,2.999731974650219,-7.609418206485898e-05,1.95660220454282e-06,2.0443535646242294e-05
2.66,4.648704830562399,3.0015836102482596,-5.218061646546019e-05,4.6501715943694375,2.999731976362885,-7.609446114939456e-05,0.002362190532346277,2.391384468393437e-05
2.6999999999999993,4.6499592657128845,3.000000206590592,-4.356309650606279e-05,4.650171991458358,2.999731978075546,-7.609474022313093e-05,0.0003423430721823601,3.253164371706814e-05
2.7300000000000004,4.650092448373158,2.999833018983473,-5.565109633116833e-05,4.650172388559004,2.9997319797882036,-7.609501928715602e-05,0.00012883847365528265,2.0443922955987686e-05
2.759999999999998,4.650162187913035,2.999744870204265,-6.944521399261591e-05,4.650172785671376,2.9997319815008567,-7.609529834111815e-05,1.6686256542393122e-05,6.650084348502235e-06
2.8000000000000007,4.650172534463352,2.9997318413299117,-1.9704052291589915e-06,4.650173182795474,2.999731983213506,-7.609557738451816e-05,6.636757453720624e-07,7.412517215535917e-05
2.8299999999999983,4.650173035513807,2.9997301193771695,-5.56514611566715e-05,4.650173182795474,2.999731983213506,-7.609557738451816e-05,1.8696464314049728e-06,2.0444116227846665e-05
2.8599999999999994,4.648660429527206,3.001544205107793,-5.552287425554455e-05,4.650173579931298,2.9997319849261506,-7.609585641711508e-05,0.0023608824901200877,2.057298216157053e-05
2.8999999999999986,4.6499541022856965,2.999994270044851,-4.448844150935147e-05,4.650173977078848,2.9997319866387917,-7.609613543959431e-05,0.00034225357522945553,3.160769393024284e-05
2.9299999999999997,4.650091590438082,2.999830347828227,-5.565203077302557e-05,4.650174374238126,2.999731988351428,-7.609641445193582e-05,0.0001285602746799825,2.0444383678910254e-05
2.960000000000001,4.650163970599666,2.9997447450654793,-7.815128793615885e-05,4.650174771409131,2.9997319900640607,-7.60966934545132e-05,1.6713693376940652e-05,2.0545944816456504e-06
3.0,4.650175012690523,2.9997325600250027,-0.00012237112146569403,4.650175168591863,2.9997319917766885,-7.609697244720467e-05,5.892464461775731e-07,4.627414901848936e-05
3.0299999999999976,4.650176539792801,2.999732263623827,-5.5652514622430555e-05,4.650175168591863,2.9997319917766885,-7.609697244720467e-05,1.3978887216999987e-06,2.0444457824774114e-05
3.0599999999999987,4.64866381175784,3.0015459544431673,-0.00014985703474885913,4.6501755657863235,2.9997319934893127,-7.609725142930939e-05,0.0023613247520716555,7.375978331954974e-05
3.099999999999998,4.6499566755880775,2.9999945608354723,-7.082536551324057e-05,4.650175962992511,2.999731995201932,-7.609753040049001e-05,0.0003420930833258455,5.272164887249443e-06
3.129999999999999,4.65009350672103,2.9998292066819703,-5.565261713198694e-05,4.650176360210427,2.999731996914548,-7.609780936184463e-05,0.00012772799061917478,2.0445192229857695e-05
3.16,4.6501659553347165,2.9997437365544806,-4.067804854997122e-05,4.650176757440072,2.9997319986271593,-7.609808831269514e-05,1.595194088194209e-05,3.5420039762723926e-05
3.1999999999999993,4.650176757608783,2.999731588943923,3.5097232670409245e-05,4.650177154681445,2.9997320003397667,-7.609836725280777e-05,5.717632717660322e-07,0.00011119559992321702
3.2300000000000004,4.650177804363673,2.9997307194167937,-5.5653025757120683e-05,4.650177154681445,2.9997320003397667,-7.609836725280777e-05,1.4362627406638363e-06,2.0445341495687087e-05
3.259999999999998,4.646281730816428,3.004384745853031,-5.565291461757867e-05,4.650177551934547,2.9997320020523697,-7.609864618219174e-05,0.00606839740450268,2.0445731564613072e-05
3.3000000000000007,4.649961981556787,2.999989684466476,-4.763518544321982e-05,4.65017794919938,2.999732003764969,-7.60989251014806e-05,0.00033621624972060966,2.8463739658260776e-05
3.3299999999999983,4.650095952518806,2.9998302767374283,-5.5653023597958945e-05,4.650178346475941,2.9997320054775636,-7.609920401030406e-05,0.00012824197708887324,2.044618041234511e-05
3.3599999999999994,4.650167760123907,2.9997450243311405,-0.0001067912154332905,4.650178743764232,2.9997320071901545,-7.609948290948623e-05,1.7031920450851697e-05,3.0691732523804264e-05
3.3999999999999986,4.650179131688892,2.999732564696886,-3.906983858610531e-05,4.650179141064254,2.9997320089027406,-7.609976179792917e-05,5.55873213458803e-07,3.7029923211823864e-05
3.4299999999999997,4.650180923329683,2.999731270569527,-5.5653609943597654e-05,4.650179141064254,2.9997320089027406,-7.609976179792917e-05,1.92914644138559e-06,2.044615185433152e-05
3.460000000000001,4.648688176655249,3.0015527797690194,-0.00011322933165387668,4.650179538376006,2.999732010615323,-7.610004067599e-05,0.002353584520086551,3.7129290977886686e-05
3.5,4.649963509236444,2.999995904258631,-6.970966607468952e-06,4.650179935699488,2.999732012327901,-7.610031954439911e-05,0.00034129073384744565,6.912935293693016e-05
3.5299999999999976,4.6500978420305055,2.9998312171393353,-5.5654490361114336e-05,4.650180333034702,2.9997320140404757,-7.610059840259461e-05,0.00012901945820945786,2.0446108041480277e-05
3.5599999999999987,4.650169491945484,2.999744157836402,-0.00011508385714793719,4.6501807303816465,2.9997320157530454,-7.610087725046088e-05,1.654486734934363e-05,3.898297989747631e-05
3.599999999999998,4.650180434545674,2.9997312147232575,-7.153022833734853e-05,4.650181127740322,2.999732017465611,-7.610115608813343e-05,1.0606196804547145e-06,4.570927750784906e-06
3.629999999999999,4.650182616254767,2.99972957675078,-5.5655325450889445e-05,4.650181127740322,2.999732017465611,-7.610115608813343e-05,2.858804669785029e-06,2.044583063724399e-05
3.66,4.648677507620794,3.001544139104554,-5.078378017260506e-05,4.650181525110731,2.9997320191781727,-7.610143491572858e-05,0.0023549622582168203,2.5317654743123517e-05
3.6999999999999993,4.649608919919846,3.000423270872494,-5.565565630623254e-05,4.650181922492871,2.99973202089073,-7.610171373365941e-05,0.0008978632891384491,2.044605742742687e-05
3.7300000000000004,4.650100568446761,2.9998315086645415,-5.56556449202293e-05,4.650182319886745,2.999732022603283,-7.610199254081388e-05,0.00012876635555974364,2.044634762058458e-05
3.759999999999998,4.650171850258297,2.9997445154146005,-0.00014625897893956393,4.65018271729235,2.999732024315832,-7.610227133800813e-05,1.6556569015316746e-05,7.01567076015558e-05
3.8000000000000007,4.650182461964277,2.9997317792499256,-0.0001390007709955586,4.650183114709688,2.9997320260283766,-7.610255012527247e-05,6.978367832925893e-07,6.289822087028612e-05
3.8299999999999983,4.6501839339069715,2.9997297524890922,-5.565637833089482e-05,4.650183114709688,2.9997320260283766,-7.610255012527247e-05,2.4166226570790678e-06,2.0446171794377647e-05
3.8599999999999994,4.648706541859695,3.001567921130369,-0.00016045552481753976,4.65018351213876,2.999732027740917,-7.610282890191726e-05,0.0023562567225741634,8.43526959156225e-05
3.8999999999999986,4.649969734001231,2.9999968234271495,-5.5382045399856434e-05,4.650183909579566,2.9997320294534537,-7.610310766847189e-05,0.0003405686815615489,2.0721062268615455e-05
3.9299999999999997,4.65010337027464,2.9998305186472005,-5.565660048829843e-05,4.650184307032106,2.9997320311659856,-7.610338642452809e-05,0.00012747761632986974,2.0446785936229658e-05
3.960000000000001,4.65017382841001,2.9997443021270778,-0.00010273504496889559,4.65018470449638,2.999732032878514,-7.610366517055174e-05,1.6395844444605876e-05,2.6631379798343853e-05
4.0,4.650185030620691,2.999731695659695,-5.5332644198504536e-05,4.6501851019723865,2.999732034591038,-7.610394390645618e-05,3.4636038987234697e-07,2.0771299707951648e-05
4.029999999999998,4.6501878258716545,2.999730970697303,-5.56567429454556e-05,4.6501851019723865,2.999732034591038,-7.610394390645618e-05,2.9242942910911537e-06,2.0447200961000583e-05
4.059999999999999,4.648659213499124,3.0015328148068083,-5.3414631865102816e-05,4.650185499460131,2.9997320363035573,-7.610422263143586e-05,0.002360582989970488,2.268959076633304e-05
4.099999999999998,4.649965082012448,2.9999931732001777,-7.071452380631656e-05,4.6501858969596075,2.9997320380160732,-7.610450134538887e-05,0.0003419807381508054,5.389977539072311e-06
4.129999999999999,4.650102774033431,2.9998301409409147,-5.5656969502451e-05,4.650186294470821,2.9997320397285843,-7.610478004932905e-05,0.00012883909081696403,2.0447810546878045e-05
4.16,4.65017544138874,2.9997443799272694,-8.227848957216495e-05,4.650345417238305,2.999734253265797,-0.00011168516532563683,0.0001702772407223102,2.940667575347188e-05
4.199999999999999,4.651074903589905,2.9997350363538704,-0.00023840324547426335,4.6521121951270095,2.9997249076955605,-0.00025880861725863463,0.0010373409866907377,2.040537178437128e-05
4.23,4.653425107899377,2.999730754076055,-0.00021246563751371668,4.6521121951270095,2.9997249076955605,-0.00025880861725863463,0.00131292578922438,4.634297974491795e-05
4.259999999999998,4.653458386445771,3.0015198539780523,-0.00014977837608127969,4.654163664995754,2.999736054198144,-0.00020130588949808262,0.0019181656570449286,5.152751341680294e-05
4.300000000000001,4.656712253229763,3.0004036684815207,-0.0003509411510202585,4.656944776775807,2.9996565484120215,-0.0003713914366650582,0.000782467633652431,2.0450285644799733e-05
4.329999999999998,4.661583561217609,2.999826007225862,-0.00032757872682549695,4.660905842890088,2.9996026988043236,-0.0003481222305550788,0.0007135606369378918,2.0543503729581847e-05
4.359999999999999,4.664664645257786,2.9997475888270237,-0.00022091458939761595,4.665113737168932,2.999609123034885,-0.0003478052344692196,0.00046995352988285445,0.00012689064507160366
4.399999999999999,4.668579801010342,2.999738273356922,-0.0006485752733497851,4.67086246221194,2.9995416509483004,-0.0006581212308408657,0.0022911138192711184,9.545957491080689e-06
4.43,4.674880253756773,2.9997303109008344,-0.0005994827466379714,4.67086246221194,2.9995416509483004,-0.0006581212308408657,0.004022218476838088,5.863848420289432e-05
4.459999999999997,4.6778798419232945,3.0015632148621907,-0.0005817744721565287,4.676885838308755,2.9995376615963023,-0.0005905171962049868,0.0022563043275826565,8.742724048458076e-06
4.4999999999999964,4.686699293280439,2.999999853732312,-0.0006193097196236083,4.683883586418692,2.9995266652976125,-0.0006676318725249917,0.0028551904360343346,4.832215290138345e-05
4.529999999999998,4.693003041022224,2.9998357501293897,-0.0005984186102540722,4.691923347015233,2.9995273596572685,-0.0006188828701884457,0.0011228730257816463,2.046425993437349e-05
4.559999999999999,4.699081724967998,2.9997484762877935,-0.0005051540955526975,4.700092464414804,2.9995234846632,-0.0006145057438482972,0.001035478372766313,0.00010935164829559965
4.599999999999998,4.708621274249232,2.9997335520602832,-0.0008895677034530111,4.709944623765606,2.999484279295408,-0.0007315575602063299,0.001346622015933401,0.0001580101432466812
4.629999999999999,4.716293835957619,2.9997306757944395,-0.0006652015251140252,4.709944623765606,2.999484279295408,-0.0007315575602063299,0.006353991398635666,6.635603509230466e-05
4.66,4.722293447501244,3.0015549451124977,-0.0006401101891881499,4.719995750855261,2.9994877797855897,-0.000655545294667399,0.003090725216795024,1.543510547924909e-05
4.699999999999999,4.735123857118102,2.999998869266008,-0.0009369556323463723,4.731018574554677,2.9994609102578,-0.0008162052758499158,0.0041403797917663535,0.00012075035649645647
4.73,4.744426572287637,2.999831835408062,-0.0007392650164778768,4.743069977688346,2.999447817906809,-0.0007596933411004617,0.0014099001199001488,2.042832462258485e-05
4.760000000000002,4.753508584829622,2.999751238804007,-0.0006808154337205185,4.7553985290681515,2.99944674330043,-0.0007849108440051077,0.0019143162582105266,0.00010409541028458919
4.800000000000001,4.767046250156554,2.999739233096506,-0.0009427183363634594,4.769342683230998,2.999411609615441,-0.0008344321812064336,0.0023196857568960026,0.00010828615515702576
4.830000000000002,4.77770684400044,2.999729355010098,-0.0008615319210751448,4.783587075137848,2.99934436976863,-0.0011575729884191661,0.005892820365960827,0.00029604106734402134
4.859999999999996,4.786627025360944,3.001593072109973,-0.0012402722700865642,4.783587075137848,2.99934436976863,-0.0011575729884191661,0.003781264283128252,8.269928166739805e-05
4.900000000000002,4.803474650818228,3.0000050597291223,-0.0015039494046291256,4.798634923194097,2.999281155750678,-0.0014424558592882116,0.004893567251585111,6.149354534091406e-05
4.929999999999996,4.815808405831627,2.99983243012839,-0.0012617889902814673,4.81486480055719,2.999219277895833,-0.0012821265988603244,0.0011253206539619167,2.033760857885706e-05
4.959999999999997,4.827861816176431,2.999752503137,-0.00120688126430353,4.831481575766286,2.999210602016165,-0.0012647004269927301,0.0036600978556744945,5.781916268920019e-05
4.9999999999999964,4.840750783760367,2.9997429331347663,-0.0013243929266754792,4.8493973111874835,2.9991826948763,-0.0013594852846498568,0.00866465829990615,3.5092357974377594e-05
5.029999999999998,4.859015371510933,2.9997307718352255,-0.0012765402062191033,4.8493973111874835,2.9991826948763,-0.0013594852846498568,0.009633663515943804,8.29450784307535e-05
5.059999999999999,4.863791968923636,3.0046707656067224,-0.001234063667636189,4.867684882336101,2.9991995272640324,-0.0012546413251362269,0.006714850991605571,2.0577657500037844e-05
5.099999999999998,4.891810201846247,3.0000150299546364,-0.0014365748738409255,4.886659605734346,2.999217904364623,-0.0014169054676141364,0.005211914189065383,1.9669406226789123e-05
5.129999999999999,4.907021900935138,2.9998288704121516,-0.0014800362243429642,4.9063600397387646,2.9991866653573838,-0.001500297791562947,0.0009222188328345621,2.0261567219982722e-05
5.16,4.9221629313990665,2.999751192305455,-0.0014004584487063564,4.9261019150847005,2.9991664355062744,-0.0013399598380056431,0.003982151803972215,6.049861070071328e-05
5.199999999999999,4.942197311518543,2.9997435618389066,-0.0011349345212816186,4.945649216427911,2.9991630919066132,-0.0011488139017762358,0.0035003703869184114,1.3879380494617212e-05
5.23,4.957174177178286,2.9997404796921,-0.0010265159946442747,4.964972537444391,2.9991462679952274,-0.0009938610307881606,0.007820966077197082,3.265496385611408e-05
5.260000000000002,4.970605676384257,3.0016500705046796,-0.001001105869664578,4.964972537444391,2.9991462679952274,-0.0009938610307881606,0.006164517931045106,7.244838876417333e-06
5.300000000000001,4.99198588392976,3.00001638355436,-0.0010461970721066937,4.984242192712317,2.9990213474779974,-0.001030650196389446,0.007807358738034582,1.5546875717247595e-05
5.330000000000002,5.007153760178687,2.9998406877390944,-0.0011229326109036394,5.003651296977568,2.9989575085961224,-0.0011434094102347537,0.003612098264689062,2.0476799331114277e-05
5.359999999999996,5.022233573377192,2.999759696062808,-0.0007381040079587752,5.023212958400611,2.998845253931483,-0.0010267840708590163,0.0013399251604623381,0.00028868006290024115
5.400000000000002,5.042280841670481,2.9997466703166786,-0.0008863505700289064,5.042820786739041,2.9988246543381623,-0.0011254446472073285,0.0010684821672362768,0.0002390940771784221
5.429999999999996,5.057292115444432,2.9997418520434893,-0.0009626586403527892,5.042820786739041,2.9988246543381623,-0.0011254446472073285,0.014500365724013241,0.00016278600685453934
5.459999999999997,5.070586939831003,3.001709565333625,-0.0011047015034621598,5.062561161035117,2.9987035921437126,-0.0010502899896269763,0.008570239208969528,5.441151383518347e-05
5.4999999999999964,5.0866352287484675,3.000481405578116,-0.0011123491994608626,5.082422681806281,2.998677631444748,-0.0011328237688473912,0.004582483263944745,2.047456938652852e-05
5.529999999999998,5.107153144543566,2.999841105219057,-0.0012538630493196944,5.102319517076071,2.998634078395863,-0.0012743366663223888,0.00498205462097985,2.0473617002694398e-05
5.559999999999999,5.117197191463189,2.9997705058384443,-0.0013323456666238377,5.122216922975474,2.9986042192897964,-0.0013980290073684284,0.005153438538391449,6.568334074459072e-05
5.599999999999998,5.142225010073358,2.9997316731395207,-0.001376606047868336,5.142167180899535,2.998545316611231,-0.0013808890939504455,0.0011877651390576358,4.2830460821093735e-06
5.629999999999999,5.157221157801781,2.999723693920043,-0.0013165149302025302,5.142167180899535,2.998545316611231,-0.0013808890939504455,0.015100026279953457,6.437416374791526e-05
5.66,5.1705026735390085,3.001758673158355,-0.0013353815804064272,5.162191064563196,2.9985172182175814,-0.0013608629199824654,0.00892131570452912,2.5481339576038237e-05
5.699999999999999,5.1865672862146655,3.0004959466053074,-0.001339718650871415,5.182192136888175,2.9984876165014738,-0.0013601620109545615,0.0048140753458014,2.044336008314644e-05
5.73,5.20712126515288,2.999831065629988,-0.0013394554518421772,5.202192562526875,2.998459862912053,-0.0013598976393725867,0.005115887652134379,2.044218753040946e-05
5.760000000000002,5.222201473327179,2.9997381202847277,-0.001427207222105722,5.222194370504276,2.9984322450887024,-0.0013587796436707277,0.0013058945124654437,6.842757843499437e-05
5.800000000000001,5.237209675724702,2.999719864520661,-0.001337622748787972,5.24219735248647,2.99840472098813,-0.0013574655965040486,0.005158151024450679,1.984284771607654e-05
5.830000000000002,5.257214163023363,2.9997130719778267,-0.0013373018316089188,5.262201679786418,2.9983752495687654,-0.0013592159625299737,0.005163825351417696,2.191413092105486e-05
5.859999999999996,5.270414036297239,3.0017638731996414,-0.001344600784946206,5.262201679786418,2.9983752495687654,-0.0013592159625299737,0.008884006391968879,1.4615177583767727e-05
5.900000000000002,5.291953968776796,3.000013768168508,-0.0014444091512623846,5.282204252663931,2.9983532470545406,-0.0013473748014201765,0.009890110952430982,9.703434984220812e-05
5.929999999999996,5.307119465980359,2.999819232075652,-0.0017398023371008732,5.302351767015465,2.9983215297265846,-0.0017602912527143145,0.0049974059016908825,2.0488915613441332e-05
5.959999999999997,5.322201357287412,2.999726416037745,-0.001896444440431868,5.322656693641414,2.9982490082101707,-0.002090178933906665,0.0015459835329827427,0.00019373449347479693
5.9999999999999964,5.337211944940425,2.999698222318776,-0.002021869974249981,5.34296998708028,2.9981430761740033,-0.0018405390511188112,0.005964354853287992,0.00018133092313116976
6.029999999999998,5.357220456853474,2.9996933614229695,-0.0018144926381750825,5.34296998708028,2.9981430761740033,-0.0018405390511188112,0.014334548235290996,2.6046412943728746e-05
6.059999999999999,5.3703689111734185,3.001804201771367,-0.0016782758689485998,5.363529466466071,2.9981172121117816,-0.0017471676580981489,0.007769935434400727,6.889178914954905e-05
6.099999999999998,5.39189442760721,3.0000108598443864,-0.002105509993746992,5.3843278541075295,2.99800822839031,-0.0020755456747384438,0.007827104654143985,2.9964319008548256e-05
6.129999999999999,5.407060628436231,2.9998120475829326,-0.0016776442376408983,5.405153159869515,2.9979432226667084,-0.0016986464902629273,0.002670382538234427,2.100225262202898e-05
6.16,5.422101890955464,2.999726543011791,-0.00164286420758182,5.4261911253928155,2.997941276419495,-0.0017020762012407262,0.004461951937122626,5.921199365890623e-05
6.199999999999999,5.442115139364687,2.9997166324495432,-0.001670517934140705,5.447237150210424,2.997925060509231,-0.001512060826531634,0.005426299394721978,0.00015845710760907105
6.23,5.457108198967734,2.9997121465802756,-0.0013237429362952932,5.46748875801354,2.997940323468057,-0.0011857127474832986,0.010530686741351153,0.0001380301888119946
6.260000000000002,5.470326772316841,3.001869107766619,-0.0011010178348351404,5.46748875801354,2.997940323468057,-0.0011857127474832986,0.00484661441114967,8.469491264815818e-05
6.300000000000001,5.491940570652532,3.000029656092528,-0.0011453255715618415,5.48699180983072,2.9978865932940533,-0.0011953647413021626,0.005392861191399465,5.003916974032118e-05
6.330000000000002,5.507098945396681,2.9998274876242146,-0.000690925327586147,5.506235502883291,2.9978609775686436,-0.0007114286115261184,0.002147718504039009,2.050328393997142e-05
6.359999999999996,5.517204399291241,2.999765958594446,-0.0005827911670377016,5.525623330393372,2.9977706064258776,-0.0006716680098769185,0.008652157602530615,8.887684283921682e-05
6.400000000000002,5.542305614244607,2.999722577407201,-0.001075948578332,5.545164890506508,2.997720293902908,-0.0006661486120004916,0.003490644635799538,0.0004097999663315085
6.429999999999996,5.557321847943989,2.999716789118822,-0.0008108512229005459,5.545164890506508,2.997720293902908,-0.0006661486120004916,0.012319805488881702,0.0001447026109000543
6.459999999999997,5.570389830166046,3.0018964053171593,-0.0009446398525558416,5.564854940115412,2.997675597742257,-0.0008716756941951242,0.0069606195454829265,7.296415836071746e-05
6.4999999999999964,5.592032755004246,3.0000346837541567,-0.0006432908766424571,5.5845643658584905,2.9976036397526946,-0.0007358235699469266,0.007854095197378817,9.253269330446949e-05
6.529999999999998,5.607213995009475,2.999827348751928,-0.0009697176781835039,5.604442354527307,2.9975528198110637,-0.0009901859198001353,0.003585452951193322,2.0468241616631482e-05
6.559999999999999,5.622285160550091,2.99972645801709,-0.0009503403608039495,5.624335289916849,2.9974364753625133,-0.000982790532691148,0.0030736055340112515,3.245017188719854e-05
6.599999999999998,5.642294731675905,2.9997079491951246,-0.0011195065220572363,5.644326797846015,2.997400922772787,-0.001040112044070265,0.003074355840346109,7.93944779869714e-05
6.629999999999999,5.657295498691117,2.999704853752558,-0.001033600401489878,5.644326797846015,2.997400922772787,-0.001040112044070265,0.01317176144520137,6.511642580386964e-06
6.66,5.670374853996263,3.0019268394336516,-0.0010660331562890168,5.6643158467481545,2.9973878431083314,-0.0010757017105332437,0.00757060476275838,9.668554244226905e-06
6.699999999999999,5.6919950399607835,3.000020718468366,-0.0010608511268758857,5.684312095906238,2.997364502669826,-0.0011156267654753725,0.0081291519676834,5.477563859948684e-05
6.73,5.707169602984704,2.9998117477118327,-0.001119101877318631,5.704314331731929,2.9973367228185124,-0.001139554084821826,0.0037786667158509115,2.045220750319498e-05
6.760000000000002,5.722255974529,2.999705551839527,-0.0011230289897223432,5.724314202224863,2.9973155098587974,-0.0011496818882086616,0.003154140440384276,2.6652898486318388e-05
6.800000000000001,5.742266714953707,2.9996847105928945,-0.0011815828866956334,5.7443153948607755,2.9972929299990336,-0.0011575326802549443,0.003149238601757045,2.405020644068905e-05
6.830000000000002,5.7572681448359395,2.9996750083137282,-0.001140167384939563,5.7643178301552975,2.9972681346492336,-0.0011628459569850843,0.007449235124414441,2.2678572045521346e-05
6.859999999999996,5.77025601049176,3.001931786072271,-0.0011116066026648074,5.7643178301552975,2.9972681346492336,-0.0011628459569850843,0.007550604631680318,5.123935432027691e-05
6.900000000000002,5.791972705890541,2.999996527765646,-0.0011794637121007167,5.784317957015163,2.9972460994841574,-0.0011862100632938199,0.008133881980746771,6.74635119310321e-06
6.929999999999996,5.807152976827902,2.9997850255242615,-0.0011881214433441944,5.8043251975127905,2.9972293401833805,-0.0012085729412800027,0.003811543442828499,2.045149793580836e-05
6.959999999999997,5.822239085599174,2.9996752670554403,-0.0014252547913721901,5.824524759451008,2.997163227663578,-0.0016488712767557096,0.003396269551026328,0.00022361648538351945
6.9999999999999964,5.842237757150865,2.999649790377592,-0.0014276960900336387,5.844909475645309,2.997060608821604,-0.001911885812087067,0.0037204758893757323,0.0004841897220534282
7.029999999999998,5.857253453469675,2.9996391470149555,-0.00177024558525525,5.844909475645309,2.997060608821604,-0.001911885812087067,0.012610418222367149,0.00014164022683181695
7.059999999999999,5.8702480629430225,3.0019587999433424,-0.0016479231233747635,5.865288763046815,2.9970106967292622,-0.0017031038834513018,0.0070055963970040965,5.5180760076538327e-05
7.099999999999998,5.89192310987916,2.999976814709859,-0.001768225515085444,5.885802832422812,2.9969678155752573,-0.0017297286085284735,0.006819961285426215,3.8496906556970394e-05
7.129999999999999,5.907101312862678,2.9997464966911176,-0.001982131145650225,5.906608306285665,2.9968754205725823,-0.002002634755434785,0.002913096902508076,2.0503609784559926e-05
7.16,5.922144567869332,2.9996492096515666,-0.0022385185544528522,5.927555891809618,2.9967451144819552,-0.0023051017576952914,0.006141351279716023,6.65832032424392e-05
7.199999999999999,5.937157920612973,2.9996217175862605,-0.0022293217651929284,5.948565444060327,2.996651462561964,-0.0020468822270958394,0.011787875385805219,0.00018243953809708897
7.23,5.9571371049442785,2.999623335133172,-0.0017966283563923403,5.969553107127006,2.996601836997391,-0.0016040051591857522,0.01277836300885323,0.00019262319720658814
7.260000000000002,5.970058422246634,3.0019495041967788,-0.0015338271550979356,5.969553107127006,2.996601836997391,-0.0016040051591857522,0.005371488419938347,7.017800408781662e-05
7.300000000000001,5.9918789560006145,2.9999733058457383,-0.001110295430616539,5.989972235804835,2.996574109186457,-0.00122901833469356,0.0038974504273257683,0.00011872290407702107
7.330000000000002,6.006981262679236,2.999759369114167,-0.001321697270764546,6.009668816031309,2.9965621541225835,-0.0013426488125114157,0.004176736372173998,2.095154174686976e-05
7.359999999999996,6.022189293179447,2.9996529250214454,-0.0012148779387199514,6.029064782495334,2.996592703997563,-0.001415844561553885,0.007525776109338655,0.00020096662283393364
7.400000000000002,6.037200376680006,2.9996292558324957,-0.0013304720451263318,6.048374678239005,2.9965494406275552,-0.0014675092929247425,0.011590956691664532,0.0001370372477984107
7.429999999999996,6.057266767215979,2.9996074866604374,-0.0011583808914949608,6.048374678239005,2.9965494406275552,-0.0014675092929247425,0.009403238373754194,0.00030912840142978165
7.459999999999997,6.070144065247043,3.001998680120565,-0.0014191476982902817,6.067925427128197,2.9964346810712525,-0.0013645793300003102,0.0059900284242356576,5.45683682899715e-05
7.4999999999999964,6.09196055209006,2.9999749098960886,-0.0011165937357042323,6.087617824287162,2.9963519995741996,-0.0012450058773577695,0.005655507401685121,0.00012841214165353726
7.529999999999998,6.107142710293646,2.999762344639168,-0.0013908415920175906,6.107413026672982,2.996299571939397,-0.0014115887075914072,0.0034733076044621758,2.0747115573816572e-05
7.559999999999999,6.12223152568766,2.999649715774558,-0.0014780758530256865,6.1272979455988885,2.996248566326144,-0.0015092175599462894,0.006102165868553839,3.114170692060294e-05
7.599999999999998,6.14225045211049,2.999625294674738,-0.001319511029921074,6.147160164205662,2.996165419237405,-0.0014499979210704857,0.0060063309015849515,0.0001304868911494116
7.629999999999999,6.1572539907933646,2.999621750763081,-0.0012933167204826758,6.147160164205662,2.996165419237405,-0.0014499979210704857,0.010669187541607486,0.0001566812005878099
7.66,6.170099862148163,3.0020732283466454,-0.0014488652517763011,6.167097498310439,2.9961109780548294,-0.0013534479111433461,0.006675523736481783,9.541734063295499e-05
7.699999999999999,6.191922200692414,2.9999735393984226,-0.0014761613511459902,6.187094182237654,2.996046853871281,-0.00143569803309478,0.0062232323939059135,4.046331805121028e-05
7.73,6.207113197295021,2.999749345492503,-0.0014214344274327685,6.207091216854112,2.996023005472446,-0.0014418876317061175,0.00372640484714962,2.0453204273349025e-05
7.760000000000002,6.222209850709795,2.9996334672440503,-0.0014514778134806082,6.227091180656753,2.9959934941235353,-0.0014472670340280366,0.006089071059623107,4.210779452571648e-06
7.800000000000001,6.242220698584051,2.9996113593965643,-0.0015075062052720266,6.247090246981635,2.995965578399919,-0.0014721328391239122,0.0060831094574992734,3.5373366148114434e-05
7.830000000000002,6.25722100121498,2.9996003641202136,-0.0014549390258200145,6.267092143464202,2.995935377663014,-0.0014943376441686617,0.010529557209866118,3.939861834864719e-05
7.859999999999996,6.270038245512732,3.002111962111744,-0.0015234042267441982,6.267092143464202,2.995935377663014,-0.0014943376441686617,0.006843223855219465,2.906658257553654e-05
7.900000000000002,6.291901800680048,2.9999618552011134,-0.0014444739421581444,6.287097766256375,2.9959034325423195,-0.0014983558585982854,0.006288842597906626,5.3881916440140986e-05
7.929999999999996,6.3071012771059225,2.999726545558987,-0.001508080904466038,6.30711141261277,2.995884400834938,-0.0015285210851791067,0.0038421580926660233,2.0440180713068683e-05
7.959999999999997,6.3221724548212155,2.9996086253502035,-0.0019186131304759903,6.327314477916623,2.9958905987437814,-0.0015860450208954539,0.0063454017492801185,0.00033256810958053637
7.9999999999999964,6.342175364069421,2.9995843302766336,-0.001962204927101265,6.3475550428408765,2.9957961991606816,-0.0019417611230393228,0.0065795806124473305,2.0443804061942225e-05
8.029999999999998,6.357180611372713,2.9995627302136905,-0.0019606883007638595,6.3475550428408765,2.9957961991606816,-0.0019417611230393228,0.010336262657961087,1.8927177724536656e-05
8.059999999999999,6.369893883534118,3.002075689000955,-0.0018829595251581143,6.367816954573975,2.9957287425695176,-0.0019302723628955628,0.00667812570329562,4.7312837737448514e-05
8.099999999999998,6.391837352373855,2.9999377326416994,-0.0018361918074462768,6.388267926999444,2.995697348326776,-0.0019102318102351844,0.00554271202947942,7.40400027889076e-05
8.129999999999999,6.407067530771928,2.9997002700889506,-0.0019099125741778987,6.40884201422963,2.995667247916509,-0.0019301183576270974,0.004406138829526424,2.0205783449198664e-05
8.16,6.42213064481264,2.9995858073911283,-0.001828532122288131,6.429738883718505,2.995647576288322,-0.001902297934572767,0.008567086054653133,7.37658122846362e-05
8.2,6.4421326204824085,2.999563471035891,-0.002014831864767654,6.450902077159854,2.9956128803181694,-0.0019184125450917326,0.009618239830475014,9.641931967592152e-05
8.23,6.457157532820188,2.999546402276595,-0.0019592754654258046,6.4722762155813,2.995589935347154,-0.001991121816738706,0.015627802116578344,3.1846351312901384e-05
8.260000000000002,6.469837339457879,3.002115241007853,-0.0019983718273057353,6.4722762155813,2.995589935347154,-0.001991121816738706,0.0069661848031006245,7.250010567029334e-06
8.3,6.491823949594049,2.9999235907047312,-0.0017620670970716755,6.493508136358797,2.995576533723429,-0.0018357783650356973,0.0046619083492969475,7.371126796402181e-05
8.330000000000002,6.50699811982223,2.9996809321340914,-0.0014560031258734195,6.513654390665923,2.9955750246923554,-0.0014765600267043363,0.00782076834235037,2.0556900830916722e-05
8.359999999999996,6.522227305442935,2.999562096200094,-0.001509418629357786,6.533091638520806,2.995506677780728,-0.001706850272206464,0.011596557755776104,0.00019743164284867802
8.400000000000002,6.54225815387835,2.9995374040882834,-0.0020824931936193744,6.55246019732056,2.99550686851623,-0.001975046050345038,0.010969362214564604,0.0001074471432743365
8.429999999999996,6.557255939858781,2.999521389600414,-0.0020394991719916004,6.55246019732056,2.99550686851623,-0.001975046050345038,0.006254240643615992,6.445312164656252e-05
8.459999999999997,6.569980171145368,3.0021783177417714,-0.0016823333282278273,6.571855986692905,2.9953890211600225,-0.001804966806898726,0.00704366609396903,0.00012263347867089874
8.499999999999996,6.586452453752273,3.0005209949082987,-0.00174104819019534,6.591424973937548,2.995261414908606,-0.0017615237254669847,0.007238034178293402,2.0475535271644767e-05
8.529999999999998,6.607213560359542,2.999655552535901,-0.001734762341290843,6.611157084844754,2.9951434116670432,-0.0017552365950618035,0.005992562105300742,2.0474253770960552e-05
8.559999999999999,6.622282136934268,2.9995339765940536,-0.0019874059840331985,6.631018331978932,2.9951104445050007,-0.002040521517508919,0.009792279612087522,5.3115533475720476e-05
8.599999999999998,6.642293746725587,2.9995083901622492,-0.0022264979138308513,6.650852088310546,2.9950640877541805,-0.002212052612095074,0.00964349700986154,1.4445301735777506e-05
8.629999999999999,6.6572793088722,2.999487547731297,-0.0022539969738963454,6.650852088310546,2.9950640877541805,-0.002212052612095074,0.007802317752904994,4.194436180127159e-05
8.66,6.669884638665579,3.002122003303331,-0.002289891871697549,6.670741625842105,2.9950431466423906,-0.002266625535843795,0.007130542661457772,2.3266335853753747e-05
8.7,6.691922284815558,2.9998603372469663,-0.002278254068801957,6.690698605050395,2.994994826897219,-0.0023027129531694194,0.005017029313365493,2.445888436746228e-05
8.73,6.70713895064706,2.9996084730916817,-0.002233999394886734,6.710711156277305,2.994946980143331,-0.0022544604392337316,0.005872833181035632,2.0461044346997692e-05
8.760000000000002,6.722250399647324,2.9994858745039936,-0.002280014903887253,6.730714096189251,2.9948993639132735,-0.0022540429006292955,0.009626538243450614,2.597200325795768e-05
8.8,6.742264252844144,2.9994595779718036,-0.002223735557645725,6.7507160396943435,2.9948538410787964,-0.0022537370279735276,0.009625253933731218,3.0001470327802732e-05
8.830000000000002,6.7572654817835645,2.999442268872923,-0.0022327365822322883,6.770718935725632,2.9948086597013046,-0.002252499020065321,0.014229046240933773,1.976243783303284e-05
8.859999999999996,6.769852001006571,3.0021285961606927,-0.002258612948341689,6.770718935725632,2.9948086597013046,-0.002252499020065321,0.0073710952765916726,6.113928276367964e-06
8.900000000000002,6.79191598857055,2.999828004131657,-0.002221559498779293,6.790722663758393,2.994763670013242,-0.0022508649802007613,0.005203028365313212,2.9305481421468098e-05
8.929999999999996,6.807135784282355,2.9995711860939074,-0.002226720038071186,6.810727295752014,2.994718101173901,-0.0022471711132457895,0.006037498478466346,2.045107517460341e-05
8.959999999999997,6.822252308804629,2.9994460680690085,-0.0022207158139977,6.830733516822136,2.9946683680789996,-0.002234741133174646,0.009734336476142334,1.4025319176946133e-05
8.999999999999996,6.842272019377142,2.9994196687506003,-0.002255300929725437,6.850753729725664,2.99463234179387,-0.0022294081078259235,0.009739502545143806,2.5892821899513307e-05
9.029999999999998,6.857281887796071,2.999404184370692,-0.0025537934949295257,6.850753729725664,2.99463234179387,-0.0022294081078259235,0.00808624321735309,0.00032438538710360216
9.059999999999999,6.8697629116878005,3.002139734271617,-0.002624836532358412,6.870938515100113,2.9945393377463403,-0.0025493106469673572,0.007690778291205605,7.552588539105464e-05
9.099999999999998,6.886305195349621,3.0004230855429594,-0.0021851654189952293,6.891115283071171,2.994455336680101,-0.00220560707152174,0.007664918158672955,2.0441652526510638e-05
9.129999999999999,6.907119428005897,2.999530476215749,-0.0021638607158597904,6.911609441983254,2.994397436985891,-0.002184267107172189,0.00681970067173941,2.040639131239844e-05
9.16,6.922184582334613,2.9994075091895476,-0.002809936945807625,6.93225548334879,2.9942502777695976,-0.0024316018954605332,0.011314596022672095,0.00037833505034709156
9.2,6.93637667587798,2.9993749840158785,-0.0023195749139874452,6.9525221229156235,2.994111127833611,-0.0022463387211017496,0.0169818621462117,7.323619288569566e-05
9.23,6.949518447679676,2.999383444338991,-0.0022076499275768954,6.972529083963204,2.994019531238573,-0.0025909678324806135,0.023627546337308573,0.00038331790490371814
9.260000000000002,6.964906368927888,3.0021757952312784,-0.0027165722788770733,6.972529083963204,2.994019531238573,-0.0025909678324806135,0.01116379983824214,0.0001256044463964598
9.3,6.983413093721864,2.999784455267203,-0.002968668783351848,6.992517275110068,2.99394533121208,-0.002962437104605375,0.010815798097248693,6.23167874647286e-06
9.330000000000002,6.995645746946941,2.9995119811386557,-0.0030442060177521954,7.0124923833441795,2.9938951055496577,-0.0030648183299986,0.017758334642725693,2.061231224640466e-05
9.359999999999996,7.007643390524343,2.999392451647345,-0.0026007414797559326,7.031926200306605,2.993904739490475,-0.0023380441547446646,0.024895176955349797,0.000262697325011268
9.400000000000002,7.022309722673963,2.9993764624033683,-0.0020904217667818267,7.049240856632162,2.99399347734861,-0.0022962850699388775,0.027463839942262015,0.00020586330315705082
9.429999999999996,7.03285290813634,2.9993629318495216,-0.0024436408917076343,7.049240856632162,2.99399347734861,-0.0022962850699388775,0.017245170267036567,0.00014735582176875683
9.459999999999997,7.033341216014569,3.006664926755775,-0.0026286922401061582,7.063649827005613,2.994081430960498,-0.002647582909654529,0.03281701184806748,1.889066954837088e-05
9.499999999999996,7.056153563778186,2.9997701478009624,-0.0028758540607851228,7.076400867538788,2.994135583013262,-0.0028455311070468858,0.02101669883499491,3.0322953738236985e-05
9.529999999999998,7.065264004947201,2.999520381189798,-0.002726007333285498,7.0878914351982845,2.9942025410633506,-0.002746260888529597,0.023243924440122125,2.0253555244098987e-05
9.559999999999999,7.074486904967877,2.9993844482508596,-0.0025895160021817817,7.099093938263174,2.9941242897047275,-0.0022867331996727883,0.02516297588772621,0.0003027828025089934
9.599999999999998,7.085017936443998,2.9993561238280333,-0.002006658379639827,7.109292886553314,2.993927452380184,-0.002143843949270138,0.024874558820178215,0.00013718556963031097
9.629999999999999,7.092407252376346,2.9993500245408544,-0.0022369305110702805,7.109292886553314,2.993927452380184,-0.002143843949270138,0.017734963501402207,9.308656180014247e-05
9.66,7.097306694466113,3.0022135760566657,-0.002600918754535677,7.119051771178667,2.993869211365774,-0.0024874290694749815,0.023291131001509764,0.00011348968506069528
9.7,7.107998825436787,2.99978536334476,-0.0021940694657395913,7.127874842943485,2.9937887703939086,-0.002246807151033923,0.0207609055425042,5.273768529433188e-05
9.73,7.114079421417916,2.999519132268119,-0.002334857888514243,7.135732933036491,2.993730284507172,-0.00235547580300797,0.02241395377471754,2.0617914493726956e-05
9.760000000000002,7.120177784796622,2.9993871787215296,-0.002624374539068566,7.143336169645024,2.9937387544164302,-0.002547902453186374,0.023837270941051838,7.647208588219172e-05
9.8,7.126646837201813,2.999370212257553,-0.0023419063362992284,7.149446687227673,2.993731052185702,-0.0025336260355355166,0.02348687479248117,0.00019171969923628815
9.830000000000002,7.131015180062873,2.9993622983230965,-0.0025474931424311472,7.155299478457568,2.9937286261223317,-0.00266450825114248,0.024929207989590734,0.00011701510871133273
9.859999999999996,7.1329445976376,3.0022071002012667,-0.002684354528889667,7.155299478457568,2.9937286261223317,-0.00266450825114248,0.02390868501574581,1.984627774718724e-05
9.900000000000002,7.139558820165573,2.999781072230092,-0.0024506816435887055,7.1601731164189815,2.9937397136380697,-0.00253435018691503,0.021481322670187233,8.366854332632475e-05
9.929999999999996,7.142648056793881,2.999518643288993,-0.002540272743129581,7.16411223638779,2.9937208204360886,-0.0025611137860570956,0.0222334377790125,2.0841042927514583e-05
9.959999999999997,7.145763161902583,2.9993866510499827,-0.0028304753411507308,7.16767257566615,2.9937076307914103,-0.0026101470091221663,0.022633463777345958,0.00022032833202856447
9.999999999999996,7.14820211969386,2.9993697028478894,-0.002577010381818525,7.1697862447596235,2.993697284016164,-0.0026070621823558343,0.022317051558327458,3.0051800537309308e-05
10.029999999999998,7.149113252557878,2.9993679718063775,-0.002568853018346708,7.1697862447596235,2.993697284016164,-0.0026070621823558343,0.021436634684284906,3.8209164009126145e-05
10.059999999999999,7.148448679045792,3.002186147305616,-0.002609851986117253,7.1716803864575525,2.99371201139595,-0.0026759079199666232,0.02472899530270353,6.605593384937042e-05
10.099999999999998,7.151172620002657,2.999780342107796,-0.002395509849879975,7.17273222273031,2.9937267301463963,-0.00248366369282719,0.022393362578081194,8.815384294721474e-05
10.129999999999999,7.151236257832653,2.9995164964332477,-0.0024198866550885897,7.17254014829314,2.9936912534355584,-0.002440312015485155,0.022085950392377623,2.0425360396565152e-05
10.16,7.151344658018272,2.9993915660363717,-0.0024804242191484712,7.172383732023372,2.993685424446542,-0.002530481900173859,0.021799144176670147,5.005768102538761e-05
10.2,7.151374766434956,2.999374419926792,-0.0025428895540672977,7.1722534539241485,2.9936856043100843,-0.002564482202869898,0.021639829352198152,2.1592648802600152e-05
10.23,7.151396565109503,2.999369374448459,-0.0025422730650181543,7.172107734548995,2.993670231030458,-0.002607951093137658,0.021480986365860773,6.567802811950369e-05
10.260000000000002,7.148791474441564,3.002228576627844,-0.002632091043927656,7.172107734548995,2.993670231030458,-0.002607951093137658,0.024837336104374615,2.4139950789997793e-05
10.3,7.151019490508505,2.9997856626916115,-0.002539899371121603,7.171990350997418,2.9936641309175904,-0.002612577869073304,0.021846055499925132,7.267849795170077e-05
10.330000000000002,7.15126644973117,2.999527730387952,-0.0026328882469032885,7.171920629825909,2.9936566779325333,-0.0026532752382632282,0.02147241049160933,2.0386991359939727e-05
10.359999999999996,7.151414007074004,2.999392233422103,-0.0025657185372844464,7.171705896162293,2.993632998960116,-0.0025307144396971713,0.021093353084788227,3.5004097587275004e-05
10.400000000000002,7.1514270516454435,2.999369905154875,-0.00255935241233858,7.171608243540439,2.9935786721159765,-0.0025834167102794284,0.020995687328912934,2.4064297940848498e-05
10.429999999999996,7.151427972717965,2.9993666046397434,-0.0026070441176555123,7.171608243540439,2.9935786721159765,-0.0025834167102794284,0.020993891810907647,2.3627407376083844e-05
10.459999999999997,7.144625973899819,3.0069061066401237,-0.0026113042414843265,7.171586768450758,2.9935609061124,-0.002631784021497944,0.030082865886465616,2.0479780013617395e-05
10.499999999999996,7.151029287732826,2.9997905365036406,-0.002667988930140154,7.171578535698877,2.9935536805414977,-0.0026454532914763577,0.021474868201289125,2.2535638663796504e-05
10.529999999999998,7.151257497480184,2.999530311812504,-0.0026388058190773413,7.171570134027724,2.9935505636028643,-0.0026592785452764778,0.021174526964329848,2.0472726199136527e-05
10.559999999999999,7.151372933633031,2.9993924946022483,-0.0026370979032015033,7.1715622225965365,2.993549251070513,-0.0026711554472881155,0.021017870582509143,3.405754408661223e-05
10.599999999999998,7.15138312114483,2.99937285532601,-0.0026231089944154925,7.171554584765196,2.9935485659891095,-0.0026813898876691415,0.020995482630024678,5.828089325364896e-05
10.629999999999999,7.151380364384163,2.9993695379252143,-0.002665496284673676,7.171554584765196,2.9935485659891095,-0.0026813898876691415,0.02099721129729816,1.5893602995465522e-05
10.66,7.148798963221935,3.0022109736854783,-0.002725107794425654,7.171547130503245,2.9935480948483097,-0.002690218128215156,0.024341827877255046,3.4889666210498414e-05
10.7,7.150993065122881,2.9997829154302984,-0.0027001423298269175,7.1715398202014775,2.9935476989828005,-0.002697832106677572,0.02147200662273974,2.3102231493455153e-06
10.73,7.15122029513527,2.999526820963019,-0.0026839305468886045,7.171532632362995,2.9935473297114408,-0.0027044011515277772,0.021174167262976405,2.0470604639172794e-05
10.760000000000002,7.151337398551391,2.9993919476696957,-0.0026579547628959436,7.171525552406308,2.993546969784132,-0.0027100742690195374,0.02101726248950001,5.211950612359377e-05
10.8,7.151348628431033,2.9993716113314837,-0.0027153177447014195,7.171518567713354,2.993546613246328,-0.0027149809282657963,0.020994214758942406,3.3681643562318703e-07
10.830000000000002,7.151345371016626,2.9993697020467596,-0.002696711548455479,7.1715116671492956,2.993546258182465,-0.002719232988812597,0.02099028342236231,2.252144035711813e-05
10.859999999999996,7.148777265402986,3.002207877778739,-0.0026478662621020736,7.1715116671492956,2.993546258182465,-0.002719232988812597,0.02432851571290715,7.136672671052358e-05
10.900000000000002,7.151066893907903,2.999777191890818,0.0006756967374084578,7.171028820240731,2.9934226614476183,-0.0002650842407618088,0.020948951288090503,0.0009407809781702666
10.929999999999996,7.151057226678889,2.999289136752577,0.009474486764438558,7.168311176372465,2.991875452397278,0.009454226429104604,0.018779283685712488,2.0260335333954424e-05
10.959999999999997,7.151498127893455,2.999232810568093,0.02075964690282332,7.162746973777784,2.988000316086646,0.026374670876108643,0.0158967124275783,0.005615023973285324
10.999999999999996,7.151654069704772,2.9991563780700825,0.04307785424684156,7.15489732796559,2.9820715112225966,0.049641126779050415,0.017389979854579577,0.006563272532208855
11.029999999999998,7.151493152839137,2.9988555535630463,0.06197928215764574,7.15489732796559,2.9820715112225966,0.049641126779050415,0.01712578423248313,0.012338155378595325
11.059999999999999,7.14931686587601,3.00203944013748,0.08053050868778305,7.1463333326999985,2.974751523591061,0.07431183924707964,0.027450534779065606,0.006218669440703414
11.099999999999998,7.151714270753578,2.99977066349258,0.10410187475813175,7.138114392797944,2.967983143671087,0.09813544582383105,0.03457460190385334,0.005966428934300702
11.129999999999999,7.152051041051644,2.9995051093092133,0.1224478090608843,7.13011974085148,2.9609083293923204,0.12242614615527257,0.044392492027625255,2.166290561173012e-05
11.16,7.1521872466839564,2.9994107708058744,0.13440321208631995,7.122573097840271,2.9543929736150134,0.14611400487744064,0.053885061711511875,0.011710792791120694
11.2,7.152416829381853,2.999476867116082,0.16345360197725442,7.115589487375365,2.9479730506891824,0.16896029048817535,0.06331584498211014,0.005506688510920926
11.23,7.152715217718024,2.9995843507021314,0.1797179219189285,7.109666668651553,2.9423994400740807,0.18967297780881834,0.07157717220082471,0.009955055889889847
11.260000000000002,7.150299462390617,3.00241502710747,0.19474509689295652,7.109666668651553,2.9423994400740807,0.18967297780881834,0.07247685571272856,0.0050721190841381825
11.3,7.152822953304418,3.0001768619403246,0.21117479265540157,7.105881721501496,2.938932621510552,0.20697961944577617,0.07716434558133364,0.004195173209625397
11.330000000000002,7.153227445144577,3.000306969586562,0.22669255784424722,7.105740844347735,2.9388721279042724,0.22666394628088454,0.07764803299354504,2.8611563362673786e-05
11.359999999999996,7.15204427627174,2.9995630120335752,0.24103455631630238,7.108371966484995,2.942983890080813,0.24458353070607258,0.07147354533710314,0.0035489743897701986
11.400000000000002,7.151075440270078,2.999383095260931,0.25889194895945616,7.113569561499624,2.9522431856360822,0.2644334659700416,0.06024003670137421,0.005541517010585417
11.429999999999996,7.151157717942889,2.9999375051767805,0.27599655394559763,7.113569561499624,2.9522431856360822,0.2644334659700416,0.06072575747780832,0.011563087975556052
11.459999999999997,7.148018687141969,3.0018823393770337,0.2947546014404914,7.120316428107257,2.9635485075723182,0.28848106561262715,0.04729585411490606,0.006273535827864274
11.499999999999996,7.150094091220113,2.999230444285295,0.32218295615972936,7.126973505339151,2.974885547232464,0.3153861825839131,0.03357432804974497,0.006796773575816262
11.529999999999998,7.1502083366958225,2.9988516721072793,0.34457997233693183,7.1330936139668175,2.9857254214607325,0.3445616601784715,0.021568778132446193,1.831215846032075e-05
11.559999999999999,7.150325648567711,2.9986484931772655,0.36456663998626754,7.139750605619338,2.9949255106592623,0.37089236424087596,0.011211250250944028,0.0063257242546084225
11.599999999999998,7.150381479062296,2.9985635367625068,0.3898905066141727,7.145860205015816,3.003915371894672,0.3958897262396468,0.007006001590440444,0.005999219625474117
11.629999999999999,7.150309099107284,2.998502311853921,0.4080053209081567,7.145860205015816,3.003915371894672,0.3958897262396468,0.007006702337182385,0.012115594668509921
11.66,7.147722977213261,3.0014007639906066,0.42600290401910357,7.151817888478251,3.012751075778246,0.4199660293836224,0.012066394488196082,0.006036874635481193
11.7,7.149889578165702,2.9989973727494683,0.45016273603473517,7.157401612198437,3.021457609449013,0.4440458625631976,0.02368317731869053,0.006116873471537554
11.73,7.150019158367556,2.9986605187681397,0.4683504501593246,7.162509643900065,3.029695833972916,0.4683299782095475,0.03345449175667789,2.0471949777056686e-05
11.760000000000002,7.1501816785252235,2.9985447233156552,0.4870331890424194,7.167030329718351,3.03691026758327,0.49384571676167327,0.041902172186868536,0.006812527719253891
11.8,7.150192294677619,2.9984677353724507,0.5137016015940006,7.171059864041578,3.0423654649698437,0.520482403564448,0.048605206665186564,0.006780801970447392
11.830000000000002,7.150119322565095,2.9981795287373125,0.5341426064007289,7.174422850251146,3.046034224377508,0.5480023135895774,0.05367246363641579,0.013859707188848547
11.859999999999996,7.1475748175000975,3.0012186111816948,0.5548633483185821,7.174422850251146,3.046034224377508,0.5480023135895774,0.052242282192856926,0.006861034729004678
11.900000000000002,7.149796653113851,2.9987750704772225,0.5843243141500536,7.176933926262923,3.047788106308714,0.5770131467418054,0.05602418473647266,0.00731116740824822
11.929999999999996,7.149938092886602,2.9981415634926023,0.6078912054139516,7.178795467305251,3.046990464852117,0.6078712355295173,0.05673590769847348,1.9969884434312135e-05
11.959999999999997,7.150176201868225,2.998352664339417,0.6331466758341108,7.180111975425178,3.043595164273889,0.6427283829606368,0.05424974044890773,0.009581707126526062
11.999999999999996,7.15022822843631,2.9983168045850146,0.6715284048396422,7.180975176226245,3.037327179324637,0.6817748063168594,0.049670757350001746,0.010246401477217226
12.029999999999998,7.150239332414564,2.9979618684073195,0.7010823772373702,7.180975176226245,3.037327179324637,0.6817748063168594,0.04994316568293511,0.01930757092051083
12.059999999999999,7.147715889504735,3.001285866914248,0.7298596742496074,7.181935254044008,3.029923406350604,0.7202817903090923,0.044621447471373386,0.009577883940515064
12.099999999999998,7.149963946135232,2.998970780491452,0.7656983615171531,7.182719370760492,3.0221190083458445,0.7566913027076266,0.04010932927861021,0.009007058809526458
12.129999999999999,7.15024013636193,2.998695405738087,0.7912300264957666,7.183690961396046,3.013485708873558,0.7912095166270077,0.03657472846518698,2.050986875890004e-05
12.16,7.150362693971976,2.9986887607112576,0.8164647559517673,7.184369742244175,3.0050478212932044,0.8250667446856422,0.0345964880251235,0.008601988733874966
12.2,7.150395761948246,2.9987670317659756,0.8498505640442429,7.184927864686902,2.9964783436946094,0.8576048499395249,0.03460786345097113,0.007754285895282043
12.23,7.150449920965814,2.9987471879314893,0.8732664431443857,7.1857875625030205,2.987489429061996,0.8889226791097596,0.03708754567473781,0.01565623596537391
12.260000000000002,7.1479146350849,3.001727614373065,0.8967338318022552,7.1857875625030205,2.987489429061996,0.8889226791097596,0.04046090152444134,0.007811152692495549
12.3,7.150174632679157,2.9993698492513885,0.9272336535806276,7.186966513782394,2.9784054577292487,0.91967706942016,0.04234558096198861,0.007556584160467561
12.330000000000002,7.150437242885612,2.9992104730154066,0.9505135006050138,7.188185574177628,2.9695806512581897,0.9504932424499146,0.04798815325365432,2.0258155099206476e-05
12.359999999999996,7.150566209466288,2.9990839359853356,0.973811055083861,7.189692725998578,2.960952265509981,0.9812523473558924,0.05463431695548643,0.007441292272031386
12.400000000000002,7.150631972312078,2.999166322049099,1.0038890679950412,7.191286610572551,2.9530132412231116,1.0121423395360614,0.06150533701899411,0.00825327154102018
12.429999999999996,7.150657661477138,2.9993720952660343,1.0279620954929007,7.191286610572551,2.9530132412231116,1.0121423395360614,0.06164296271895648,0.015819755956839376
12.459999999999997,7.148130922309885,3.002219790401404,1.0516001569835693,7.192970480279247,2.9460825513444817,1.0436977072879707,0.07184688975746895,0.007902449695598612
12.499999999999996,7.150354838577719,2.9998855688925876,1.0825737667156416,7.195370959166019,2.939947376276358,1.074774042218362,0.07496024310873442,0.007799724497279614
12.529999999999998,7.150854558118726,2.9997658397378264,1.1042130173017743,7.199414133899931,2.9344889021083502,1.1041925526224392,0.08135791901427364,2.046467933514151e-05
12.559999999999999,7.150835125904608,2.9995109722760915,1.1249303094288323,7.2049982902159595,2.9301605067404917,1.1315630094330524,0.08799508758006239,0.006632700004220116
12.599999999999998,7.150776008729181,2.999334985059574,1.1518926730629515,7.209439673948872,2.929891893229457,1.1582422314139125,0.09090527278400327,0.00634955835096096
12.629999999999999,7.150373335346745,2.9998428830289465,1.171071869328523,7.209439673948872,2.929891893229457,1.1582422314139125,0.09155311753178821,0.012829637914610448
12.66,7.147797870017856,3.001940924786434,1.1897517849973833,7.21185646579587,2.933620266669348,1.1834998307902647,0.0936547703996056,0.00625195420711866
12.7,7.150047386556524,2.9993328242790205,1.210801979086232,7.214698363453982,2.9390810691160216,1.2054505163062978,0.08837433345727445,0.005351462779934257
12.73,7.150336377224097,2.9990269865565136,1.2233669031778196,7.217629386901173,2.9441589436548474,1.2233466638269042,0.08682655862844134,2.0239350915440824e-05
12.760000000000002,7.150481952301024,2.998630926592321,1.2351457065712448,7.221077039299407,2.9496866306414793,1.2379901092008734,0.08590233066938754,0.002844402629628595
12.8,7.150531892591651,2.9985797551657463,1.2478167600613825,7.224759618436456,2.9551576480717268,1.2499402680402518,0.08599555028358188,0.002123507978869288
12.830000000000002,7.150538905840688,2.99850097642178,1.2548168009923537,7.228222505929641,2.960076964639009,1.2591160204152423,0.08666687028076477,0.004299219422888578
12.859999999999996,7.147946065332521,3.001333923102631,1.2613100173107437,7.228222505929641,2.960076964639009,1.2591160204152423,0.09025765084806932,0.002193996895501371
12.900000000000002,7.150114841045788,2.99891936601995,1.2679080772556772,7.231479200544729,2.9648943444092297,1.2662566555335601,0.08819218271639961,0.0016514217221170746
12.929999999999996,7.150279663175736,2.998619699458224,1.2714930564004754,7.234310080853004,2.969559686574352,1.2714725959571769,0.08891341543224482,2.0460443298508935e-05
12.959999999999997,7.150432918222668,2.998496335863061,1.2743234523900093,7.2367021975908,2.9741869396353704,1.2749631335157245,0.08962887541217761,0.0006396811257152191
12.999999999999996,7.150443310302251,2.9984912064024334,1.2771992406354185,7.2387249597540295,2.978388095778652,1.277723985805501,0.0905416185335714,0.0005247451700824968
13.029999999999998,7.150391670342714,2.998422159734874,1.2787589076181791,7.2387249597540295,2.978388095778652,1.277723985805501,0.09057667324882973,0.001034921812678169
13.059999999999999,7.147896341073004,3.001314661804073,1.2803381739134756,7.240338957889732,2.982210816701021,1.2797685648254677,0.09439594430718891,0.0005696090880078497
13.099999999999998,7.150078508490881,2.9988760789848676,1.281333859010099,7.241612903378921,2.985927261133982,1.2810322225179376,0.09244575345171362,0.00030163649216152777
13.129999999999999,7.150285560996929,2.998545036199333,1.2821273717703954,7.242693600914246,2.989165769659096,1.2821069381008563,0.0928828104774684,2.0433669539077215e-05
13.16,7.150449494901389,2.998451300706674,1.2826060222893096,7.243655146536569,2.991970090917249,1.2826052424156629,0.0934307207350614,7.798736467723444e-07
13.2,7.150469637823296,2.998420638381792,1.2826742504432678,7.244417183051284,2.9943837336154386,1.2826749441910177,0.09403423767148579,6.93747749913598e-07
13.23,7.150440971177358,2.9983452955829644,1.2827470402219707,7.245050105693277,2.996437939799907,1.2828194677631197,0.09462835906816996,7.242754114900052e-05
13.260000000000002,7.147884228087697,3.0012447431677876,1.2828249732834025,7.245050105693277,2.996437939799907,1.2828194677631197,0.09728470141538256,5.505520282778065e-06
13.3,7.150091754705576,2.9987776191571798,1.2831427078731168,7.245495357750802,2.998254136685336,1.2830536964795312,0.09540503921653953,8.901139358563626e-05
13.330000000000002,7.150307314818457,2.9984458598173767,1.2832480341244685,7.245859013406056,2.999744874471753,1.2832276404848026,0.09556052815910772,2.0393639665883256e-05
13.359999999999996,7.150457537349013,2.998311724587085,1.2833477224343546,7.246247479526833,3.000985994918021,1.2833594494650333,0.09582726514011053,1.1727030678754247e-05
13.400000000000002,7.150475925153401,2.9982391658965346,1.283373631906431,7.24658552282458,3.002013993714788,1.28343627846451,0.09618369970828357,6.264655807886044e-05
13.429999999999996,7.150463192155517,2.998152860147758,1.283473274272056,7.24658552282458,3.002013993714788,1.28343627846451,0.09619984826222518,3.699580754612519e-05
13.459999999999997,7.147873728900565,3.001005163742617,1.2834905217156645,7.246834374922138,3.0027763918586077,1.283485820117756,0.09897649574543335,4.701597908551847e-06
13.499999999999996,7.15008839050192,2.9984827057985264,1.283773016107975,7.247007133492522,3.00330764885982,1.2837006818291545,0.09703876966668058,7.233427882047394e-05
13.529999999999998,7.150310570954134,2.998145185644923,1.2839299227306706,7.247144900654959,3.003552492186254,1.2839091318660516,0.09698518635668042,2.0790864619035787e-05
13.559999999999999,7.150450606051372,2.9980141892240395,1.2842409976270956,7.247275796649621,3.003587169196126,1.2844348360819289,0.09698544035140816,0.00019383845483322837
13.599999999999998,7.150472644711387,2.9979234643531605,1.2843635089826022,7.2474757987589635,3.003634981179921,1.2843141206290685,0.09717115477156896,4.938835353374138e-05
13.629999999999999,7.150465668633911,2.997872693059553,1.2845517756933007,7.2474757987589635,3.003634981179921,1.2843141206290685,0.09718111602189838,0.00023765506423223393
13.66,7.147897542951532,3.000705304433498,1.284341196657635,7.247672488065657,3.0036400356257706,1.2844766999521764,0.09981809615344057,0.00013550329454137255
13.7,7.150094716494548,2.9981878122486023,1.2842123844853996,7.247995129943714,3.003946536766534,1.284240723104905,0.09806963781717054,2.8338619505241525e-05
13.73,7.150344448882536,2.997951590658228,1.2839798535354707,7.248367765267061,3.0045699873530425,1.283958223140724,0.09824649474577024,2.1630394746674497e-05
13.760000000000002,7.150456715582498,2.9977702500809054,1.2841390954832623,7.248682030858313,3.005157125072026,1.284153859217781,0.09850268261914301,1.4763734518696836e-05
13.8,7.150470395707561,2.997699697671576,1.2842460023955318,7.249058333695921,3.005851847600265,1.2844297158734053,0.09892441086636077,0.0001837134778734928
13.830000000000002,7.150474409692732,2.9976876504130736,1.284731933803243,7.249308102963884,3.006449073979657,1.2851182758016049,0.09922127528171137,0.0003863419983618499
13.859999999999996,7.147890943646203,3.0005416785023904,1.285364135389401,7.249308102963884,3.006449073979657,1.2851182758016049,0.10158906203618878,0.0002458595877961045
13.900000000000002,7.1500926343031015,2.998083177895364,1.2855599210608264,7.24957927552845,3.006999789131697,1.2854547431563548,0.0998854230518199,0.00010517790447162056
13.929999999999996,7.150317634142597,2.997817643868538,1.2856382921367555,7.249835657811638,3.0075530509193977,1.285617799441739,0.09999307568745788,2.0492695016471885e-05
13.959999999999997,7.150449326840147,2.997672422404725,1.2859555917115988,7.25004671223603,3.0080701881275904,1.2858721340784605,0.10013866740537201,8.345763313832855e-05
13.999999999999996,7.150467741836584,2.9976391356825385,1.2864498335565977,7.250212170382687,3.0085665784284363,1.2863846215972912,0.10034121800612895,6.521195930653256e-05
14.029999999999998,7.150472187795492,2.9976357609752835,1.2865305902971056,7.250212170382687,3.0085665784284363,1.2863846215972912,0.1003371660786179,0.00014596869981442495
14.059999999999999,7.143679470736312,3.005106026132492,1.2867913835082125,7.250398343608448,3.009022328956778,1.2867708260118031,0.10679070771799709,2.0557496409390197e-05
14.099999999999998,7.149475349063841,2.998713423552785,1.2871164105586543,7.250582543119162,3.009492089111749,1.287095881557114,0.10168010779386662,2.0529001540259273e-05
14.129999999999999,7.1503439818363965,2.997772202569868,1.2872066985315578,7.2508115578112635,3.009903216537846,1.2871861909156832,0.10119730886815592,2.05076158745765e-05
14.16,7.150459618764316,2.997640375256644,1.2870978752416904,7.251080591939913,3.0103060028272113,1.28733398569318,0.10141498096711626,0.00023611045148963505
14.2,7.15047624440563,2.9975964524902485,1.2877292641845028,7.251266483324977,3.0108156676975613,1.2878961976423495,0.10165343040014041,0.00016693345784668523
14.23,7.150470047113199,2.9975888956576076,1.2879540018892057,7.251472002784532,3.0113121606999727,1.288315265541618,0.10192999093915871,0.0003612636524121804
14.260000000000002,7.147843795089307,3.00044728192431,1.2885786103094525,7.251472002784532,3.0113121606999727,1.288315265541618,0.10419621404319136,0.0002633447678346279
14.3,7.150086541567045,2.9979741002035696,1.2889411700065492,7.251660916480452,3.0118255801936558,1.2887876554205049,0.10251447281708567,0.0001535145860442899
14.330000000000002,7.150325958721673,2.9977167172208214,1.2887814289255775,7.251932450331809,3.0123493805096406,1.2887609417887298,0.1026547318551103,2.0487136847657794e-05
14.359999999999996,7.150452964142993,2.9975741223892833,1.2889563992358783,7.252187908848028,3.0127576811324834,1.2889440153329703,0.10286174911134285,1.238390290803082e-05
14.400000000000002,7.150469068889272,2.9975392199710806,1.2890472898045098,7.252379478944539,3.013236199542122,1.289418942891481,0.10311220512279923,0.00037165308697129085
14.429999999999996,7.1504606284939936,2.99753742170791,1.2894819032581446,7.252379478944539,3.013236199542122,1.289418942891481,0.10312082089786,6.296036666353366e-05
14.459999999999997,7.147834441973864,3.0003841452454783,1.2900219598335363,7.25259947919629,3.0137041247552303,1.2897816428382312,0.10560840344573168,0.00024031699530513428
14.499999999999996,7.150087743688886,2.9979349465265335,1.2900213303881374,7.2528295957323765,3.0141658496415835,1.290006286162199,0.1040160101967803,1.5044225938343203e-05
14.529999999999998,7.1503354476320204,2.9976655924208155,1.2899116405417366,7.253109325646883,3.0145756068651144,1.2898911501824297,0.10415574199591808,2.0490359306846173e-05
14.559999999999999,7.150452614843336,2.9975266177446556,1.2901367432807658,7.253333931245955,3.015097655239324,1.2900088604115758,0.10437100470616731,0.00012788286918996583
14.599999999999998,7.150568248060699,2.9989763767817177,1.289781190913257,7.253872133152441,3.0169864499238286,1.2901224641246423,0.10486207803411166,0.00034127321138521793
14.629999999999999,7.150772624312692,3.000569681573371,1.2903413765188378,7.253872133152441,3.0169864499238286,1.2901224641246423,0.10439836687453555,0.00021891239419558062
14.66,7.148073438996118,3.0049769497845142,1.2905530493271988,7.2545400379827845,3.0191605087942266,1.290378561760976,0.10740721598649544,0.00017448756622284733
14.7,7.150453340923903,3.006028163754318,1.2891783781392754,7.255517006606941,3.021953542894015,1.2893712887765656,0.10626378285897913,0.00019291063729021118
14.73,7.151054664304348,3.0088343399576334,1.2893875367924408,7.256706746862596,3.0258109035960508,1.2893671354942557,0.10700731873037542,2.0401298185035444e-05
14.760000000000002,7.150974254283385,3.011741343456693,1.2898975313982377,7.257971071983878,3.0301824403830824,1.2893701700166835,0.1085743664677854,0.0005273613815541811
14.8,7.151164925416047,3.017257467870117,1.2885847057652282,7.259748664479556,3.0354617892857862,1.2883594510566436,0.11009916306319992,0.00022525470858458796
14.830000000000002,7.151709437037265,3.0217782784958604,1.2882305356660655,7.2615819928971455,3.041208608582283,1.2881956279162066,0.11157740030333116,3.490774985892564e-05
14.859999999999996,7.148774083866584,3.0291800672747753,1.2882080230733632,7.2615819928971455,3.041208608582283,1.2881956279162066,0.11344738933018149,1.239515715667494e-05
14.900000000000002,7.1511886923147,3.034304493301925,1.2862356471254457,7.263686897915305,3.047719247307954,1.2867476859692513,0.11329519799355202,0.0005120388438055734
14.929999999999996,7.152158259554485,3.0400410102452544,1.284922392320714,7.2663276727749855,3.0547157422153632,1.2849022246823258,0.11510865594518954,2.0167638388191023e-05
14.959999999999997,7.151824903896333,3.046023923046442,1.2840105537991326,7.268789996403218,3.0620323185931504,1.2836307469686552,0.11805550217217278,0.0003798068304774471
14.999999999999996,7.152042303659778,3.055539499182569,1.2818204056154845,7.27146045486801,3.070648999148241,1.2813732650653067,0.12037022815964438,0.00044714055017780474
15.029999999999998,7.152856629215618,3.0630523114817203,1.2808209690659296,7.27146045486801,3.070648999148241,1.2813732650653067,0.1188468641693405,0.000552295999377117
15.059999999999999,7.149699238222089,3.0734863177788934,1.280408880351922,7.274066287867691,3.0800024953730727,1.2806441794647254,0.12453763932237696,0.00023529911280339988
15.099999999999998,7.152212357934438,3.082583190470912,1.2797267371801122,7.2769673345199175,3.0901974489515642,1.2799794229205375,0.12498712379702838,0.0002526857404252514
15.129999999999999,7.153474667442725,3.091273178819858,1.2795537322738215,7.280295406929129,3.10139131830363,1.2795329406641327,0.127223726994973,2.0791609688819435e-05
15.16,7.15292028532266,3.100239983995416,1.2798478976401062,7.283734272306091,3.113148369739643,1.2799317485348798,0.13144932716839294,8.385089477358498e-05
15.2,7.1531964498934455,3.113712448559895,1.279966022748813,7.2875126525358915,3.125908984299093,1.2800367382508875,0.13486881691600974,7.071550207449206e-05
15.23,7.154359419178796,3.12412643850967,1.2799641164672528,7.291457834561616,3.1391260562634673,1.280010236186055,0.1379165110972584,4.6119718802195564e-05
15.260000000000002,7.15092142125995,3.137612939948252,1.2800602361346933,7.291457834561616,3.1391260562634673,1.280010236186055,0.14054455871601715,4.9999948638301817e-05
15.3,7.153460545544927,3.1507215860860454,1.2805899355029093,7.295506544756683,3.1526476037096742,1.2804385777950147,0.14205905615606695,0.00015135770789465042
15.330000000000002,7.1549591696105885,3.162324644021943,1.2818034539373602,7.2995709669900535,3.1664942676431536,1.2817830396788625,0.14467189672656533,2.041425849763634e-05
15.359999999999996,7.154198535860555,3.1744877053582763,1.2833489574753265,7.303691622954674,3.180637850335524,1.2835373830563366,0.1496195420798067,0.00018842558101006546
15.400000000000002,7.154531978678973,3.1920921874094614,1.2843194094695698,7.307892104150973,3.19550756078453,1.2845625187025427,0.15339815142327737,0.00024310923297288234
15.429999999999996,7.155949685466131,3.20549533337529,1.285069467428165,7.307892104150973,3.19550756078453,1.2845625187025427,0.15227033262301845,0.0005069487256224026
15.459999999999997,7.152306804234623,3.2220586469950128,1.2860397240884824,7.312255441303963,3.211136887203018,1.2857392268920762,0.16032108824884303,0.0003004971964062353
15.499999999999996,7.154934818590676,3.23930534876739,1.2867554421373284,7.316932727339779,3.227771302585338,1.2865420100851392,0.162407994447356,0.00021343205218915529
15.529999999999998,7.156790659845592,3.2540268561431245,1.286816683659883,7.322134170528164,3.245721852254193,1.2867962290701827,0.1655519544264969,2.0454589700458214e-05
15.559999999999999,7.157063581760253,3.264040040590716,1.2868425813593547,7.327631875377003,3.2646413551137012,1.2871413659162885,0.1705693535383345,0.00029878455693377326
15.599999999999998,7.156064296184402,3.2890535474483493,1.2871400233341137,7.333258802681922,3.283827298068896,1.28704198526093,0.1772715623428522,9.803807318364832e-05
15.629999999999999,7.157604183826891,3.303859294636517,1.287022460565416,7.333258802681922,3.283827298068896,1.28704198526093,0.17679317297789357,1.9524695514139268e-05
15.66,7.1536933113936305,3.321730560715527,1.2870372224702993,7.338871502409115,3.3030253738997075,1.286985043737507,0.1861205159072532,5.217873279228513e-05
15.7,7.1562984528490166,3.3393599745775977,1.286934369518978,7.34447605161418,3.322224915482349,1.2869505304418742,0.18895612963653877,1.6160922896135688e-05
15.73,7.158076826799309,3.3539047773417985,1.2869517627308258,7.350075143548766,3.3414230518384422,1.286931348366403,0.19240360471198525,2.041436442268285e-05
15.760000000000002,7.157072396498426,3.368967554664622,1.2869339740785377,7.355675441223919,3.3606232085959276,1.286912407692363,0.19877826210516655,2.156638617467621e-05
15.8,7.157356605732852,3.3889439147834812,1.2869267112926024,7.361276439325603,3.379824731160468,1.2868976040582378,0.20412363420840132,2.910723436455598e-05
15.830000000000002,7.158891120292798,3.4037401291897202,1.2869120410298396,7.366878475930011,3.3990275437861497,1.2868864941809863,0.20804073775620613,2.5546848853252868e-05
15.859999999999996,7.154987128197079,3.421671308927658,1.2868360632165683,7.366878475930011,3.3990275437861497,1.2868864941809863,0.21309782576052255,5.043096441803563e-05
15.900000000000002,7.1576203755939805,3.4393365063184516,1.286911630608121,7.372481451917535,3.418231624555292,1.286878465023335,0.2158951091459769,3.316558478605458e-05
15.929999999999996,7.159404626724289,3.4538915999882382,1.2868933609552768,7.378085247772984,3.4374369341285367,1.286872946593673,0.21929881452209773,2.0414361603826592e-05
15.959999999999997,7.158401476843947,3.468962992636413,1.286912416182259,7.383689339687662,3.4566437674157675,1.2868696187490731,0.22562443230892726,4.279743318580387e-05
15.999999999999996,7.158686735455685,3.4889480993484874,1.286903796915039,7.389298003389216,3.4758627847188857,1.2868689991204487,0.23098221220879003,3.479779459025778e-05
16.029999999999998,7.1602249757652405,3.5037552657204523,1.2866671549007045,7.389298003389216,3.4758627847188857,1.2868689991204487,0.230764907386798,0.0002018442197442294
16.06,7.1562907418713255,3.5216918355692517,1.2868308514979483,7.395032652600977,3.495233800604573,1.286761320681529,0.24020351278246782,6.953081641936087e-05
16.099999999999998,7.158947258457424,3.5393056516165897,1.2869000203597454,7.400743245759813,3.5147512935585508,1.2869039366306965,0.24303953582736168,3.916270951087597e-06
16.13,7.160742643361813,3.5538813368355893,1.286947879861533,7.406570021616951,3.534481226030769,1.286927365971336,0.24659169531643654,2.0513890196971474e-05
16.16,7.159742347461821,3.568907522426787,1.2866100419253903,7.412468303911708,3.5541587807953854,1.2869163924508766,0.253155948860026,0.0003063505254863319
16.2,7.160028155636299,3.5888651335009794,1.2863918761238113,7.418322012581137,3.5737723028392194,1.2864645600481313,0.25873443928635576,7.268392431991622e-05
16.23,7.161548794073724,3.603631623193051,1.2859781074813903,7.424088066731005,3.5932791540807685,1.2859251130465925,0.26274330306239,5.2994434797781764e-05
16.26,7.157589212943389,3.621533355426413,1.2859208705361513,7.424088066731005,3.5932791540807685,1.2859251130465925,0.26799242333281253,4.242510441176961e-06
16.3,7.160260455172557,3.639246539495979,1.2860217092582755,7.429717020748959,3.6124714606514634,1.2860195575200655,0.27078357701190103,2.1517382100544324e-06
16.330000000000002,7.160648626070744,3.6490058709530677,1.2862085984977856,7.435344182096557,3.631619869658598,1.2861359183974057,0.2752452025764337,7.268010037986272e-05
16.359999999999996,7.161045619865746,3.6688827902269137,1.286256953407857,7.440924999298961,3.650785460241093,1.286195820136922,0.2804638664508088,6.113327093504317e-05
16.400000000000002,7.161323082274887,3.6888770876320467,1.286269395296911,7.446417821271691,3.669851865153657,1.2861973543506364,0.285728838751023,7.204094627466517e-05
16.429999999999996,7.16284825121766,3.7036496075193677,1.2863441916175478,7.446417821271691,3.669851865153657,1.2861973543506364,0.28557658946357406,0.00014683726691133714
16.459999999999997,7.155326568684835,3.720484054944223,1.2865649050350847,7.451872746277628,3.6887063536669165,1.2865443680768942,0.29824395675917076,2.0536958190486843e-05
16.499999999999996,7.161548963844188,3.739256221863334,1.2870360957370968,7.457354143162937,3.70759647690726,1.2869014527690295,0.29749461098057023,0.00013464296806731113
16.529999999999998,7.163341912961014,3.7538099567627046,1.287100452821753,7.462841692554261,3.7264288373491525,1.287079587273543,0.3007488049464912,2.086554820990294e-05
16.56,7.162347150034874,3.7689064373192807,1.2870164086847546,7.4683383816553475,3.7452861715474426,1.2872300513898545,0.30690153271651577,0.00021364270509982575
16.599999999999998,7.16262579984801,3.788871034511948,1.2872055276279268,7.473898783395897,3.7643419286463984,1.2873888500662636,0.3122379658551569,0.00018332243833674156
16.63,7.164161122351395,3.803685306936641,1.2874742473049348,7.473898783395897,3.7643419286463984,1.2873888500662636,0.31222639235754546,8.539723867118099e-05
16.66,7.16008338868197,3.8214668889040735,1.2873978966811133,7.479475265223641,3.783450039832943,1.287396240183177,0.3216464699232793,1.6564979361533005e-06
16.7,7.162859506244246,3.8392326899641613,1.2873264937897555,7.485082734541822,3.8026512146474825,1.2873672210366471,0.32429309766144715,4.0727246891636426e-05
16.73,7.16465260599899,3.8537955554822823,1.2873603413319208,7.490680527843859,3.821854256501207,1.2873398825004907,0.32758884657918724,2.0458831430092417e-05
16.76,7.163658029729113,3.8688586831027547,1.2873292634418232,7.496273827973673,3.8410568476091935,1.2873141627759943,0.3337756900954244,1.5100665828882143e-05
16.8,7.16394343753602,3.888834487462337,1.2872588073961473,7.50186704184932,3.8602588219987224,1.2872927796533653,0.33912966695466296,3.397225721801789e-05
16.830000000000002,7.16547491743461,3.903630856660681,1.2873054691270727,7.507458867664298,3.879460724922779,1.2872784682276937,0.34283701300024433,2.7000899379014953e-05
16.859999999999996,7.1613656295116,3.9214067405791444,1.2873401230898973,7.507458867664298,3.879460724922779,1.2872784682276937,0.3486258707044908,6.16548622036639e-05
16.900000000000002,7.164175738069993,3.9392042757085077,1.2872375456250933,7.513055948959312,3.898676731200345,1.2872690368629187,0.35122625672639657,3.1491237825420626e-05
16.929999999999996,7.16597547633816,3.9537709299185804,1.287283415631922,7.518652150539243,3.917889192288805,1.287262980473429,0.3544972998781077,2.043515849292632e-05
16.959999999999997,7.164984274069556,3.9688484246778737,1.2872644219661737,7.524248362054956,3.937092244218299,1.2872675193362428,0.36066485816248056,3.097370069093941e-06
16.999999999999996,7.165270777942748,3.9888299606861457,1.2872471375359091,7.529845769827445,3.9563086001546384,1.2872744365231352,0.3660226271674298,2.729898722608759e-05
17.029999999999998,7.166803811926402,4.0036305185578405,1.2872897171579951,7.529845769827445,3.9563086001546384,1.2872744365231352,0.3661131343696671,1.5280634859893283e-05
17.06,7.162700573240194,4.021372412259542,1.2873089414546415,7.535444394989664,3.975516512217596,1.287267853904362,0.3755538845772436,4.108755027942834e-05
17.099999999999998,7.165506338318703,4.039191142786799,1.2867305141441039,7.541114052872153,3.994847217381198,1.2869242393706177,0.3782162595030035,0.00019372522651384116
17.13,7.167310671791244,4.0537666809010355,1.287018180496511,7.546847328421663,4.014369554086042,1.2869976859951207,0.3815759522394898,2.04945013904112e-05
17.16,7.1663162959801685,4.06882212236135,1.2873862958499127,7.552686405988405,4.033998302036678,1.2870061422578953,0.38793628390469215,0.00038015359201737375
17.2,7.166605260772766,4.08877908274668,1.2871517013197817,7.5585655610966676,4.053663248370072,1.2868412867554395,0.3935301752775366,0.0003104145643422207
17.23,7.166740875105696,4.098759994817742,1.2867232878851425,7.5643072206519335,4.073091812872583,1.2869826240992037,0.3983940946793262,0.0002593362140612676
17.26,7.163914152492642,4.1212836283573395,1.2871156217997561,7.5643072206519335,4.073091812872583,1.2869826240992037,0.4032828537264237,0.00013299770055241744
17.3,7.166812454967704,4.139106629820306,1.2864148022057085,7.570046363214957,4.092598629837072,1.286404320434002,0.4059071061496645,1.04817717063721e-05
17.330000000000002,7.1686159887209335,4.153672482636706,1.2865082694593606,7.575683451055499,4.111822759189683,1.286487898586249,0.4092130474998268,2.037087311168584e-05
17.359999999999996,7.167626662695815,4.1687734376670385,1.286595471491538,7.5812924494471545,4.1309477596254265,1.2866584353117867,0.41539158037677226,6.296382024872926e-05
17.400000000000002,7.167907593654373,4.188757322200022,1.2868001555158046,7.586869021512901,4.150051213270552,1.286839887804425,0.4207455774000676,3.9732288620308864e-05
17.429999999999996,7.169431962898597,4.20355137628604,1.2869763242821386,7.586869021512901,4.150051213270552,1.286839887804425,0.42085147658912375,0.00013643647771366396
17.459999999999997,7.165221794702077,4.221243630544137,1.2872235863939392,7.592411485122239,4.169130148381442,1.2870966342569539,0.43035665049397664,0.00012695213698532548
17.499999999999996,7.168111630119952,4.239164806819998,1.288456751844303,7.597909384339849,4.1879756749646635,1.2880455881658244,0.4328353460065037,0.0004111636784787098
17.529999999999998,7.16989197161268,4.253718169097954,1.2884467443660734,7.603328584067254,4.206765036599729,1.28842642672814,0.43597235424679504,2.031763793342023e-05
17.56,7.168912718069133,4.268813041015996,1.28836517093479,7.6087879487531875,4.22568077539776,1.288425641138298,0.4419848537073555,6.047020350785637e-05
17.599999999999998,7.170455310197445,4.283606436962632,1.28844163098031,7.6142809881344204,4.244671739150534,1.2884290358002315,0.44553018201905825,1.259518007845628e-05
17.63,7.170729629682327,4.303588158293569,1.2884454456361634,7.6142809881344204,4.244671739150534,1.2884290358002315,0.4474471499845932,1.6409835931874284e-05
17.66,7.1664378004469995,4.321171100370818,1.288563477224915,7.619812833998923,4.263747753638522,1.2884962762724055,0.4569971135555947,6.720095250956071e-05
17.7,7.16940187367271,4.339100664688678,1.2885099930071404,7.62537454596813,4.282893402494177,1.2884426419445019,0.45942391557648377,6.735106263855428e-05
17.73,7.169821942156868,4.348884256601887,1.288441465132927,7.630964003419111,4.30210536430614,1.288420851238499,0.4635086465532303,2.0613894428089807e-05
17.76,7.1702331619685165,4.368757688905867,1.2884113299171156,7.636534041945557,4.321311370911404,1.288406759888419,0.46870850617264714,4.570028696582185e-06
17.8,7.170519470044988,4.388731329231359,1.2884659566303704,7.642105410152977,4.340518845128114,1.288393457615745,0.47404403016063956,7.249901462547115e-05
17.830000000000002,7.170654585206324,4.398726294136682,1.2884379870752372,7.647677808527926,4.359727592648166,1.2883823203562859,0.47861472428867197,5.5666718951297156e-05
17.859999999999996,7.167758911770944,4.421141616869633,1.288396680210172,7.647677808527926,4.359727592648166,1.2883823203562859,0.48383243983378565,1.4359853886203311e-05
17.900000000000002,7.170726029063113,4.439071388955502,1.288381611038512,7.653251071386299,4.378937492793811,1.288373571221693,0.48625764974607566,8.039816818961043e-06
17.929999999999996,7.171143931595021,4.448852331880379,1.2883601793915118,7.658825126237519,4.3981485369232045,1.2883671095311318,0.49030992487506625,6.930139619942821e-06
17.959999999999997,7.171560085199223,4.468736678390807,1.2883728869236548,7.664399899027495,4.417360756945443,1.2883627269576707,0.4955104109891593,1.0159965984080088e-05
17.999999999999996,7.17184851485894,4.488720344582647,1.2882794778781954,7.669974888146724,4.436574657528213,1.2883600332799814,0.5008483367679477,8.055540178597553e-05
18.029999999999998,7.173379415299527,4.50352234323093,1.2883794049339703,7.669974888146724,4.436574657528213,1.2883600332799814,0.501087872806039,1.9371653988908832e-05
18.06,7.169042818145682,4.521108010779713,1.2883923728459172,7.675552087565401,4.45578955736186,1.2883593119369556,0.5107035738713775,3.3060908961601854e-05
18.099999999999998,7.172050277125009,4.5390645846269715,1.2880149345430554,7.681204433603919,4.475128005740445,1.288188715770014,0.5131528438774005,0.00017378122695865805
18.13,7.173878548538433,4.5536686949727665,1.2882394555991747,7.68693322783112,4.494566110222919,1.288219024072189,0.5164476928675693,2.0431526985831283e-05
18.16,7.172898452132635,4.568715890631788,1.2883656329404514,7.692688218908947,4.514157364540747,1.288403477064564,0.5226452280606795,3.784412411267368e-05
18.2,7.173182844471592,4.588659187058747,1.288700238085911,7.698488628722182,4.533894283216336,1.288575550431941,0.5281527824976369,0.00012468765397000148
18.23,7.1747111694024905,4.603465457815588,1.2888216699356,7.704350675390044,4.553558992137777,1.288403810253715,0.5319855840332427,0.00041785968188512435
18.26,7.170305355352323,4.620981538427457,1.2882063590412363,7.704350675390044,4.553558992137777,1.288403810253715,0.538284500615034,0.00019745121247871644
18.3,7.173368160271304,4.63896223730574,1.287781954625403,7.710184227054097,4.573069436528827,1.287909273104114,0.540845033951847,0.00012731847871094715
18.330000000000002,7.17517376439889,4.653539135889352,1.2878851217128529,7.715854286365086,4.592326989421889,1.287864730106496,0.5441344996494818,2.039160635680659e-05
18.359999999999996,7.174204568106092,4.668649176910175,1.2879554714504893,7.7214524993040055,4.61148888869269,1.2879465480200607,0.550225041914217,8.923430428575685e-06
18.400000000000002,7.174491282943301,4.688638317559748,1.2880229876067852,7.727035359604948,4.630663851920445,1.2880492458366728,0.5555771731452209,2.6258229887554663e-05
18.429999999999996,7.176014186161871,4.703438478721356,1.2881024463450166,7.727035359604948,4.630663851920445,1.2880492458366728,0.5558061531582731,5.320050834378698e-05
18.459999999999997,7.171573364681863,4.72096303773223,1.2881743895457212,7.732576776035959,4.6498376073078385,1.2881100570341706,0.5654941683200527,6.433251155057995e-05
18.499999999999996,7.174664866565328,4.738970773495391,1.2881834758953075,7.7381256411251345,4.668977416535295,1.2882098163855038,0.567791435728015,2.634049019634155e-05
18.529999999999998,7.17648596067739,4.753546233832405,1.2886068840124971,7.743674218093156,4.687950826916633,1.2885865226367152,0.5709687178460654,2.0361375781874358e-05
18.56,7.175513684390118,4.768679177779634,1.2890910222789311,7.749245921794545,4.706773741129794,1.2889947757879232,0.5770623565299478,9.624649100792304e-05
18.599999999999998,7.175801478728929,4.788652995200761,1.2891231408909367,7.754710181304803,4.725634310465292,1.289110602939529,0.5823286362045664,1.2537951407765036e-05
18.63,7.177311354129827,4.803449140580964,1.2890245943203573,7.754710181304803,4.725634310465292,1.289110602939529,0.5826187032776831,8.600861917162916e-05
18.66,7.172839393953367,4.820935562142749,1.289541015111999,7.760217917004441,4.744571283954063,1.2893682638752844,0.5923217304176345,0.0001727512367146744
18.7,7.175982793142602,4.838977578147931,1.2893620598469044,7.765795292644128,4.763740235209999,1.2893108355812615,0.594591828350002,5.122426564296845e-05
18.73,7.177809101794958,4.853577882469826,1.2892509860049384,7.771359135289228,4.782945727621537,1.2892305515725424,0.5977378552171192,2.0434432395965985e-05
18.76,7.176848912328987,4.868639466232713,1.2891662582287595,7.7769154348473455,4.802154242953654,1.289159798342515,0.6037384502926261,6.459886244591928e-06
18.8,7.177144264093517,4.888613951366428,1.2891715012564435,7.7824705215018835,4.821364391636915,1.2890979907161415,0.60905039298225,7.35105403020242e-05
18.830000000000002,7.178671107266103,4.903410554828857,1.2890907038544623,7.788026651414282,4.840575519292637,1.2890445027667314,0.6125866639708712,4.620108773090159e-05
18.859999999999996,7.174147589060555,4.92084799970518,1.288953100485809,7.788026651414282,4.840575519292637,1.2890445027667314,0.6191051399462564,9.140228092241465e-05
18.900000000000002,7.177782005739315,4.934258910047393,1.2890188283712098,7.793584296819083,4.859787258875254,1.2889983832827034,0.6202890362785689,2.0445088506404474e-05
18.929999999999996,7.179170832156911,4.9535212057258935,1.2889790771616716,7.799143413049637,4.87899937070126,1.2889586295857003,0.6244353488986878,2.04475759713052e-05
18.959999999999997,7.1782176303593275,4.968608073311934,1.2889881448886116,7.804703813158698,4.8982116780935465,1.2889242660485045,0.6304288934513307,6.387884010705669e-05
18.999999999999996,7.1785166459225485,4.988589564716489,1.2888665881038048,7.810265213298236,4.91742401424139,1.2888942860859458,0.6357442787439441,2.7697982140972854e-05
19.029999999999998,7.1800473551366935,5.003389504698211,1.288902612850093,7.810265213298236,4.91742401424139,1.2888942860859458,0.6360539397686364,8.326764147303933e-06
19.06,7.175527175290349,5.020806834781439,1.2888553591948226,7.815827753198982,4.9366348204897905,1.2888712841170038,0.6458093821399954,1.5924922181165257e-05
19.099999999999998,7.1787118439727955,5.03889424904618,1.2889060800414465,7.821403202407028,4.955893339339409,1.288897081977561,0.6480288058552575,8.998063885545804e-06
19.13,7.18055395453728,5.053511045246189,1.2888420571211419,7.827085804305506,4.975322524324784,1.288821667403055,0.6512425643096441,2.0389718086821773e-05
19.16,7.179601806328775,5.068579641993841,1.2890224033074291,7.832855689032686,4.994789852992014,1.2888393587935245,0.6574082203841609,0.00018304451390460663
19.2,7.179903625882342,5.0885489292357216,1.2886922699359942,7.838680391720927,5.014314145276923,1.288870750923585,0.6629461745557895,0.00017848098759087883
19.23,7.181443492840408,5.103334864704223,1.2887577295506272,7.844453999685902,5.033921969657649,1.2889849594093468,0.6666341441797479,0.0002272298587195909
19.26,7.176832985321141,5.120692791270487,1.289146241532627,7.844453999685902,5.033921969657649,1.2889849594093468,0.6732362098883266,0.00016128212328014868
19.3,7.180502052624225,5.134137582105053,1.2888507643031892,7.850257995315794,5.053574949945329,1.2888303256507427,0.6745838424326335,2.043865244649723e-05
19.330000000000002,7.181921623135554,5.153397194277314,1.2884440872984875,7.85605914426235,5.073211039550894,1.2884236003250462,0.6788896941335836,2.048697344125827e-05
19.359999999999996,7.1809747777340185,5.168516808958872,1.2885438114488532,7.861666687279391,5.092483732481243,1.2885514371771274,0.684925181636052,7.625728274174293e-06
19.400000000000002,7.1825065115730435,5.183285956316097,1.2886095981872727,7.867230412845554,5.111645679865633,1.288628055997537,0.6884614369619739,1.8457810264216334e-05
19.429999999999996,7.1827925264629835,5.203294127059188,1.2886947938810913,7.867230412845554,5.111645679865633,1.288628055997537,0.6905466372293987,6.67378835543797e-05
19.459999999999997,7.178152199218799,5.220662436336794,1.2886799367780726,7.872793136970486,5.130815749638566,1.2887182688008958,0.7004273406365528,3.833202282321757e-05
19.499999999999996,7.1814374684315405,5.238818588018893,1.2888057210458475,7.8783209181533085,5.149996462445928,1.2887474560287386,0.7025211117734552,5.826501710881615e-05
19.529999999999998,7.183277337431937,5.25341668365969,1.2887166693683079,7.8837903233166795,5.169120740864493,1.2886962090891028,0.7055666158236858,2.0460279205103404e-05
19.56,7.182329800688972,5.268519970687642,1.2887503920705856,7.88922881306825,5.18809688766698,1.2886269984968595,0.7114591246061484,0.00012339357372614934
19.599999999999998,7.182533270665538,5.2870547366625775,1.2895547524607873,7.894300288197817,5.205397535261993,1.2894442892312206,0.716435751332505,0.00011046322956675958
19.63,7.18384496689993,5.300217413385468,1.2895152506298906,7.894300288197817,5.205397535261993,1.2894442892312206,0.7167548903550189,7.096139867002194e-05
19.66,7.179270814897276,5.316007052383155,1.2894364001217453,7.899247169820419,5.222462053878582,1.2894083362985567,0.7260279735613748,2.806382318865097e-05
19.7,7.182431534003237,5.330672895925254,1.289589700081733,7.903893424329135,5.238647502746055,1.2894970705778666,0.7273073161892463,9.262950386634827e-05
19.73,7.183916033692798,5.342199582621134,1.2894075579099806,7.908304823733282,5.253926330330994,1.2893871551973306,0.7297474126067149,2.0402712650025023e-05
19.76,7.183174850692909,5.354239370843002,1.2893523982523818,7.91264730918543,5.269093025917294,1.289414364893512,0.7344249231564314,6.196664113011785e-05
19.8,7.183319030674003,5.368717051823577,1.2898414983619513,7.916645734996183,5.282662881545213,1.289669065244607,0.7383585683760483,0.0001724331173442728
19.830000000000002,7.184325386639431,5.3789322942158275,1.289601228899151,7.9204798136871135,5.296059907481275,1.2895585677267112,0.7408044093719901,4.266117243978407e-05
19.859999999999996,7.179917821384864,5.391648870076525,1.2894975063761582,7.9204798136871135,5.296059907481275,1.2895585677267112,0.7467056409407347,6.106135055294892e-05
19.900000000000002,7.183088029145772,5.402322454982487,1.2899171905911273,7.924125840154064,5.3086454419560045,1.2898180776566495,0.7469353520309003,9.911293447784075e-05
19.929999999999996,7.184266257955052,5.410875470633544,1.2900536755801695,7.927499561689208,5.320206518515926,1.2900332617978358,0.7487433489906239,2.041378233363922e-05
19.959999999999997,7.183751001812595,5.419872483759427,1.2900061274791592,7.930771282421942,5.331561112442721,1.2900952542930975,0.7522221732610013,8.912681393824506e-05
19.999999999999996,7.183840241703132,5.430337721126538,1.290537694483325,7.933706242917272,5.341500631117782,1.2904579449358247,0.7551099577797317,7.974954750022967e-05
20.029999999999998,7.183869672051657,5.4352614365392835,1.2905139481612395,7.933706242917272,5.341500631117782,1.2904579449358247,0.755675837671679,5.600322541488012e-05
20.06,7.180356703689956,5.447286279014182,1.2903849772988887,7.936477881121739,5.351046496404569,1.2904060993604254,0.7622213134763235,2.1122061536704706e-05
20.099999999999998,7.183477918466957,5.453948537538528,1.291478453702751,7.93910597030727,5.359808314751349,1.2911433161417043,0.761469719867052,0.00033513756104674997
20.13,7.184354422219819,5.459540607135592,1.29126772064572,7.94140729319729,5.367533277919218,1.2912473280948313,0.7626233658135332,2.039255088859271e-05
20.16,7.184054701938633,5.465498520404334,1.2912391664789502,7.943565338096313,5.375055872949649,1.2912198194702498,0.7648766429400601,1.9347008700432156e-05
20.2,7.184091209060016,5.471956528782085,1.2923738521180208,7.945523478109081,5.381254659802223,1.2922346800891906,0.7668154467573326,0.0001391720288301812
20.23,7.184498221484461,5.476276051771698,1.2924640802400214,7.947263496395214,5.387092822774079,1.2924495349980196,0.7679612704714472,1.4545242001728909e-05
20.26,7.180493144387702,5.482892777487783,1.2924301763715416,7.947263496395214,5.387092822774079,1.2924495349980196,0.7727317801416426,1.935862647806097e-05
20.3,7.1835856775331335,5.485565606628699,1.2933047505843496,7.9487699908256335,5.392092420680028,1.2930365891451798,0.7708724082494519,0.0002681614391697451
20.330000000000002,7.184158916410724,5.48819054749517,1.293225756376146,7.949997290533023,5.3959847812221495,1.293205381432924,0.7713691195609799,2.037494322193467e-05
20.359999999999996,7.184094585165044,5.491136454309899,1.2931519183264277,7.951078024109064,5.399663390059508,1.2932721934249083,0.77241887412061,0.00012027509848056006
20.400000000000002,7.184069582648678,5.4935482456849645,1.2939926197009988,7.951890476060886,5.4020295532663605,1.2939362803773742,0.773255840858854,5.6339323624587934e-05
20.429999999999996,7.184169197587412,5.494892372442912,1.2939789806380555,7.951890476060886,5.4020295532663605,1.2939362803773742,0.7733171824072984,4.270026068131649e-05
20.459999999999997,7.180364301567533,5.498465997804832,1.2939265193415201,7.9524751021183135,5.403948871500253,1.293908536139469,0.7778743957041159,1.7983202051041758e-05
20.499999999999996,7.182657759718726,5.497765868887853,1.2945127692923184,7.952879975822033,5.405111120125679,1.2944924555008501,0.7757752023925947,2.0313791468273834e-05
20.529999999999998,7.183704072506295,5.496794935626735,1.2946844007133014,7.953019925469885,5.4052124279005875,1.2946640779591045,0.7747478540418852,2.032275419683316e-05
20.56,7.183851179739838,5.496686153127547,1.2946360246913298,7.953014683589074,5.405173716849167,1.294555336169752,0.7745882917054957,8.06885215778319e-05
20.599999999999998,7.1838726027854465,5.496679502808251,1.2944943507396636,7.952991091190194,5.405135699837122,1.2944190164591982,0.7745472981480348,7.533428046535562e-05
20.63,7.183877381935542,5.496680319148961,1.294387342881191,7.952991091190194,5.405135699837122,1.2944190164591982,0.774542648979641,3.1673578007263004e-05
20.66,7.180236178659003,5.4987340881145315,1.294364673743853,7.953028668827147,5.40515277473603,1.2943221784089354,0.7784379840898866,4.2495334917624916e-05
20.7,7.18249132057686,5.4974787103411185,1.2942908243102713,7.953014147108069,5.405148194740813,1.294270404929006,0.7760350187437822,2.041938126540188e-05
20.73,7.183679845652005,5.496805991409503,1.2942449109789869,7.953006605231491,5.40514199234205,1.294224473970863,0.7747683213258724,2.043700812381921e-05
20.76,7.18385782344381,5.496706660199562,1.2942850329343591,7.953003131759892,5.405138447745292,1.294182652752616,0.7745768153235101,0.00010238018174324459
20.8,7.183883901953812,5.496688700765201,1.294050438646009,7.952999378206602,5.405135810945969,1.2941434798588642,0.7745453811403235,9.304121285524936e-05
20.830000000000002,7.183888353906115,5.496684255933552,1.2941560030497246,7.95299959229488,5.405135983199963,1.2941154774208763,0.7745406272471469,4.0525628848264716e-05
20.859999999999996,7.180245830699102,5.498785054619528,1.2941504444425944,7.95299959229488,5.405135983199963,1.2941154774208763,0.7784076853668467,3.496702171812416e-05
20.900000000000002,7.183357530672629,5.496991233412109,1.2940861020400871,7.953001460071131,5.4051401468694795,1.294101443715542,0.7751054122885656,1.534167545491627e-05
20.929999999999996,7.1836861933064995,5.4968022711732125,1.2941114532935747,7.953001868831113,5.4051433214970945,1.294091015554809,0.7747567177273276,2.043773876558852e-05
20.959999999999997,7.183859401259864,5.496704311611495,1.2939767304382541,7.953004861146636,5.40514575313378,1.2940837731554775,0.7745758246259368,0.00010704271722339342
20.999999999999996,7.1838852896063905,5.496689692893451,1.2940432986429804,7.953001398566012,5.40514516250305,1.2940592178216845,0.7745450213548513,1.591917870413795e-05
21.029999999999998,7.183888362760324,5.496688816619152,1.2940632699011103,7.953001398566012,5.40514516250305,1.2940592178216845,0.7745418661732689,4.052079425775901e-06
21.06,7.1802350295368385,5.498745227376189,1.2940021022866863,7.952998878557001,5.4051447160799295,1.294036207906277,0.7784118588943635,3.410561959071856e-05
21.099999999999998,7.183356267113414,5.496987872939625,1.2940002496156453,7.9529971686819545,5.4051443781098705,1.2940155691873203,0.7751015061975942,1.5319571674998755e-05
21.13,7.183685093251971,5.496802587562513,1.2940800746053058,7.953001374019961,5.405146864166406,1.2940104214928767,0.7747569370363563,6.965311242912442e-05
21.16,7.183859646864056,5.4967038801376376,1.293909809836951,7.952997393279113,5.405146363021264,1.293989632291648,0.7745680421376474,7.982245469695393e-05
21.2,7.183884250088884,5.496690502209133,1.2940805996323532,7.952998424803098,5.405148537163157,1.2939840367176119,0.7745427974688067,9.656291474136047e-05
21.23,7.183887733290381,5.4966911586132445,1.2940020102427892,7.952998916412987,5.405150457338324,1.2939797116290612,0.7745396774821544,2.2298613727933514e-05
21.26,7.1802452323744,5.49874271710117,1.2939979955267025,7.952998916412987,5.405150457338324,1.2939797116290612,0.7784007754895448,1.8283897641246938e-05
21.3,7.183349720945149,5.49683615717289,1.2972652760701593,7.953039104637162,5.40535955609689,1.2962774129020238,0.7751062610459344,0.0009878631681354832
21.330000000000002,7.18359929003042,5.496705442241918,1.3037553351136169,7.952632421390583,5.407673684026853,1.3037350215180978,0.7741696268263718,2.0313595519017014e-05
21.359999999999996,7.183766643141769,5.496113115105789,1.3138021990410615,7.950988713444308,5.412815564203935,1.3191965188807024,0.7717306441664483,0.005394319839640893
21.400000000000002,7.183714682023544,5.49573657549351,1.335352906954984,7.947467391369294,5.421058887282292,1.341833174116672,0.7673949166821122,0.006480267161687925
21.429999999999996,7.183424897904788,5.495853972623838,1.3545931908051867,7.947467391369294,5.421058887282292,1.341833174116672,0.7676947548412119,0.012760016688514675
21.459999999999997,7.173882498625543,5.500930278717262,1.3672388067566776,7.943043353621524,5.430063708504187,1.3672191646640264,0.7724185987092187,1.9642092651261933e-05
21.499999999999996,7.183347665597722,5.494912833272892,1.3981651690222079,7.938609831550868,5.438535783905578,1.3919822056461844,0.7573633942933876,0.006182963376023531
21.529999999999998,7.183694823016367,5.494353527227199,1.4163078575071597,7.934293751921729,5.446305860182269,1.4162888938155185,0.7521351809231746,1.8963691641227243e-05
21.56,7.183977596840556,5.49395410500489,1.4341058411368208,7.930211691055229,5.453169083156279,1.439708402991124,0.7473478048242229,0.00560256185430319
21.599999999999998,7.184181463800481,5.493383014688046,1.4581198408364737,7.92788779545199,5.4567026384922475,1.4660499347587623,0.7446103395309582,0.007930093922288606
21.63,7.184638819831354,5.492607932799929,1.481298062042409,7.92788779545199,5.4567026384922475,1.4660499347587623,0.7441157369122393,0.015248127283646662
21.66,7.180822199057535,5.495212268991693,1.5048948271795821,7.929638810801377,5.454910611732203,1.4970601607367835,0.7499003544481022,0.007834666442798621
21.7,7.184089253961913,5.493466358148473,1.5373182359184019,7.936742902105644,5.449033337672495,1.5289861261514497,0.7539640623880466,0.0083321097669522
21.73,7.18473577828289,5.493325764833873,1.5583183733565569,7.94502180268744,5.442052975329088,1.5583148827999134,0.7620129512340839,3.4905566435039503e-06
21.76,7.1841859029597375,5.49423426383445,1.5768216211482797,7.9538609018437,5.4338197975298375,1.5833572794247603,0.7720424286565465,0.006535658276480616
21.8,7.18400962332567,5.494630142674802,1.6058860684820042,7.9649000299421635,5.425948108410376,1.6156525934740942,0.7839049999689839,0.009766524992089964
21.830000000000002,7.18398787324155,5.49473442784134,1.633784615431766,7.97574429064785,5.4184728944438145,1.6519404495711154,0.7954206723364695,0.018155834139349514
21.859999999999996,7.180145343147087,5.496832462583404,1.660993733753849,7.97574429064785,5.4184728944438145,1.6519404495711154,0.7994485018957413,0.009053284182733545
21.900000000000002,7.183162278167787,5.495049620371653,1.6963599929219906,7.985597894294924,5.411113824614689,1.6876072011698118,0.8068135694438291,0.008752791752178801
21.929999999999996,7.183447704292567,5.494875052405583,1.7224560973272764,7.995273455500665,5.4039564939224,1.7224364133112826,0.8169009943691176,1.968401599383718e-05
21.959999999999997,7.183699833840234,5.494805217808834,1.747878185313581,8.004798351228217,5.397629915205644,1.756369858504001,0.8268287698748549,0.008491673190420101
21.999999999999996,7.183733286964233,5.49478468359487,1.7812668427233258,8.013906906432583,5.3919347813442675,1.7892898504589392,0.8365203768313948,0.008023007735613374
22.029999999999998,7.183740713654835,5.494833937880882,1.8052107810391862,8.013906906432583,5.3919347813442675,1.7892898504589392,0.8365190637678542,0.015920930580247017
22.06,7.180188893747426,5.496738665928598,1.8287755144342683,8.022727793125194,5.387084714092238,1.8208781529874905,0.8496445057305034,0.007897361446777884
22.099999999999998,7.183299043729613,5.494948479050931,1.8592541061360746,8.031264427002458,5.383004316960252,1.851581991951068,0.855322621386368,0.007672114185006462
22.13,7.183531618212572,5.494902770310986,1.8817420297309888,8.03927263541533,5.379961546066026,1.8817217029277353,0.8634258355841227,2.0326803253478687e-05
22.16,7.183762955802426,5.494690891797951,1.9045914630186656,8.047028391158834,5.3775934234183405,1.9129025577735583,0.8711710675762842,0.008311094754892778
22.2,7.183811037382716,5.494675693456257,1.936731643368675,8.054174703449576,5.375828359024746,1.9440903465549593,0.8784404362908275,0.007358703186284288
22.23,7.1836760361199765,5.494782749971545,1.9596892955857235,8.060474503892516,5.37468703551662,1.9754283733806235,0.8849850471723872,0.015739077794900025
22.26,7.180153772354895,5.496784831285751,1.9832852346672287,8.060474503892516,5.37468703551662,1.9754283733806235,0.8887476931652833,0.007856861286605232
22.3,7.182280417618831,5.495569539007902,2.0081734252790198,8.066212214700993,5.37422236305151,2.0081529858703906,0.8922222587480615,2.0439408629169264e-05
22.330000000000002,7.183484750244418,5.494889538260386,2.04269676368702,8.071397304751175,5.374510906334637,2.042676320809177,0.896035557037236,2.0442877842974383e-05
22.359999999999996,7.183752027519088,5.494682204400542,2.0696367086810947,8.075842706870665,5.375606446663675,2.079209436522644,0.9000026756996713,0.009572727841549167
22.400000000000002,7.183763287547118,5.494672145618633,2.107931925168613,8.079263521290253,5.377573822405766,2.1179455731650836,0.903123848612844,0.010013647996470532
22.429999999999996,7.18357481221647,5.494806507819898,2.138206380607618,8.079263521290253,5.377573822405766,2.1179455731650836,0.9033281607985373,0.020260807442534556
22.459999999999997,7.180087644963036,5.496749251484519,2.1690497026599096,8.081212401852413,5.380429903923785,2.1588052171422154,0.9086011325636205,0.01024448551769419
22.499999999999996,7.183303755478054,5.494828704486986,2.2103602822025725,8.081719330250104,5.383706425284864,2.2000496958435916,0.9052616781506152,0.010310586358980967
22.529999999999998,7.183615112658143,5.49459056096766,2.2416239570004204,8.081813410362491,5.387114662109959,2.241603482160063,0.9046055774945563,2.0474840357387336e-05
22.56,7.184049596908014,5.49438186764187,2.272957610148643,8.081955822192265,5.390450670644187,2.2837172879580976,0.9039011467597463,0.010759677809454526
22.599999999999998,7.184220443838925,5.494286032150878,2.315848693308689,8.082508642146966,5.393614880422492,2.326960146397206,0.9039117036579539,0.01111145308851702
22.63,7.184424599883997,5.494211761910056,2.3493155685373135,8.082508642146966,5.393614880422492,2.326960146397206,0.9037005474892761,0.02235542214010744
22.66,7.180744084588305,5.496303004645004,2.3840045304990407,8.084470314101512,5.396593175412521,2.3724654359587887,0.9092101780973029,0.011539094540252037
22.7,7.18398675589971,5.4944946766224625,2.4310648379319937,8.087462662478071,5.399564838018494,2.4193429729394196,0.90844944164492,0.011721864992574105
22.73,7.184212080850317,5.494201924395963,2.4667539783991876,8.089251575564845,5.401859331562395,2.4667327343823997,0.9097382268786737,2.124401678793575e-05
22.76,7.1843884720350815,5.49411426934296,2.502695426914499,8.090085483134297,5.403073537808525,2.5147015680417777,0.9102612211406009,0.012006141127278713
22.8,7.18429787492885,5.493894208089789,2.538744063237505,8.090133963657038,5.402952650800349,2.562705532350052,0.9103896893553939,0.02396146911254693
22.830000000000002,7.184355275091647,5.49380365269266,2.586637120817555,8.08959907725953,5.401342246790305,2.6103795644323076,0.9099535443882864,0.023742443614752418
22.859999999999996,7.180841342957688,5.496112395679207,2.6223218969057185,8.08959907725953,5.401342246790305,2.6103795644323076,0.9136859420905205,0.011942332473410922
22.900000000000002,7.183986163439334,5.494283927572543,2.666710956723976,8.088623027963274,5.3988850317100425,2.6556501825990306,0.9096531239914972,0.01106077412494555
22.929999999999996,7.184445837427307,5.494210016112899,2.6962607590762553,8.089127062756715,5.3978392531815285,2.696241195438735,0.9097996721319991,1.9563637520203514e-05
22.959999999999997,7.184367190126093,5.494297019082312,2.72392690166494,8.0922820840409,5.398528984032625,2.7322793170500383,0.9129517901453578,0.008352415385098233
22.999999999999996,7.1843063578488575,5.494459162799082,2.757113704024324,8.096069480638512,5.400223331014031,2.764394367658783,0.9166200870979008,0.007280663634459117
23.029999999999998,7.1843396517735725,5.494658430569006,2.7794165781483415,8.096069480638512,5.400223331014031,2.764394367658783,0.9166074780788394,0.015022210489558319
23.06,7.180410883832207,5.496531599474416,2.800892442135764,8.100262494564332,5.402796309181392,2.7937163230444617,0.924615212081654,0.007176119091302446
23.099999999999998,7.18350407216959,5.4947355204998765,2.8263884833939286,8.104799703436266,5.406442328084715,2.8199725623672403,0.9255167897007175,0.006415921026688309
23.13,7.1837419288007975,5.494608250801804,2.8425111809131045,8.108648332246181,5.41047174857249,2.8424906017038327,0.9287253663713824,2.0579209271787136e-05
23.16,7.183941636141803,5.494369068676589,2.857561287777989,8.111854716233866,5.414645790809895,2.86227441039288,0.9313315656841817,0.0047131226148908745
23.2,7.183953077536764,5.494321482122604,2.8768115744153824,8.114712900914906,5.4187406747770845,2.8812921692289772,0.9338234882749042,0.0044805948135948626
23.23,7.18390718900629,5.494291683420455,2.8907468070258378,8.117267286540685,5.422684885858761,2.899721826572911,0.9361028816996856,0.008975019547073249
23.26,7.180291966294135,5.496400460285764,2.904251132157922,8.117267286540685,5.422684885858761,2.899721826572911,0.9398705957014653,0.0045293055850108566
23.3,7.18338577784632,5.494596150482246,2.921025866443236,8.119520886109495,5.4264391989193275,2.916885362164123,0.9386129718735277,0.004140504279113166
23.330000000000002,7.183656653210894,5.49436015918482,2.9318921601875654,8.121389899963269,5.429877015134125,2.9318717492067607,0.9399477208501613,2.041098080463044e-05
23.359999999999996,7.183861361563946,5.494298314605478,2.9424226639221254,8.122883865762523,5.433069063386812,2.945512942865726,0.9410166229117127,0.0030902789436004774
23.400000000000002,7.183865429643772,5.494286650061364,2.9548264826851995,8.124287584944863,5.4359822367114345,2.9576714132705733,0.9422278040883896,0.0028449305853737172
23.429999999999996,7.1838506782790335,5.494234879128719,2.9632974148449462,8.124287584944863,5.4359822367114345,2.9576714132705733,0.9422393251015319,0.005626001574372985
23.459999999999997,7.180200488586417,5.496421328796116,2.9713558634243475,8.125520718109534,5.438526493614853,2.9686879046004617,0.9470914149575559,0.0026679588238858187
23.499999999999996,7.18331380164084,5.494594612562338,2.9802732272983206,8.126418694375795,5.440765344035401,2.9780182611080948,0.94463984081276,0.0022549661902258045
23.529999999999998,7.183616185844199,5.494357944946408,2.986431909293754,8.127224119751494,5.442734498030207,2.986411555395003,0.945019001504363,2.0353898751324095e-05
23.56,7.183803781055786,5.494304004397987,2.992214639806003,8.127825285324462,5.444416735218726,2.993736594079168,0.9453387435982182,0.0015219542731648161
23.599999999999998,7.183807194198703,5.494299961642445,2.9986734647456834,8.128317220552253,5.445960366919571,3.0001771517656444,0.9457462166460698,0.0015036870199609531
23.63,7.18378648165391,5.494283030766935,3.003197007279597,8.128317220552253,5.445960366919571,3.0001771517656444,0.9457660369061446,0.003019855513952674
23.66,7.174215845806662,5.499929328325154,3.005963856141116,8.1286381730958,5.447341495620526,3.005943508207517,0.9558700010862267,2.034793359895204e-05
23.7,7.182373255639541,5.495086155046222,3.0106433280730314,8.12885560116828,5.448437031550314,3.0106229643553144,0.947631242161485,2.0363717716964658e-05
23.73,7.183566932429322,5.4943867076854005,3.0143371490445934,8.129130543190394,5.449276394104616,3.0143167524117485,0.9466390454586545,2.0396632844921214e-05
23.76,7.183734823877446,5.494323431686685,3.0163899598989423,8.12926477108519,5.449813395387812,3.016989194159253,0.9465770039452712,0.0005992342603104994
23.8,7.183718528496737,5.494263741613318,3.017920519232447,8.129272180554324,5.450012424165857,3.0185890191913147,0.9465885526538318,0.000668499958867752
23.830000000000002,7.1837288936864905,5.494265370358573,3.0193352619935765,8.129269352697314,5.450118947452386,3.0200245797755363,0.9465704761304414,0.0006893177819597973
23.859999999999996,7.180034007446943,5.4964328346540094,3.020366466922771,8.129269352697314,5.450118947452386,3.0200245797755363,0.9503645178668637,0.00034188714723493163
23.900000000000002,7.183164077777307,5.494631235310819,3.020667494527126,8.129302463269129,5.450055575921899,3.0206033671772485,0.9471878556606542,6.412734987737423e-05
23.929999999999996,7.183499981872463,5.49441818276729,3.0206212167980726,8.129418037336025,5.44986159355121,3.0205995543273625,0.9469668723321517,2.16624707101154e-05
23.959999999999997,7.183616520402803,5.494364140445014,3.0205989195583762,8.129799919204443,5.449717421410357,3.020582359760569,0.9472361657413538,1.6559797807236265e-05
23.999999999999996,7.183688422173772,5.494346264276201,3.020659800466866,8.130133870814406,5.449582055913066,3.020575923389652,0.9475034678580075,8.387707721402293e-05
24.029999999999998,7.183689488930055,5.494344854504935,3.020551508991535,8.130133870814406,5.449582055913066,3.020575923389652,0.9475023356901174,2.441439811695645e-05
24.06,7.180012711864968,5.496491709895386,3.0205880648748002,8.130450523945399,5.449401050216021,3.020534178619519,0.9516036805631183,5.388625528146562e-05
24.099999999999998,7.183149192777575,5.494655502419582,3.0203823826031093,8.130801478497482,5.449224541352285,3.020451178694473,0.9487406531047684,6.879609136367648e-05
24.13,7.183477931362706,5.494463928940375,3.0205319626771003,8.131164629907367,5.449075816943367,3.0205116452412364,0.9487729756422938,2.0317435863947964e-05
24.16,7.183664055040408,5.4943610541712165,3.0206907865435757,8.13145886794824,5.448934785017492,3.020681494264941,0.9488827921846925,9.292278634553952e-06
24.2,7.183685541424717,5.4943463435095055,3.0207827227391877,8.131764400284316,5.448789582730722,3.020644548105503,0.9491727667127704,0.0001381746336845957
24.23,7.183691958536063,5.4943447358960436,3.020642295329559,8.13207149810486,5.448703948598717,3.0206136432189954,0.949477136395524,2.8652110563687216e-05
24.26,7.180026850853924,5.496445055433178,3.020648805274146,8.13207149810486,5.448703948598717,3.0206136432189954,0.9532409053544331,3.5162055150639304e-05
24.3,7.183157080707292,5.494651140672357,3.0207797374609036,8.132360879428097,5.448589471145881,3.0207733289173535,0.9503207505392969,6.408543550051604e-06
24.330000000000002,7.183492085203726,5.4944552155081965,3.0209809782376413,8.132587627759554,5.448480170751629,3.020960797634421,0.950208426420072,2.0180603220509852e-05
24.359999999999996,7.183667342698579,5.494355513601675,3.020947070823556,8.132847325185681,5.448340749804635,3.0208817741152423,0.9502946898944102,6.529670831367795e-05
24.400000000000002,7.183683327569151,5.494344376577945,3.0209315764164804,8.133153935136551,5.448208256289674,3.0208748341321288,0.9505908563781069,5.674228435159634e-05
24.429999999999996,7.183695017572486,5.494345865953929,3.0209185148114455,8.133153935136551,5.448208256289674,3.0208748341321288,0.9505792524389842,4.3680679316704385e-05
24.459999999999997,7.179988768904574,5.496459632982312,3.021165021436937,8.133500428209997,5.448058651378944,3.020997551884225,0.9547393044447009,0.00016746955271207398
24.499999999999996,7.183144314832661,5.494652285394581,3.0210800642131654,8.133843130259336,5.44791105893357,3.0210449828428403,0.9518471410393391,3.5081370325151795e-05
24.529999999999998,7.183476189161826,5.494460216928079,3.0212308882297703,8.134080371464425,5.447799025296614,3.0212106760605737,0.9517486948851884,2.02121691965651e-05
24.56,7.1836516098102745,5.494359323989618,3.021141145522607,8.134346837489447,5.447660471919481,3.0211102864597814,0.9518414777244281,3.085906282551676e-05
24.599999999999998,7.18366562906045,5.4943473272498515,3.0212263559320767,8.13468770767999,5.447533096178627,3.021147494104308,0.9521736009009182,7.886182776850603e-05
24.63,7.183684210776761,5.494344769382545,3.021284421937396,8.13468770767999,5.447533096178627,3.021147494104308,0.9521549158988372,0.0001369278330880519
24.66,7.179990933732105,5.496489999065034,3.02127211971353,8.135048985541529,5.447411315386782,3.0212904408880763,0.95631825221398,1.832117454636517e-05
24.7,7.183129942564939,5.494659282310007,3.021438436646712,8.135374879089389,5.4472499129345415,3.0214400727914996,0.9534243899969373,1.636144787653393e-06
24.73,7.1834604160681526,5.494463084299396,3.021440102085563,8.135705897686638,5.447106550075727,3.0214199525851706,0.9534223086316462,2.0149500392196984e-05
24.76,7.18363017973869,5.494366215706293,3.0215577689829387,8.13600930164358,5.447051483795476,3.0216383553137303,0.9535537088681078,8.058633079155442e-05
24.8,7.18207134445565,5.494541987679103,3.0221293717386657,8.136025422104678,5.4470051982587835,3.0224148634779415,0.955137753735868,0.0002854917392758338
24.830000000000002,7.181013922326567,5.494662772561293,3.0227109747069334,8.135506194929482,5.447151709765516,3.0231244031078206,0.9556740027575621,0.0004134284008872058
24.859999999999996,7.169795530852058,5.500452589413284,3.023144748412538,8.135506194929482,5.447151709765516,3.0231244031078206,0.9671804746189228,2.0345304717395152e-05
24.900000000000002,7.174746729763166,5.49566260498369,3.0236706920640066,8.134394628001035,5.447412778131761,3.023619084781652,0.9608601013589853,5.160728235464873e-05
24.929999999999996,7.173020884219682,5.495710597462196,3.0238402388066983,8.132736742553583,5.447654744616197,3.02434780388749,0.9609182554881203,0.0005075650807917498
24.959999999999997,7.169087127213437,5.496084998092249,3.025270878002512,8.130549390029607,5.447802217916577,3.0256567715256257,0.962673833487273,0.00038589352311380054
24.999999999999996,7.163523490004321,5.49674072598358,3.0269609933977235,8.127842579149926,5.448069380115404,3.0272688292798255,0.9655465838576758,0.0003078358821020366
25.029999999999998,7.1589665390445045,5.4972734687234945,3.028035154031016,8.127842579149926,5.448069380115404,3.0272688292798255,0.970124643242359,0.0007663247511904281
25.06,7.150759587199108,5.499936228039331,3.0290098466731723,8.12436025274048,5.4484974905387595,3.0287028054837895,0.9749585630467872,0.00030704118938285063
25.099999999999998,7.146328015723005,5.4990271426726824,3.0307384469791185,8.12010888883202,5.448985234383092,3.030274861015462,0.9750658344020773,0.00046358596365658755
25.13,7.140569676779404,5.499545561002886,3.03125952871691,8.114992905777052,5.449479481058271,3.0312395148979356,0.9757085843484333,2.0013818974540243e-05
25.16,7.134742434077133,5.500170885959129,3.0319503269086394,8.108901590537936,5.4500712856273665,3.0322603945063515,0.9754465808386572,0.000310067597712127
25.2,7.127811213058697,5.5009625741991925,3.0324726433073175,8.101806097245346,5.45075967055685,3.032524326591842,0.9752878374899819,5.168328452453963e-05
25.23,7.1176477628341015,5.502166985172847,3.0327471000767257,8.093471121246688,5.451606922829762,3.0328689105747255,0.977132307688041,0.00012181049799986354
25.26,7.10660273097206,5.505174439409528,3.0329369993619832,8.093471121246688,5.451606922829762,3.0328689105747255,0.9883211515270525,6.808878725772516e-05
25.3,7.098115490166146,5.504758240250759,3.033374143275068,8.084058701084453,5.452571880643046,3.033360939359634,0.9873233671320697,1.3203915433912528e-05
25.330000000000002,7.0893389513061305,5.505614624446256,3.0341238508223873,8.07340464973691,5.453637087551553,3.0341034258959008,0.9854374476189229,2.0424926486573014e-05
25.359999999999996,7.080647406394339,5.506611235163847,3.0342934038191864,8.06182176123293,5.4548370930658026,3.0342039653206734,0.9825394019493119,8.94384985130614e-05
25.400000000000002,7.067236552537604,5.508204163035025,3.034525108949787,8.048857751634996,5.4562205210104056,3.0344224360309053,0.9829966823726033,0.00010267291888155228
25.429999999999996,7.056631741802303,5.509424256080771,3.0345236613249296,8.048857751634996,5.4562205210104056,3.0344224360309053,0.9936513936053961,0.00010122529402423197
25.459999999999997,7.042603207141651,5.5127758094080015,3.0345300970904607,8.035047822679516,5.457653358327745,3.0344868793448256,0.9939742448993314,4.321774563509351e-05
25.499999999999996,7.030307083773174,5.512847410481098,3.0346558904316345,8.020416359356576,5.459205627440663,3.034620282392895,0.9915613034422258,3.5608038739365355e-05
25.529999999999998,7.018589689808575,5.514044593365032,3.0348321083037333,8.004770563165023,5.460881610366726,3.03481161682768,0.9876127873490521,2.0491476053319246e-05
25.56,7.006844363177247,5.5154299311368495,3.0347309184439157,7.988699541002136,5.462620350187081,3.034787024327149,0.983274347301726,5.6105883233126264e-05
25.599999999999998,6.989487094415477,5.517493487838094,3.034658497775102,7.97118337965292,5.46444846421327,3.034814763635414,0.9831283593612551,0.0001562658603120326
25.63,6.9759360893301,5.519052370283125,3.034847636362047,7.97118337965292,5.46444846421327,3.034814763635414,0.9967440772098931,3.2872726633215166e-05
25.66,6.958956528283618,5.522751912910961,3.0348225421096173,7.9532335164026,5.466370984891205,3.0348427237517708,0.9958742582009649,2.018164215344953e-05
25.7,6.942648468178767,5.5233372768466715,3.034824382488894,7.934511699826803,5.468389176168673,3.0347487914148754,0.9933840969450868,7.5591074018444e-05
25.73,6.927934986730296,5.524891309127131,3.0347444612847894,7.914626155221747,5.470507204427387,3.0347240589691307,0.9881887941193307,2.0402315658696324e-05
25.76,6.913199018365381,5.526654211547655,3.034682353729726,7.894664025357025,5.472637028346157,3.0347187214581504,0.9829503629533546,3.636772842430247e-05
25.8,6.893380895539295,5.529021002119861,3.0346410351836037,7.874757312678233,5.474743364335821,3.034659618389722,0.9828762557310433,1.8583206118361062e-05
25.830000000000002,6.878493295953655,5.530743651548191,3.0346425701295074,7.854869440713907,5.476858478210145,3.0345827965392846,0.9778619472924405,5.9773590222800266e-05
25.859999999999996,6.860022423271852,5.53460069295665,3.0345926521166455,7.854869440713907,5.476858478210145,3.0345827965392846,0.9965213251492332,9.855577360884382e-06
25.900000000000002,6.84324087216967,5.5352781491453715,3.0345014681640747,7.834855805203959,5.47906235014182,3.0344156829308195,0.9932071241559866,8.578523325519782e-05
25.929999999999996,6.828663876935818,5.536842989355794,3.034346141194996,7.814788630048097,5.481353882672161,3.034325376413725,0.9876847015426035,2.0764781270887767e-05
25.959999999999997,6.813979587476586,5.538591523283953,3.034226264371005,7.794526607651286,5.483587820498685,3.034220576470759,0.9820885225342842,5.687900245909816e-06
25.999999999999996,6.7941446398093674,5.540951647588001,3.0345637992465853,7.77429600483402,5.4858169259673355,3.0342218265546164,0.9817008382841882,0.0003419726919688948
26.029999999999998,6.784216592072063,5.542149559164712,3.0340587056688864,7.77429600483402,5.4858169259673355,3.0342218265546164,0.9916806991859887,0.00016312088573000594
26.06,6.760823354586623,5.546467361682174,3.0336605373350154,7.75414660277285,5.488080543000785,3.0338568390607197,0.9950377359592796,0.00019630172570428428
26.099999999999998,6.743999412193803,5.547202335843373,3.0338234384548346,7.7342625731576975,5.490316635479089,3.033844344995976,0.991895715722242,2.0906541141396673e-05
26.13,6.729430513414173,5.548743389857519,3.033931633638527,7.714400044798566,5.492463879366207,3.033911084762718,0.9865760797103953,2.0548875808934497e-05
26.16,6.714694762895393,5.550505774228707,3.0340100878809237,7.69450670330647,5.4946153844519685,3.034026666419714,0.9814046944260636,1.6578538790223973e-05
26.2,6.694861752902943,5.55287831941852,3.0340786235227184,7.674630851550855,5.49678214209627,3.034112931112438,0.9813736636855055,3.4307589719784204e-05
26.23,6.679969150854835,5.554607998030832,3.0341755863750275,7.654803164125818,5.498950042194762,3.034218776464537,0.9764216105135429,4.319008950970371e-05
26.26,6.66159038412481,5.5583379232063255,3.0342419404981027,7.654803164125818,5.498950042194762,3.034218776464537,0.9949867068299834,2.3164033565503672e-05
26.3,6.644703506844776,5.559104209397572,3.0344088783804337,7.63507744501645,5.501031607785941,3.0343522224803245,0.9920750800557461,5.665590010917043e-05
26.330000000000002,6.630131699966354,5.560653528386748,3.0347404310616475,7.615608171717622,5.503074720640856,3.034719968621091,0.9871571280585311,2.046244055664559e-05
26.359999999999996,6.61539447082178,5.56241863780397,3.0348553341575486,7.596172992111822,5.505152342289794,3.0352357368880267,0.9824489485086737,0.00038040273047812434
26.400000000000002,6.595549929245109,5.564790704554149,3.035597685719732,7.5764840274883225,5.507300638306806,3.035455299503174,0.9826173277595656,0.00014238621655815464
26.429999999999996,6.58062840660333,5.5665170156640595,3.0353792217116102,7.5764840274883225,5.507300638306806,3.035455299503174,0.9976146535589537,7.607779156382222e-05
26.459999999999997,6.562360637606899,5.570202922827287,3.035212101689799,7.556598990491836,5.509427825949701,3.0352471806646273,0.9960941294615853,3.5078974828461895e-05
26.499999999999996,6.545415208138296,5.571024718536137,3.034989781185766,7.536698954698406,5.511550403972821,3.0350747551298514,0.9930662919901291,8.497394408557568e-05
26.529999999999998,6.530828118217591,5.572589585311402,3.0350026701394683,7.516832807626641,5.51369148478885,3.034982211378288,0.9877622354503143,2.0458761180286444e-05
26.56,6.5161052958827135,5.574359080922606,3.034881814101387,7.496932209009316,5.515809694026437,3.034923281132219,0.9825728798513507,4.14670308317433e-05
26.599999999999998,6.496272381766354,5.576735681139772,3.034878981251159,7.477054114633653,5.517945683707237,3.034914279494757,0.9825421473526207,3.529824359782552e-05
26.63,6.481375766800969,5.578462263700541,3.0349248105780346,7.477054114633653,5.517945683707237,3.034914279494757,0.9975157285962503,1.0531083277864894e-05
26.66,6.4630472375076975,5.582107788985598,3.034832105545806,7.457167775637936,5.520077884795412,3.034893751468954,0.9960538907841278,6.164592314794604e-05
26.7,6.446136093094054,5.582971601508808,3.03493908434259,7.4372822914683345,5.52220874670512,3.034885620846408,0.993007004545125,5.346349618173818e-05
26.73,6.4315483426771785,5.584539301612839,3.034899436998955,7.417396807086607,5.524340186992394,3.0348789579472872,0.9876847311665371,2.0479051667798842e-05
26.76,6.416828615765583,5.586312481588029,3.0348473062980967,7.397502188402912,5.526466761375856,3.034886569785094,0.9824979217774338,3.926348699723192e-05
26.8,6.396994819760142,5.588689946846266,3.0348139243294363,7.377612878762745,5.528598582414274,3.0348853626348857,0.9824575053005254,7.143830544942276e-05
26.830000000000002,6.382095695145778,5.590417767188203,3.0348933989851425,7.35770945915807,5.530732907646982,3.034894734694712,0.9774377212839122,1.3357095696164833e-06
26.859999999999996,6.363858160534397,5.594029643102708,3.0348406625384743,7.35770945915807,5.530732907646982,3.034894734694712,0.9958648906831252,5.407215623787209e-05
26.900000000000002,6.346863621943753,5.5949230434533845,3.0349054455981235,7.337818490223841,5.532860086403685,3.0348927983204517,0.9928964505958101,1.2647277671806734e-05
26.929999999999996,6.332264698607819,5.5964925373328125,3.0349360530789027,7.317920945138665,5.534984664701949,3.0349155962074335,0.9875735186409418,2.045687146923214e-05
26.959999999999997,6.322452175507893,5.597629141943301,3.034928014838616,7.298018877140693,5.537144563710448,3.0348391866719377,0.9774399078913791,8.882816667821203e-05
26.999999999999996,6.297726928888309,5.600652860311971,3.034421152829894,7.27788330899339,5.539377925930631,3.0345800592043246,0.9820698279878743,0.00015890637443050082
27.029999999999998,6.282826731048461,5.602388415269733,3.03436651886035,7.27788330899339,5.539377925930631,3.0345800592043246,0.9970496051241512,0.00021354034397447208
27.06,6.26462234792889,5.605969512479318,3.034504699884218,7.257681266957506,5.541677766436355,3.0344292180973724,0.9951379026404004,7.5481786845355e-05
27.099999999999998,6.24761532259926,5.606878810174674,3.0340406747663926,7.23753529239627,5.5439633709681475,3.0340694935397043,0.9919172844010048,2.8818773311733992e-05
27.13,6.233033754243465,5.608440463697308,3.0340894058009993,7.21765862366032,5.546153481114462,3.034068857248707,0.9865930273792912,2.0548552292165567e-05
27.16,6.218293661879178,5.610217298639489,3.0340839451045034,7.197791007092844,5.548298063036828,3.0341438962366696,0.9814525159263882,5.995113216616943e-05
27.2,6.198453138821565,5.612595279544332,3.0342274239708193,7.17790579907938,5.550438079017443,3.0342256462481205,0.9814229624700311,1.7777226988258121e-06
27.23,6.183554029414268,5.614323711211903,3.034285916436225,7.158030861602061,5.552582804330449,3.034311507142339,0.9764307635737925,2.55907061141869e-05
27.26,6.165357973357013,5.617800092413385,3.0343545970636394,7.158030861602061,5.552582804330449,3.034311507142339,0.9948129259924492,4.3089921300421e-05
27.3,6.148331543108158,5.618802700857431,3.0343924582112884,7.138177941295835,5.554730551142103,3.0344007091411265,0.9919179060659505,8.250929838027332e-06
27.330000000000002,6.1337272083895185,5.620381065569763,3.034335659950307,7.1184188840230505,5.5568229107392195,3.0343152392933006,0.9867407638825085,2.0420657006248177e-05
27.359999999999996,6.118970919217304,5.622161328063884,3.0345690670971686,7.09899050048076,5.558862696919152,3.034846351523337,0.9820616560912027,0.00027728442616847815
27.400000000000002,6.099150772047242,5.6245327772608835,3.0351812910096068,7.0795871605724265,5.560897088736942,3.035103985223878,0.9824993703805731,7.730578572884284e-05
27.429999999999996,6.084245141987441,5.626260508720758,3.0352361297656345,7.0795871605724265,5.560897088736942,3.035103985223878,0.9974858949543173,0.00013214454175658474
27.459999999999997,6.066071961941157,5.629724826462274,3.0352842765597194,7.060085815555341,5.562973957479126,3.035245842948089,0.9962525882962247,3.84336116305839e-05
27.499999999999996,6.049017392149334,5.630740841663939,3.035487649973882,7.0405005656454245,5.56505709211698,3.0353557440547205,0.9936564991386235,0.0001319059191615679
27.529999999999998,6.034407702509032,5.632317460382913,3.0355144135535723,7.020814182654455,5.5671386154798945,3.0354939684531788,0.9885575480950888,2.04451003935624e-05
27.56,6.019682443216068,5.634101075993682,3.0353857977872463,7.001046471757087,5.569201872763237,3.035757387426201,0.9835076324534575,0.0003715896389548945
27.599999999999998,6.004788631240812,5.635815806756837,3.0357372266872544,6.981177175293113,5.57133866982042,3.0356909032439896,0.9785151455874812,4.632344326482851e-05
27.63,5.984960868633869,5.638208023089026,3.035690593103744,6.981177175293113,5.57133866982042,3.0356909032439896,0.9984580311962776,3.1014024548525754e-07
27.66,5.966858854803356,5.6416050034042975,3.0356360925731356,6.961297430866251,5.573460517952973,3.0356536576110993,0.9967706619174863,1.7565037963684915e-05
27.7,5.949771038480033,5.642682319825916,3.035590140134372,6.941412315683327,5.5755803032901525,3.0356283782108555,0.9939090015069524,3.823807648339894e-05
27.73,5.935166078874919,5.644267747632661,3.035630096620723,6.9215240043883774,5.577698652780772,3.03560962843542,0.9886017406481811,2.0468185302657815e-05
27.76,5.920436412366808,5.646059344271538,3.0356060714535196,6.901633466512078,5.5798164624016175,3.0355953013485673,0.9834306170044681,1.0770104952317894e-05
27.8,5.900601942443923,5.648442628657493,3.035607468522316,6.881741189742006,5.581934149592893,3.0355841148166887,0.9833908685645476,2.3353705627560117e-05
27.830000000000002,5.890675346033239,5.649638381223674,3.0356250967450875,6.861847524706894,5.584051886403445,3.0355750838379465,0.9733842966334196,5.001290714101714e-05
27.859999999999996,5.867641531240803,5.653529218699528,3.0355828656023855,6.861847524706894,5.584051886403445,3.0355750838379465,0.9966306523215491,7.781764439052097e-06
27.900000000000002,5.850495337397357,5.65464546451884,3.035504343565996,6.841952908774841,5.5861707638002835,3.0355686562900766,0.993819350023049,6.431272408047306e-05
27.929999999999996,5.8408530533489165,5.655707761436824,3.0355518866801297,6.822059892945912,5.5882894333240865,3.035539287166062,0.9835202555298194,1.259951406762383e-05
27.959999999999997,5.8211456090564955,5.65803063198684,3.0356107443112106,6.802163079042786,5.590409458712561,3.0355161019937995,0.9833452595570348,9.464231741107554e-05
27.999999999999996,5.801310536908075,5.660414404636084,3.035596831838967,6.782261646544793,5.592517880155907,3.0355020605299563,0.9832980308807675,9.477130901069941e-05
28.029999999999998,5.7864121934454555,5.662141844473223,3.035526296587429,6.782261646544793,5.592517880155907,3.0355020605299563,0.9982803362009632,2.423605747248203e-05
28.06,5.7683471157329835,5.665453811958621,3.035491341184468,6.762360936513846,5.594639119667455,3.035469524445374,0.9965330885362821,2.1816739093960535e-05
28.099999999999998,5.751229219813374,5.666608786324854,3.0352236161786457,6.742309231269255,5.596777329753867,3.0353110003407973,0.9935371263491942,8.738416215159361e-05
28.13,5.74158738120727,5.667677432399787,3.0349028474786937,6.7222182563984045,5.5988712812994725,3.0347523671978824,0.9830418097961904,0.000150480280811216
28.16,5.721903465945964,5.6700066589985685,3.0338468976154167,6.70207895572658,5.601024095247053,3.0341068576469277,0.9825999108835715,0.00025996003151096403
28.2,5.702067212494908,5.672393229907517,3.034107941754282,6.682251169119157,5.603172980630947,3.034155142894655,0.982625071801792,4.720114037315426e-05
28.23,5.687191392003214,5.674123685879078,3.03420154508876,6.662434869753359,5.605305726902565,3.0342076933858837,0.9776685288848622,6.1482971238646655e-06
28.26,5.669144426869175,5.6789307019332735,3.034228049101365,6.662434869753359,5.605305726902565,3.0342076933858837,0.9960153316457191,2.035571548120174e-05
28.3,5.651977187524263,5.678567816267113,3.0342601006831997,6.642623763336704,5.607432037475591,3.034322438601017,0.9931973304400236,6.233791781706799e-05
28.330000000000002,5.637353838744643,5.680171739486992,3.034375780596791,6.622912789140612,5.60952518984687,3.0343553332318365,0.9880877388580726,2.0447364954545577e-05
28.359999999999996,5.622613674960684,5.6819632096043655,3.034495022828016,6.603269080127574,5.611559615452315,3.034482658034836,0.9831793782177104,1.2364793180008604e-05
28.400000000000002,5.602779520042365,5.684342893278357,3.034626473385282,6.583642425055277,5.613601668558763,3.034695936795353,0.9834105751440739,6.946341007108003e-05
28.429999999999996,5.587888819054975,5.686073672043777,3.03483235368287,6.583642425055277,5.613601668558763,3.034695936795353,0.9983874173644901,0.00013641688751686587
28.459999999999997,5.569889249601849,5.689315443313821,3.034799200983293,6.56390349585469,5.615660162838337,3.034794151213748,0.9967393952761797,5.049769545184546e-06
28.499999999999996,5.552667880687231,5.690523721168828,3.035721866107283,6.544388727201681,5.617717211716811,3.0355841480180947,0.994389775304394,0.00013771808918816575
28.529999999999998,5.538053052251409,5.692126675273302,3.0355454728111995,6.524696746942015,5.619788098472357,3.0355253945706764,0.9892919942900158,2.0078240523080382e-05
28.56,5.523320850810734,5.69392362768666,3.0356048477224493,6.504967408459701,5.621863947549566,3.0355320698463912,0.9842878449140413,7.277787605808328e-05
28.599999999999998,5.508433870044212,5.69563858618429,3.0358431055540227,6.48524211133427,5.623942686404768,3.0358878713330264,0.9794358796252932,4.476577900369705e-05
28.63,5.4885652395123445,5.698036904269927,3.0358031732944606,6.48524211133427,5.623942686404768,3.0358878713330264,0.999427205926369,8.469803856581137e-05
28.66,5.470673134703164,5.701202203992512,3.035722079235924,6.465379909988284,5.62610330754123,3.0357301984254588,0.9975376750009612,8.119189534916416e-06
28.7,5.45340956593508,5.7024870345648875,3.0356979636496315,6.445498955017251,5.628230907011756,3.035703683150065,0.9948644774081654,5.719500433265523e-06
28.73,5.438785102916124,5.704094029435438,3.0357018971757888,6.425612496174063,5.630348170951625,3.0356814516981974,0.9895790800778751,2.0445477591390926e-05
28.76,5.428963824375021,5.705247076316139,3.035692416712005,6.405722062763758,5.632463882572607,3.0356635382676562,0.979466206436841,2.8878444348734433e-05
28.8,5.404215405785531,5.708290651647909,3.0356618418341603,6.385828627474442,5.63457954579402,3.0356495889239667,0.9843768811388687,1.2252910193577549e-05
28.830000000000002,5.389314036377088,5.710018637327207,3.035664370765128,6.365932694980208,5.63669560659196,3.035639011403481,0.9793672810381,2.5359361647048217e-05
28.859999999999996,5.371457107567935,5.713146539619673,3.0356215353379894,6.365932694980208,5.63669560659196,3.035639011403481,0.9974098651606537,1.747606549162839e-05
28.900000000000002,5.354135627857938,5.7144706969604675,3.0355863050068286,6.346034632723925,5.638812153779275,3.0356310484284195,0.9947803028862379,4.474342159088707e-05
28.929999999999996,5.339499177367753,5.716085220560322,3.0356452240052554,6.326134891178939,5.640929181525143,3.0356247766304794,0.9894940434237922,2.0447374776022542e-05
28.959999999999997,5.32475203384801,5.717897178723058,3.0356408400959913,6.306234085529473,5.643046554119644,3.035619012714162,0.9843320749505097,2.1827381829542247e-05
28.999999999999996,5.304912470493725,5.7202884469253075,3.0356756572765025,6.286341130573282,5.6451559641264835,3.03554177998625,0.9843003123016222,0.00013387729025238215
29.029999999999998,5.290015402478872,5.722016140683555,3.0355303834047445,6.286341130573282,5.6451559641264835,3.03554177998625,0.9992859666798293,1.1396581505618286e-05
29.06,5.272158409578633,5.725056122232788,3.034931750954453,6.266329709715087,5.647334266536727,3.035130486817032,0.9972047236489842,0.00019873586257901366
29.099999999999998,5.254868932858576,5.726462202285269,3.0351980628628517,6.246364483164091,5.649547791245032,3.0351521433089697,0.9944743601025124,4.5919553882001196e-05
29.13,5.240237831322036,5.72809573489097,3.035021694595018,6.226204054172687,5.6517893841205185,3.035001215619019,0.9889145826461875,2.0478975998994287e-05
29.16,5.230411971495744,5.7292471958727464,3.0351513538147876,6.205994188923051,5.654014855970697,3.034646669947799,0.9784787008042218,0.0005046838669886533
29.2,5.205668660260066,5.732282304126852,3.0348174149725433,6.1860017059308445,5.656166737955805,3.0347221876115693,0.983283509394764,9.522736097400397e-05
29.23,5.195739144116661,5.7334771465744145,3.034781112624971,6.1661378765593255,5.658325154851058,3.034787491345918,0.9733044342785646,6.378720946997873e-06
29.26,5.172951547955634,5.7370422395175975,3.034941014656329,6.1661378765593255,5.658325154851058,3.034787491345918,0.9963008896631976,0.00015352331041107448
29.3,5.155598444915372,5.738440801533109,3.0349048755803376,6.1462814573364755,5.660466422640755,3.0348560764894317,0.9937468665929978,4.87990909059377e-05
29.330000000000002,5.1409617429610925,5.740062130758371,3.0349567979644188,6.126417914960417,5.662588633668887,3.034936310765051,0.9884968435371132,2.048719936764698e-05
29.359999999999996,5.126214613630672,5.741870062993097,3.034979399481434,6.106573018892247,5.66469324343988,3.035022986944492,0.9833915111710946,4.358746305799244e-05
29.400000000000002,5.106383349138556,5.744255009975474,3.035124443350466,6.08676089384129,5.666794687442949,3.03513934582831,0.983432881148583,1.4902477844191964e-05
29.429999999999996,5.091496924995963,5.745980945166276,3.035138839056987,6.08676089384129,5.666794687442949,3.03513934582831,0.9984091501453587,5.067713231277082e-07
29.459999999999997,5.073658415344771,5.748957748129762,3.0352384077220242,6.067009640677523,5.6688327021974905,3.035208557845512,0.9965774831169569,2.9849876512333395e-05
29.499999999999996,5.056318130949302,5.750397327951127,3.0356103667637586,6.04747042744567,5.670875335109289,3.035479257236909,0.9943372778869153,0.00013110952684947108
29.529999999999998,5.041697015229867,5.7520321877863925,3.0356507723431387,6.027951353642236,5.672962049942388,3.0356299936821776,0.9894188732462553,2.0778660961173756e-05
29.56,5.026925460529708,5.7538437005273355,3.0356085585825796,6.008417293801388,5.67503650712998,3.035912694047104,0.984650594124724,0.0003041354645243466
29.599999999999998,5.0120292891066605,5.755560071016372,3.0359340919380338,5.988598863472914,5.677134324340655,3.035856266429479,0.979713596577862,7.782550855495174e-05
29.63,4.992157607781867,5.757954394336715,3.0358097681650302,5.988598863472914,5.677134324340655,3.035856266429479,0.9997134888343352,4.649826444858007e-05
29.66,4.974457010851959,5.76086872765276,3.035780163622426,5.96871352002476,5.679236544707203,3.035782074083831,0.9976020345433054,1.9104614046305812e-06
29.7,4.957044350529375,5.762370215969865,3.035862674920041,5.948824967275795,5.681349634604709,3.0357791205459113,0.9950844820208263,8.35543741297684e-05
29.73,4.9424036961724065,5.76400189019138,3.0357942079705658,5.92893594108597,5.68346364053818,3.0357737477041944,0.9898142653606264,2.046026637136933e-05
29.76,4.927659239806761,5.765821121265233,3.035762747440701,5.909199232804748,5.685568499804813,3.0359229163247012,0.9848153335045902,0.00016016888400027796
29.8,4.909390077814575,5.768028914421382,3.0365612862075237,5.890937944561409,5.687580446049693,3.0365482156856856,0.9848391598523132,1.3070521838187688e-05
29.830000000000002,4.896125888003713,5.7695636742732805,3.0365483636376545,5.8730410999478275,5.689458773864851,3.036476361022993,0.980193922852646,7.200261466167035e-05
29.859999999999996,4.879928231350606,5.772256235329676,3.0364079144201894,5.8730410999478275,5.689458773864851,3.036476361022993,0.9965583722985932,6.844660280336257e-05
29.900000000000002,4.866046639377896,5.7733687239565565,3.0372466910535105,5.855948808443012,5.691324321568171,3.037014365169507,0.9932963245089995,0.0002323258840033482
29.929999999999996,4.854498901475854,5.774641720152479,3.037239497543911,5.839848231409094,5.693022473757536,3.037219188082119,0.9887239267773192,2.0309461791878647e-05
29.959999999999997,4.842744546401918,5.776093250879459,3.0370136869530895,5.824087871926768,5.694637270574206,3.037014275950318,0.9847181318934168,5.889972283235068e-07
29.999999999999996,4.828448635069228,5.777829047590307,3.0373416923731074,5.809330069836142,5.6962990623243375,3.037445265128134,0.9842639521834929,0.00010357275502670404
30.029999999999998,4.818111847175826,5.779031690724027,3.0377628831776806,5.809330069836142,5.6962990623243375,3.037445265128134,0.9946648946935831,0.00031761804954655304
30.06,4.8048717822203795,5.781318191262104,3.037890674339606,5.795138980012403,5.697776186893108,3.037844057039382,0.9937848809057505,4.661730022403887e-05
30.099999999999998,4.794987612170159,5.781980167311167,3.0382327069618102,5.781646842616832,5.6992110881620315,3.0381343744795344,0.9901248191459582,9.833248227586466e-05
30.13,4.786398481141248,5.782936271328632,3.0387370189557017,5.768929489882499,5.700691951009263,3.038716623659962,0.9859671958857938,2.03952957398279e-05
30.16,4.777646832578652,5.783998309575335,3.039279831018415,5.756619936605385,5.702014762482779,3.039417790565174,0.9823999391294839,0.00013795954675899225
30.2,4.767325252066611,5.785240910997333,3.0404821176809764,5.745027555978913,5.703344517768488,3.0409700349250306,0.9811262988521495,0.00048791724405417014
30.23,4.759955135029986,5.786105009536336,3.0415820395158923,5.733951259326599,5.7047060281125095,3.042344461187925,0.977391551181848,0.0007624216720327759
30.26,4.749808713136849,5.787988738434891,3.04278193965497,5.733951259326599,5.7047060281125095,3.042344461187925,0.987660144513023,0.0004374784670448939
30.3,4.743818162695627,5.788199113534981,3.04452730046838,5.723468839425842,5.706118123099837,3.0440484658757274,0.9830832810137619,0.0004788345926525217
30.330000000000002,4.738176784045169,5.788837481564156,3.046747270656002,5.713761030427606,5.707760431468616,3.046726458875342,0.9789474499899274,2.081178065971301e-05
30.359999999999996,4.7343846176058495,5.789266517260665,3.0475837455671253,5.704640422996357,5.7090966068293305,3.0485868594123415,0.9735622950959797,0.0010031138452162303
30.400000000000002,4.726030621638452,5.790254027806133,3.049979379641839,5.696555316844588,5.7101261727814085,3.0499668247019986,0.9738268106577408,1.2554939840203616e-05
30.429999999999996,4.721600402982841,5.7907186811149405,3.050268212579429,5.696555316844588,5.7101261727814085,3.0499668247019986,0.9782802443383266,0.00030138787743050344
30.459999999999997,4.714311243786472,5.792265447025812,3.0501989592138403,5.689464816215361,5.710833403051571,3.050200670279208,0.9785477339438516,1.7110653676155607e-06
30.499999999999996,4.712409788085714,5.792084144495491,3.0495882589642096,5.683186802557923,5.711492892758352,3.0495674754662923,0.9741165031371426,2.0783497917342686e-05
30.529999999999998,4.709489897781706,5.792277266031416,3.0487292035116673,5.677991441309714,5.712048634874659,3.0487085558159817,0.9718188478689943,2.0647695685660494e-05
30.56,4.706536441303307,5.792640660279842,3.0484832881055888,5.673733988715133,5.712426352350417,3.0483658913498806,0.9705181249806978,0.00011739675570821007
30.599999999999998,4.704031041228371,5.79294635529669,3.0484762745891296,5.670425448878321,5.71269662854483,3.048111723805077,0.9697206658522066,0.0003645507840528417
30.63,4.702536548747073,5.793115111723283,3.048200173275936,5.670425448878321,5.71269662854483,3.048111723805077,0.9712239985883794,8.84494708590644e-05
30.66,4.698262598010805,5.794222852829898,3.0476476113518127,5.667950874213958,5.712861360574787,3.047844559237535,0.9730955993260999,0.00019694788572222066
30.7,4.70004473542033,5.793531324760057,3.0474037913020076,5.6660660179174505,5.712986938287514,3.047554673276461,0.9693732596010783,0.000150881974453565
30.73,4.700326567081262,5.793428475731096,3.0471241604801143,5.665293682990492,5.712941470299662,3.047103610922507,0.968317970931809,2.054955760710797e-05
30.76,4.700407037542356,5.793419728027067,3.047204255124503,5.6651446679691215,5.712992740019114,3.047503134612927,0.9680842917646592,0.00029887948842377554
30.8,4.700342218408392,5.793431941140411,3.04776037750131,5.66508602238351,5.713069165529361,3.0479017889362447,0.9680851114505856,0.00014141143493473507
30.830000000000002,4.700307042682546,5.79343586110595,3.0481302938439288,5.665127000495572,5.713103810636919,3.048281951478986,0.9681584525928013,0.00015165763505731178
30.859999999999996,4.697453493345421,5.794331197658428,3.048387085615263,5.665127000495572,5.713103810636919,3.048281951478986,0.9710766729989012,0.00010513413627677437
30.900000000000002,4.699780457657349,5.793564842466324,3.0485822834753207,5.665166903219763,5.71310617278759,3.0485671467728648,0.9687334962734093,1.5136702455897932e-05
30.929999999999996,4.700009515982636,5.793483966677929,3.048824171945538,5.665198077298697,5.713098660007921,3.0488029830343586,0.968530204187665,2.1188911179415015e-05
30.959999999999997,4.700124976299872,5.793447266850142,3.048906924076156,5.6652158641034625,5.713081140004171,3.0489913319025326,0.9684312758609904,8.44078263764203e-05
30.999999999999996,4.700127223957309,5.793441455257977,3.049091084867736,5.665202232316069,5.713047380752763,3.049151056940015,0.9684177708893056,5.9972072278924315e-05
31.029999999999998,4.700123375371039,5.793441702534871,3.0492565704933683,5.665202232316069,5.713047380752763,3.049151056940015,0.9684216267190298,0.00010551355335319812
31.06,4.697372517764609,5.794316102832118,3.049357198913128,5.665158161392629,5.713011448088191,3.0493229985605024,0.971194882037344,3.420035262546861e-05
31.099999999999998,4.699714357057132,5.793573109943022,3.049540511555699,5.665088777352004,5.712982079853755,3.04948790770278,0.9687325149340813,5.2603852918942096e-05
31.13,4.699968298413783,5.793505229676807,3.0496578287793583,5.665097826879523,5.713017733135912,3.0496373751456427,0.96847986236985,2.0453633715611375e-05
31.16,4.700102304545288,5.793455322869001,3.0497152190115346,5.6651395425362345,5.713036548924,3.049705658028424,0.9683821817402528,9.560983110556975e-06
31.2,4.700127893208642,5.793444832951498,3.049754440075436,5.665163899603465,5.713046568068108,3.0497749131196756,0.9683792514478655,2.0473044239466276e-05
31.23,4.700133060801271,5.793443040844967,3.0498331007468606,5.6651768144695875,5.713050615255313,3.0498466869205325,0.9683864871973498,1.3586173671864543e-05
31.26,4.697321695336445,5.794380642768418,3.049902159931903,5.6651768144695875,5.713050615255313,3.0498466869205325,0.9712662379633671,5.5473011370654746e-05
31.3,4.6997376036092735,5.793577966744305,3.0499794399039764,5.6651874619855915,5.71305145498482,3.0499094054022176,0.9688023266564769,7.003450175879777e-05
31.330000000000002,4.6999982772657125,5.793492442950913,3.0499874008547336,5.6651984722144295,5.713049446536444,3.049966804096642,0.9685465874190975,2.059675809151784e-05
31.359999999999996,4.700139359862392,5.793447474627904,3.049924912063388,5.665202501001447,5.7130490725854575,3.049993786350452,0.9684063039014967,6.88742870642578e-05
31.400000000000002,4.700158416602209,5.7934413678072625,3.0500073549714055,5.665190732773572,5.713052487634642,3.0499984708180787,0.9683747948550059,8.884153326782496e-06
31.429999999999996,4.700159654368377,5.793439902119072,3.050025228340178,5.665190732773572,5.713052487634642,3.0499984708180787,0.9683734396891454,2.6757522099352116e-05
31.459999999999997,4.6973988076438635,5.794354813020015,3.0500636145303797,5.665186695901619,5.713050955534804,3.0500092930087592,0.971197052044734,5.432152162043735e-05
31.499999999999996,4.699754571034214,5.793574511574493,3.0509641295944863,5.665297594957168,5.713081706775529,3.050699626739023,0.968892368981553,0.00026450285546308905
31.529999999999998,4.700047190456456,5.793515574057587,3.052884128691447,5.665827671408567,5.713087261005617,3.0528636463830803,0.9691236510004684,2.048230836670939e-05
31.56,4.700154840720675,5.793459336669663,3.054669152354465,5.666610233480895,5.7132887132955945,3.0554371427555784,0.96977489916346,0.0007679904011133054
31.599999999999998,4.700176968173677,5.7934494601721696,3.057695709279201,5.667756786801485,5.713485558713407,3.058614889210933,0.9708784326332152,0.0009191799317318505
31.63,4.700242652780923,5.793441544117643,3.060596535098138,5.667756786801485,5.713485558713407,3.058614889210933,0.9708123192108353,0.0019816458872052856
31.66,4.697438123143361,5.7943159646841025,3.0639488734411304,5.669244558342024,5.713750501069938,3.06286184972656,0.9751402675620047,0.0010870237145703676
31.7,4.6997864362336506,5.793567120482317,3.069785976317186,5.671095080442583,5.713918897046578,3.0683276134528246,0.9745687876242822,0.0014583628643616287
31.73,4.700091681928614,5.793472752438262,3.0751023846096444,5.673313436961063,5.7139925626272765,3.0750819396108358,0.9764618195509908,2.0444998808599735e-05
31.76,4.700169294819149,5.793441272780451,3.0810453220354383,5.675958041103874,5.7140794275724796,3.0834818100535015,0.9790107148804491,0.0024364880180631765
31.8,4.700194498134559,5.793443651560694,3.0909863989385165,5.67906574251428,5.714250448258548,3.0939770030290545,0.9820694866060945,0.002990604090538085
31.830000000000002,4.700271283178325,5.793459636652696,3.1001724888172997,5.6826600468521375,5.714536464429426,3.107005555620975,0.9855539305925098,0.006833066803675347
31.859999999999996,4.693121699855107,5.7959467944051095,3.1070260009592467,5.6826600468521375,5.714536464429426,3.107005555620975,0.9928815548716602,2.0445338271724012e-05
31.900000000000002,4.699809083034315,5.793594806199199,3.127023457656762,5.686788573426315,5.714980836661246,3.1229173755019874,0.9901053836137683,0.004106082154774704
31.929999999999996,4.700148294949055,5.793544236892643,-3.1410989252221886,5.691514190368562,5.715642540517165,-3.141119368727688,0.9944219491237605,2.044350549956775e-05
31.959999999999997,4.700195531492777,5.793474600815237,-3.1247964143715854,5.696916786541221,5.71660484262565,-3.118340842038089,0.9996810591330977,0.006455572333496473
31.999999999999996,4.700222982146955,5.7934775798336045,-3.0990534067119726,5.703097444047648,5.717982318631459,-3.0914832279763553,1.0057120466597707,0.007570178735617272
32.03,4.7003404519757845,5.793549968846088,-3.076544615542917,5.703097444047648,5.717982318631459,-3.0914832279763553,1.0056003455190197,0.014938612433438525
32.06,4.693076798880796,5.7958924806891305,-3.0613997118810548,5.709760750815194,5.719658701895511,-3.0614201327436494,1.0195380557635407,2.0420862594683342e-05
32.099999999999994,4.699605050576012,5.79352240557116,-3.0233867837489035,5.715820292982596,5.720869377807365,-3.0310656069989514,1.018809050481355,0.007678823250047984
32.129999999999995,4.699638251086849,5.793298610782578,-2.999242703746054,5.721252373076917,5.721388514389957,-2.999263142938518,1.0241418242668991,2.043919246386139e-05
32.16,4.69971639853018,5.793265044074213,-2.974082772254198,5.726076328162519,5.721144948516779,-2.965178817360893,1.0288906712270813,0.008903954893304977
32.2,4.699581400684939,5.793175922632068,-2.938177086905264,5.730145898671428,5.719830453484177,-2.928332687878365,1.0331712067003558,0.00984439902689882
32.230000000000004,4.699342228655038,5.7929329417118405,-2.908654366130413,5.7333066279344544,5.71683041766478,-2.888041197998538,1.0367612903381271,0.02061316813187508
32.260000000000005,4.696609140211336,5.793941862994454,-2.877713686409156,5.7333066279344544,5.71683041766478,-2.888041197998538,1.0395613767605336,0.010327511589381722
32.3,4.698976169585977,5.793072890191823,-2.832446924688514,5.735622118363463,5.7112202467502,-2.843649828462427,1.0398724336932657,0.01120290377391342
32.33,4.699142178637475,5.792664213228802,-2.797666959904465,5.737707256647262,5.703845233842279,-2.797686901384192,1.0423560967158676,1.9941479727059175e-05
32.36,4.699473620679072,5.793090119905607,-2.761951890634475,5.740625896099122,5.698234100251971,-2.749896281448372,1.0454643585875503,0.012055609186103045
32.400000000000006,4.699452171001805,5.793149273013752,-2.7151599210936004,5.743676248120484,5.69188330358367,-2.7042518768471653,1.0491228335132983,0.0109080442464351
32.42999999999999,4.6991438132093375,5.792991105868481,-2.6825126630471283,5.743676248120484,5.69188330358367,-2.7042518768471653,1.0494145011692344,0.02173921380003696
32.459999999999994,4.696236153158535,5.793818198658111,-2.6511915249732,5.746223655388149,5.68518904886773,-2.6616666748678943,1.055591799429384,0.010475149894694447
32.5,4.6982543806523465,5.792743587693634,-2.612913418140043,5.748207797410325,5.677985854462879,-2.6225605690832157,1.0562061894810193,0.00964715094317281
32.53,4.698071918910638,5.79236755635799,-2.5845556977837596,5.749137582662451,5.670829110835964,-2.584570201419836,1.0580692903860076,1.450363607657934e-05
32.56,4.69804524563093,5.792161245594992,-2.5535977931221883,5.749982795648814,5.664161545616711,-2.544833646296646,1.059696434047108,0.008764146825542163
32.599999999999994,4.698259083359802,5.792325507035548,-2.5191121536045835,5.750417786723248,5.655674967439305,-2.5116747071858434,1.060995432146337,0.007437446418740112
32.629999999999995,4.698438836795253,5.79249671598935,-2.4951274624074986,5.750417786723248,5.655674967439305,-2.5116747071858434,1.0608392441684549,0.016547244778344794
32.66,4.695791137357009,5.793462593180324,-2.467397880613928,5.750553811001509,5.64826778293824,-2.4766322813037407,1.0647092704747751,0.009234400689812627
32.7,4.698161018325313,5.792679017363114,-2.429751486971746,5.750900531180193,5.6421512922348445,-2.4390922303534364,1.0634467913150252,0.00934074338169033
32.730000000000004,4.698409595209756,5.792591487299271,-2.402807604655347,5.751200287258827,5.636109437022724,-2.4028262377040557,1.064356553662312,1.86330487088604e-05
32.760000000000005,4.698478298419149,5.792503999158784,-2.3756327838065467,5.7518765105740375,5.630578867782133,-2.367256699297157,1.0657708672798585,0.00837608450938987
32.8,4.698494993260943,5.792517012876579,-2.340301254212152,5.75269585701071,5.625403898158673,-2.33093711016364,1.0673641619622958,0.009364144048511935
32.83,4.698528296437321,5.792558532555075,-2.3123961612825252,5.753564350452449,5.620600545254208,-2.2936911078372453,1.0689577281952627,0.01870505344527995
32.86,4.695803484524773,5.793486429916761,-2.284316783578008,5.753564350452449,5.620600545254208,-2.2936911078372453,1.071796425914745,0.009374324259237454
32.900000000000006,4.698103342208841,5.792683089003999,-2.2452985092346553,5.754375610963188,5.616436868581517,-2.25512892703225,1.0708752662904606,0.009830417797594748
32.92999999999999,4.698329964117848,5.792705067180191,-2.214854541973499,5.7550941723239415,5.612944198256758,-2.21487485995612,1.0719442904095153,2.031798262125406e-05
32.959999999999994,4.698469295884186,5.792572349229751,-2.18365541540406,5.755719310505945,5.610080280643255,-2.1731087133615237,1.0728844059425457,0.010546702042536271
33.0,4.698504967745681,5.792586711832855,-2.140764438258506,5.756269988983709,5.607663254251532,-2.1299496763257717,1.0738079555109084,0.010814761932734118
33.03,4.698494782341326,5.7927034733215175,-2.107778580141417,5.756269988983709,5.607663254251532,-2.1299496763257717,1.073838102537251,0.022171096184354866
33.06,4.69581854095122,5.793596520718182,-2.0738290801915755,5.756669121555625,5.606000629465039,-2.0851798496676244,1.0773096921423124,0.01135076947604885
33.099999999999994,4.698161747033773,5.792834111127951,-2.027151651631407,5.756965240285189,5.605163818857791,-2.038917874081233,1.0753069217308,0.011766222449825836
33.129999999999995,4.698371654319974,5.792884344201988,-1.9904268181218339,5.75705257417496,5.605157578003485,-1.990447339164325,1.0751960885402931,2.052104249106179e-05
33.16,4.69852557657664,5.792719263104029,-1.9538688543297165,5.756878451864897,5.605515333818131,-1.9420067544533008,1.074781894046881,0.011862099876415622
33.2,4.69853996020884,5.79266622398867,-1.9100908672433181,5.756352367840748,5.60578821718417,-1.9002886757730033,1.0741929431751247,0.009802191470314803
33.230000000000004,4.698497139797351,5.792678137677823,-1.8798282282170888,5.7555198646059855,5.606392930504258,-1.8593951295118336,1.0733122654537999,0.020433098705255226
33.260000000000005,4.695840096774122,5.793610876359486,-1.8491797916098585,5.7555198646059855,5.606392930504258,-1.8593951295118336,1.0760909671595817,0.010215337901975152
33.3,4.697439780962149,5.793095944508847,-1.822050950937254,5.754173389399521,5.607235835224324,-1.822071504722325,1.0729538198004256,2.055378507104244e-05
33.33,4.698356029047184,5.792734743361853,-1.7977741009058426,5.7521394593723745,5.6084369888278305,-1.7906733402672477,1.0697780986514023,0.007100760638594883
33.36,4.698479794959965,5.792684188431972,-1.7683096061741983,5.7494752176721775,5.609946065658539,-1.7613556585907015,1.0667636102139872,0.006953947583496767
33.400000000000006,4.698518815049158,5.792661042172035,-1.7423920982814889,5.7466648818280435,5.610783010776588,-1.7371452576610187,1.0638090973517433,0.005246840620470206
33.42999999999999,4.69852709823543,5.792585575103826,-1.726014629448064,5.7466648818280435,5.610783010776588,-1.7371452576610187,1.0637880361192242,0.01113062821295463
33.459999999999994,4.6958554148818985,5.793615942173057,-1.7092755449520975,5.743680287810724,5.611540640114882,-1.714897386699182,1.0635263889287774,0.005621841747084355
33.5,4.6982120028396706,5.7928154180075975,-1.6895439580334002,5.741062087186068,5.611832804720123,-1.6944291313607414,1.0584380023098428,0.004885173327341175
33.53,4.698391084623823,5.792673462339298,-1.6762811512519704,5.738079808989914,5.612676890135055,-1.6763017968829557,1.0551546851430211,2.0645630985249852e-05
33.56,4.698531645213487,5.792535485241216,-1.6635499172165027,5.73558699444228,5.6131410364955014,-1.6600038434101427,1.0524572036927833,0.0035460738063599617
33.599999999999994,4.698568769856985,5.792456712947892,-1.6498241374994955,5.733288010752537,5.613387639006723,-1.6468957723878364,1.0500998241698807,0.0029283651116591702
33.629999999999995,4.698602908421364,5.792404863401603,-1.641026757279344,5.733288010752537,5.613387639006723,-1.6468957723878364,1.050057344917941,0.005869015108492359
33.66,4.69585460900632,5.793325537610677,-1.6328688987490134,5.731304417782331,5.613566536997422,-1.6355838686966857,1.0509374885290537,0.0027149699476722855
33.7,4.698166029477133,5.792545086312512,-1.6243014366370352,5.729557603167068,5.613718539455903,-1.6264671200895024,1.0467795910024515,0.0021656834524672597
33.730000000000004,4.698448798086712,5.792479921579014,-1.6192282795203758,5.728119621732215,5.613842276718957,-1.6192510172022512,1.045051871070501,2.2737681875328875e-05
33.760000000000005,4.698543574645568,5.792455124708525,-1.614756052131331,5.72703498337258,5.613993608543969,-1.613596463149454,1.0438597082831704,0.0011595889818771798
33.8,4.698568290621389,5.792494872891971,-1.6102239047836737,5.726144019165875,5.614194002690677,-1.6095137451196009,1.042930044733715,0.0007101596640728403
33.83,4.698623260299729,5.792568264335802,-1.6079642637493798,5.725642161841712,5.614467693930453,-1.6067572459999933,1.0423471769536352,0.0012070177493865852
33.86,4.69589794789658,5.793565780071395,-1.6061155794589854,5.725642161841712,5.614467693930453,-1.6067572459999933,1.0452029805797656,0.0006416665410078348
33.900000000000006,4.698223887125572,5.7928902758773315,-1.6052741152513872,5.725440452944628,5.614789057356255,-1.6054792197004,1.042542045738103,0.0002051044490127829
33.92999999999999,4.698530815267038,5.792920145710898,-1.6052926775322176,5.725484507526801,5.615175003081318,-1.6053164470822927,1.0422222516212027,2.3769550075103396e-05
33.959999999999994,4.698635037490001,5.792988651139124,-1.6056151246417696,5.725732007195372,5.615639219098868,-1.6060397074644375,1.0422960261955132,0.00042458282266788494
34.0,4.698686047274367,5.793181385389813,-1.6071503415241977,5.726157980829925,5.616181226367098,-1.6077478290363603,1.0426061723097866,0.0005974875121625978
34.03,4.6987623305582815,5.793375190222651,-1.6088133902005954,5.726157980829925,5.616181226367098,-1.6077478290363603,1.0425639179560826,0.0010655611642351737
34.06,4.6959305331939785,5.793973720501514,-1.6110558542349593,5.726732903246591,5.616994340972556,-1.6102906275380862,1.0458849013560418,0.000765226696873178
34.099999999999994,4.698175629802713,5.792833469162909,-1.6147091510925844,5.727111207270776,5.6182013279766165,-1.6137721799081723,1.0436497531810403,0.0009369711844120499
34.129999999999995,4.698340107025318,5.792571518314993,-1.6163778809146472,5.727253727074896,5.619639615837732,-1.6163962260733098,1.0433449479524655,1.834515866261377e-05
34.16,4.698509993022614,5.792495782874186,-1.617204576010254,5.726990614094227,5.620865160054334,-1.617186244862087,1.042702957993973,1.8331148166961242e-05
34.2,4.698530278434624,5.792583645011066,-1.6178530398329145,5.726624880988522,5.621495121219907,-1.617196970685124,1.0422330808286104,0.0006560691477905944
34.230000000000004,4.698587057591066,5.792446427406636,-1.6168608023802618,5.7267564069880645,5.621604955222091,-1.6167488322474153,1.0422662901857807,0.00011197013284647284
34.260000000000005,4.6958728783839545,5.793462652211234,-1.6167088363106188,5.7267564069880645,5.621604955222091,-1.6167488322474153,1.0451104810313947,3.999593679648861e-05
34.3,4.6981730464102425,5.792710607928786,-1.6170784203618753,5.726753266931039,5.621517939108581,-1.616963202315654,1.0427292073709233,0.00011521804622138809
34.33,4.698403471416588,5.792611502032152,-1.6172004793923709,5.726727078529671,5.6213447527006695,-1.6172192207645635,1.0424882447167616,1.874137219259886e-05
34.36,4.698546047774268,5.7925994140278405,-1.6167082337568839,5.72662129039381,5.62139223120516,-1.6163292529788966,1.0422334690160877,0.00037898077798725893
34.400000000000006,4.698554182353567,5.792577150870898,-1.6158204062944712,5.726397407073161,5.621528008775869,-1.6161018595860766,1.041978648348142,0.00028145329160533805
34.42999999999999,4.698554037099686,5.792538280804775,-1.616061140541454,5.726397407073161,5.621528008775869,-1.6161018595860766,1.0419724115051376,4.071904462255027e-05
34.459999999999994,4.6958201212902635,5.793451718500988,-1.6159798124768032,5.726344655459247,5.621475379880048,-1.6160320355242461,1.0447758977740942,5.222304744290085e-05
34.5,4.698170919706234,5.792611010508603,-1.6167152958735167,5.7264964111481715,5.621192264709765,-1.6165218319106527,1.0425150851477156,0.00019346396286401557
34.53,4.698397614060957,5.792458190735107,-1.617069040658997,5.726581937959678,5.6208360259443895,-1.6170877726799133,1.0424093108556367,1.8732020916401027e-05
34.56,4.69851852632123,5.792384598548613,-1.6168376236292181,5.726550548377715,5.620703736562419,-1.616567049139937,1.0422687545666272,0.000270574489281028
34.599999999999994,4.6985178284624745,5.792332974316647,-1.6164169518979479,5.726386479104772,5.620740892327115,-1.6167610994475072,1.0420929927673053,0.00034414754955935933
34.629999999999995,4.6985012080555775,5.792285205307012,-1.6171031365331707,5.726386479104772,5.620740892327115,-1.6167610994475072,1.0421015218085137,0.00034203708566349356
34.66,4.695751694056569,5.793167225989356,-1.617580455916621,5.726201705435046,5.6207916187490525,-1.6174329675417605,1.0447681924337888,0.0001474883748604494
34.7,4.69813457484465,5.792323841438289,-1.6189466690962868,5.726294822786434,5.620588431562945,-1.6185088303286526,1.0424042145217773,0.00043783876763425766
34.730000000000004,4.698436012729931,5.792233584810422,-1.6204634167962837,5.7266225059854765,5.620453156694754,-1.6204832154983444,1.0424375187015948,1.9798702060702666e-05
34.760000000000005,4.6985155658759306,5.792189340080221,-1.621776862930799,5.726895949258336,5.620464509928907,-1.6217881399497696,1.0426195999578372,1.12770189706346e-05
34.8,4.6985058880744,5.792195957289088,-1.6226666969671615,5.726893753219433,5.620586447944318,-1.6229535801975783,1.0426079919486095,0.0002868832304168123
34.83,4.6984695624921615,5.792207137339686,-1.6235065196262166,5.726796551782145,5.620668017303178,-1.6240281274968036,1.0425363622459891,0.0005216078705869709
34.86,4.695799354043591,5.793103333424492,-1.6242868719579011,5.726796551782145,5.620668017303178,-1.6240281274968036,1.0453177315967657,0.00025874446109752647
34.900000000000006,4.6981140395258105,5.792326787773042,-1.6249765326818737,5.726696905907037,5.620743814776339,-1.6248426618216054,1.0427959674046536,0.00013387086026828143
34.92999999999999,4.698364207244725,5.792247833914264,-1.6254172375478366,5.726630881528181,5.620732969242461,-1.6254381232187065,1.0424728784219501,2.0885670869885686e-05
34.959999999999994,4.698494041073742,5.7921925288317,-1.6258134303121925,5.726572286885617,5.620622734887754,-1.6260274915323658,1.042296058567617,0.00021406122017331164
35.0,4.698511681782917,5.79216823115675,-1.6263370382857394,5.726579583192323,5.620542431290764,-1.6264819546023959,1.04229507582449,0.00014491631665647375
35.03,4.698522683367574,5.792159174819748,-1.6266574434623984,5.726579583192323,5.620542431290764,-1.6264819546023959,1.0422827332047515,0.00017548886000251507
35.06,4.695792169472747,5.79309851921772,-1.626785063154812,5.726602793415997,5.620531408218184,-1.626766682138533,1.0451554670157919,1.8381016279045426e-05
35.099999999999994,4.698110201735316,5.792289412053499,-1.6271375812058586,5.726595791486763,5.620557610375324,-1.6270726158549365,1.0427245178061235,6.496535092215261e-05
35.129999999999995,4.698357182832011,5.792194526075113,-1.6273369688016277,5.726606595315768,5.620555024065231,-1.6273574776106783,1.0424763656425933,2.0508809050578947e-05
35.16,4.6984863142106095,5.792143882780913,-1.6275389030493144,5.726633153959375,5.620537426517319,-1.6275765153578694,1.042369752015436,3.761230855503506e-05
35.2,4.698504419698076,5.792131866359928,-1.6277337370614848,5.72666625187553,5.620522070910402,-1.6277131152498685,1.0423850896097502,2.0621811616328145e-05
35.230000000000004,4.698501096013934,5.792134127333804,-1.6277415067164827,5.7266447069368285,5.620570862217837,-1.6278272673168341,1.042359457489987,8.576060035148103e-05
35.260000000000005,4.69138182129776,5.7943785410522075,-1.627806796868858,5.7266447069368285,5.620570862217837,-1.6278272673168341,1.0497515666116064,2.0470447976039807e-05
35.3,4.698110070725095,5.792256276473018,-1.6278445885721804,5.726657649224148,5.620567058924509,-1.6278453530861823,1.0427786479683425,7.645140018830432e-07
35.33,4.6983553399815206,5.792173076544409,-1.6278368418139828,5.726660554194334,5.620562617379017,-1.62785729644078,1.0425266247306189,2.0454626797228315e-05
35.36,4.698483987227966,5.792135412316112,-1.6279396077062627,5.726659115784424,5.620562211339145,-1.6278726097730463,1.042392180647751,6.699793321640612e-05
35.400000000000006,4.698502572993552,5.7921307220180935,-1.6278626661051638,5.726658560849567,5.6205625518192806,-1.6278852385541622,1.0423724729623034,2.2572448998392503e-05
35.42999999999999,4.69850373252704,5.792129780786508,-1.6278701302759497,5.726658560849567,5.6205625518192806,-1.6278852385541622,1.042371174322477,1.5108278212494497e-05
35.459999999999994,4.6957610041058455,5.793059163414137,-1.6279368715686109,5.726658503007924,5.6205631277237895,-1.627895336546105,1.0452294176741517,4.153502250581198e-05
35.5,4.6981060836991615,5.792265357996696,-1.627840085704157,5.726658491787753,5.620563876423114,-1.6279033059673538,1.0427854309297786,6.322026319671714e-05
35.53,4.698353675478021,5.792180926648822,-1.6278890999338904,5.72665842441921,5.62056475591689,-1.6279095476634722,1.0425271060033368,2.0447729581762886e-05
35.56,4.698483962404878,5.792137333763269,-1.6279107210345505,5.726647523339715,5.62043234790579,-1.6278932646671243,1.0424024703551513,1.745636742622736e-05
35.599999999999994,4.698321692653994,5.790617037306832,-1.6273523484758226,5.726633975391802,5.619077746532404,-1.6270683791847558,1.0425218842349715,0.0002839692910667768
35.629999999999995,4.698165821736519,5.788991497740492,-1.6269414705702585,5.726633975391802,5.619077746532404,-1.6270683791847558,1.042409432964183,0.00012690861449726754
35.66,4.695213259822558,5.788372776138168,-1.6270167362035333,5.726530988732317,5.6171935355807445,-1.6269886805398648,1.0454274677668456,2.8055663668480335e-05
35.7,4.697073502622353,5.784122923418465,-1.626772532056734,5.7263749159222215,5.614525202131416,-1.6268812921996108,1.0431801313708318,0.00010876014287664049
35.730000000000004,4.697016184814532,5.7809356368609155,-1.6262914388263892,5.726250786580835,5.610817555610167,-1.626312144397433,1.0431989393406595,2.0705571043944104e-05
35.760000000000005,4.696645581009478,5.777908813508713,-1.6262741274239287,5.725992093235583,5.606672237144646,-1.6263718098882813,1.0434923130128622,9.768246435259975e-05
35.8,4.695937123121773,5.772459129741471,-1.625818541283321,5.725731813036214,5.6013363278768225,-1.625877530868201,1.0439157613016423,5.8989584879931556e-05
35.83,4.6954693806047,5.767885224576097,-1.6259050787117977,5.725404747168936,5.5952853067131025,-1.625951042720015,1.0442976543812206,4.596400821732516e-05
35.86,4.687881974590732,5.767269019323454,-1.6259306132494906,5.725404747168936,5.5952853067131025,-1.625951042720015,1.0516805128087159,2.0429470524385707e-05
35.900000000000006,4.6933364174167185,5.756107475889056,-1.6260294494572167,5.725017791301853,5.588538213685416,-1.6260127233045518,1.045201375265547,1.6726152664903182e-05
35.92999999999999,4.692940459651511,5.74991927780179,-1.6257882980012763,5.724629670396315,5.580672027102694,-1.6258086647363879,1.045479439987434,2.0366735111521095e-05
35.959999999999994,4.6920977343649835,5.743927903196306,-1.6258660446530162,5.724180503241609,5.572543931760501,-1.6259388547654203,1.0462157079097745,7.281011240412028e-05
36.0,4.690839454672836,5.734514807044924,-1.626082316743246,5.7235963335338536,5.563098537899316,-1.625999000143486,1.0468860053332218,8.331659976001937e-05
36.03,4.690037538894591,5.726941883913353,-1.6259292759770951,5.7235963335338536,5.563098537899316,-1.625999000143486,1.0464647265958085,6.97241663909498e-05
36.06,4.686117038185409,5.720443334006734,-1.625970188124029,5.7230583508063475,5.553056922745719,-1.625954569196424,1.0503644588879026,1.5618927605043353e-05
36.099999999999994,4.686872490248581,5.708249996108347,-1.6266575560615,5.722404993198868,5.542277834166488,-1.6264429566307401,1.0487489323980932,0.00021459943075985422
36.129999999999995,4.686138927630604,5.699122615375536,-1.6265608835364784,5.72174199784892,5.5303927928951095,-1.6265811470026568,1.0492585344136487,2.026346617833852e-05
36.16,4.684805491075018,5.69017366730092,-1.6264661982306883,5.721113630380567,5.5182283107263865,-1.6267122849698454,1.0504759708048887,0.0002460867391571586
36.2,4.682993578377959,5.676775448665735,-1.627620040548771,5.7202504536464085,5.504854637636786,-1.6276228073351455,1.05140790873786,2.766786374452934e-06
36.230000000000004,4.681838362854689,5.666267290286422,-1.6277922085214234,5.719428838468772,5.490883727807955,-1.627802389565666,1.0523085997333184,1.0181044242552062e-05
36.260000000000005,4.677478417881097,5.656858424091821,-1.6278065726150308,5.719428838468772,5.490883727807955,-1.627802389565666,1.0550868584004616,4.183049364892e-06
36.3,4.677652808501077,5.640652323195131,-1.6294299168534996,5.718570436354692,5.476353547324049,-1.6290026865539164,1.0538043441403782,0.00042723029958313674
36.33,4.676536500367778,5.628567813975193,-1.6304711776120782,5.717504151842313,5.460977859055233,-1.6304914018857437,1.0543718719723527,2.02242736655478e-05
36.36,4.674728116655449,5.616624589362151,-1.6310459968116529,5.716588859824601,5.445189375435587,-1.6313998045416909,1.0558711288462357,0.0003538077300380138
36.400000000000006,4.672372089467134,5.5992372902660055,-1.632901483038642,5.7155942425509085,5.428167778721791,-1.6332384297294598,1.0571552575022845,0.000336946690817852
36.42999999999999,4.670899645876566,5.585730888535393,-1.6336851739082547,5.7155942425509085,5.428167778721791,-1.6332384297294598,1.0565097888305155,0.00044674417879497774
36.46000000000001,4.666084895929645,5.57337294221108,-1.634327022279072,5.714813823186091,5.410574208396193,-1.6341463747334357,1.0612896826956282,0.00018064754563629215
36.5,4.666067816731891,5.558473802307537,-1.634966874767653,5.713772369222102,5.392088827083825,-1.6349877793304144,1.0608340064726949,2.090456276149233e-05
36.53,4.664165486824759,5.5380654567206005,-1.6358674667158102,5.7124143310116295,5.3725738551031785,-1.6358881960004654,1.0612318830232204,2.072928465524093e-05
36.56,4.661935304291121,5.523207069194147,-1.635946585863196,5.711154619662511,5.3526306180589796,-1.6357703001311867,1.0629945895583273,0.00017628573200934028
36.60000000000001,4.659242663043483,5.503377053169058,-1.6354471973700968,5.709881651830078,5.332562434967809,-1.635454917307555,1.0644340837035224,7.719937458183779e-06
36.63000000000001,4.657566863389194,5.488469529976753,-1.635308606786468,5.708620415199059,5.312535007350652,-1.6352198421563011,1.0656765574149627,8.876463016682656e-05
36.66,4.652607968401731,5.474686318924336,-1.6352725240285655,5.708620415199059,5.312535007350652,-1.6352198421563011,1.0683891311857985,5.268187226437071e-05
36.7,4.652084421409224,5.453999104850305,-1.6349371403964652,5.707353712067625,5.292536470460397,-1.6350458678967843,1.067550213390833,0.00010872750031909462
36.730000000000004,4.650634572627146,5.439017583240885,-1.634920572424583,5.706064538102003,5.272592944795026,-1.634941019004315,1.0684706698380138,2.0446579731991932e-05
36.760000000000005,4.648367572710715,5.424141485460787,-1.6348008775751224,5.70478581814347,5.25265164374325,-1.6348710776806317,1.0702468290518437,7.020010550928824e-05
36.8,4.645675415220096,5.404319091538466,-1.6348721326178028,5.70351392669185,5.232709438854173,-1.6348073398732061,1.071667947289271,6.479274459669782e-05
36.83,4.6439995747387535,5.389421982964785,-1.6348016081339378,5.70351392669185,5.232709438854173,-1.6348073398732061,1.0710413080158072,5.731739268322045e-06
36.86,4.639055094289279,5.375606393638785,-1.6347857928852347,5.702233237575899,5.212755266833409,-1.634779497398592,1.0755781021683941,6.295486642660109e-06
36.900000000000006,4.638529953664072,5.35492710755892,-1.6346440572004388,5.701022074736943,5.192802607724438,-1.634640838381836,1.0747901473257504,3.218818602768181e-06
36.93000000000001,4.637085572098279,5.339943553487855,-1.6345239906753328,5.699800880981349,5.172879813249848,-1.6345445043995366,1.0757667595890625,2.0513724203752304e-05
36.96000000000001,4.634810900226796,5.325060430541498,-1.6343793193502871,5.698563095734653,5.152953781868939,-1.6342757338785396,1.0775849998793998,0.00010358547174749155
37.0,4.632115296645891,5.305238111379882,-1.6339422981567329,5.697327992368905,5.133141177913116,-1.6339279854811923,1.0790252275262868,1.431267554052873e-05
37.03,4.630442293555485,5.290345409811572,-1.6339392275387772,5.697327992368905,5.133141177913116,-1.6339279854811923,1.0784054269426606,1.1242057584848197e-05
37.06,4.625553276229824,5.276632286619034,-1.6339580153843396,5.696045478920775,5.1132124512329185,-1.6340047593460985,1.0828940846729882,4.674396175885498e-05
37.10000000000001,4.6249719993179506,5.25586679477443,-1.634076925660843,5.694782190901743,5.093252292039407,-1.6340400687693584,1.0820985733824393,3.685689148458238e-05
37.13000000000001,4.623525275900599,5.240873771586193,-1.634053365923021,5.693523630628006,5.073295074790708,-1.6340738064688227,1.0830415960336104,2.044054580174759e-05
37.16,4.621243337499789,5.226001292304174,-1.634096170837541,5.69226224768547,5.053337930189797,-1.63409937314747,1.0848475204340766,3.20230992900683e-06
37.2,4.6185452369071,5.206182049642008,-1.6340793492090726,5.690995035816052,5.033378803157994,-1.6341171703439288,1.0862824371107482,3.782113485617522e-05
37.230000000000004,4.6168734655553685,5.1912853347925045,-1.6341051758558274,5.690995035816052,5.033378803157994,-1.6341171703439288,1.0856664406861427,1.1994488101407796e-05
37.260000000000005,4.611987493980416,5.177607642178295,-1.6341594630131608,5.6897291528010925,5.0134189411221906,-1.6341337160631257,1.0901765970300568,2.5746950035099303e-05
37.3,4.611394931396737,5.156815298965624,-1.6342029940176808,5.688465121874133,4.993456950421636,-1.634142895935745,1.0893879681977547,6.009808193585542e-05
37.33,4.609944011413845,5.141814856313138,-1.6341334834065417,5.687199183150935,4.973497313813594,-1.634153916745229,1.090325410208986,2.0433338687286806e-05
37.36,4.607661628283313,5.126936807054735,-1.6342373356363482,5.685935616236741,4.953544772465063,-1.634186926850514,1.0921261789537582,5.0408785834177294e-05
37.400000000000006,4.604962338385757,5.1071177842613,-1.6341699153613487,5.684656504726981,4.933601981909857,-1.6342282072098302,1.0935479991737602,5.829184848149538e-05
37.43000000000001,4.603287458284024,5.092220878365353,-1.634238803440653,5.6833914378941355,4.913657875009813,-1.6343019583937337,1.094764519399926,6.315495308073515e-05
37.46000000000001,4.598535619310014,5.078582316267491,-1.63431945277975,5.6833914378941355,4.913657875009813,-1.6343019583937337,1.097320472077315,1.7494386016281283e-05
37.5,4.597831062916055,5.057756308671472,-1.634322347791792,5.682123522935649,4.893721333364022,-1.6343174717988007,1.0966301163015082,4.875992991371092e-06
37.53,4.596368297782586,5.042752728357899,-1.6342999864110632,5.680858540078098,4.873768053961638,-1.6343204294458147,1.0975768336726999,2.0443034751460587e-05
37.56,4.594081193400193,5.027874138404991,-1.63426016258011,5.67958883505132,4.853809368309796,-1.634312795311939,1.0993749971103064,5.263273182887218e-05
37.60000000000001,4.591381537135315,5.008054690624267,-1.6342424956706363,5.678319199956664,4.833850584598824,-1.6343073724167576,1.1008090449372496,6.487674612132288e-05
37.63000000000001,4.58970801958628,4.993158308445059,-1.634284617971213,5.6770498265400855,4.813891171949022,-1.6343029412289762,1.1020203770244248,1.8323257763297462e-05
37.66,4.58495304132066,4.9795574116314,-1.6343345003708751,5.6770498265400855,4.813891171949022,-1.6343029412289762,1.104590734732599,3.155914189889586e-05
37.7,4.584250581674953,4.958699325502824,-1.634319011687088,5.6757805442525395,4.793931303124841,-1.634299102660408,1.103895901071736,1.9909026680142716e-05
37.730000000000004,4.582788219138986,4.943692568433029,-1.63427496312479,5.674511353407595,4.773971292709123,-1.6342954043619247,1.1048369623300194,2.0441237134738444e-05
37.760000000000005,4.58050215242079,4.928810881198541,-1.634250823954293,5.673242453557749,4.754011693637856,-1.6342914412925116,1.1066327853903333,4.061733821858482e-05
37.8,4.577803083846662,4.908989543855831,-1.634222700153061,5.671977951292803,4.734051301911244,-1.6342989035854878,1.1080713104513815,7.6203432426869e-05
37.83,4.576130344476087,4.894092353617113,-1.6342833847005431,5.671977951292803,4.734051301911244,-1.6342989035854878,1.107472399474156,1.5518884944665245e-05
37.86,4.56872101119718,4.887518000672686,-1.6342819382636877,5.670700971094642,4.714096181738525,-1.6343024062493374,1.1155424506929554,2.0467985649696985e-05
37.900000000000006,4.570680622168103,4.859643101307967,-1.634235531200974,5.669443032405319,4.694141686307731,-1.6342861557325719,1.1111568532468201,5.0624531597875944e-05
37.93000000000001,4.569212535448762,4.844633683331484,-1.6342717185739766,5.668172626409382,4.674187706958445,-1.6342921666135042,1.1120994165927494,2.044803952760965e-05
37.96000000000001,4.566924460530548,4.829750120662897,-1.634360402818648,5.666905522135161,4.654221784606655,-1.6342778239764737,1.1138979004592313,8.257884217433009e-05
38.0,4.56422388247898,4.809910500759134,-1.633903731555387,5.665670389699206,4.634494876320959,-1.6338016193772689,1.1153273284398038,0.00010211217811817441
38.03,4.562552951000155,4.79504389938825,-1.633774850103336,5.665670389699206,4.634494876320959,-1.6338016193772689,1.1147394638971992,2.676927393285844e-05
38.06,4.557920693500989,4.781533241629828,-1.6338841052299544,5.664394783319832,4.6146422901683275,-1.6338537236575528,1.1189895000044285,3.0381572401649848e-05
38.10000000000001,4.557108073495434,4.760572017332906,-1.6339507047869966,5.6631097368214185,4.594641330077047,-1.6339065404790463,1.1183794849035125,4.416430795028958e-05
38.13000000000001,4.555639184218693,4.745555025131115,-1.6338939124196854,5.661856575291827,4.574673187148669,-1.6339143303369408,1.1193379824096519,2.041791725537756e-05
38.16,4.553340295998574,4.730679068006637,-1.6339318076871272,5.660598129986092,4.554716675647755,-1.633926081004075,1.1211523868107283,5.72668305220958e-06
38.2,4.550634861124124,4.710858291901056,-1.6338764718194319,5.659334869828326,4.534755575164652,-1.6339330679257913,1.1225987155447135,5.659610635944112e-05
38.230000000000004,4.548959644216053,4.695959978260193,-1.6339169243777893,5.659334869828326,4.534755575164652,-1.6339330679257913,1.1220160432145772,1.6143548001945618e-05
38.260000000000005,4.5443466681258755,4.682475788865355,-1.633961642943313,5.658076177441997,4.514795210688398,-1.6339554597258028,1.1262815794548398,6.183217510224992e-06
38.3,4.543515806611384,4.661518585080522,-1.6338832985479932,5.6568172445853335,4.49483489344908,-1.6339767106279872,1.1257102401820591,9.341207999402634e-05
38.33,4.542039487107849,4.646501153972417,-1.6339787543145867,5.655556757863441,4.474874527553069,-1.6339991921013415,1.1266660601824612,2.0437786754756715e-05
38.36,4.539740536893447,4.631615567009188,-1.6340150337184938,5.654296041101068,4.454916862396085,-1.634027428994204,1.1284752563399219,1.2395275710286313e-05
38.400000000000006,4.537035073196475,4.611793600956847,-1.6340166074234814,5.653030335129648,4.434966314739647,-1.6340603862322158,1.1299173924708967,4.377880873440709e-05
38.43000000000001,4.53535825351971,4.596898745576498,-1.6340510567029156,5.651691155671672,4.41496239443504,-1.6342460713177969,1.1310614414317595,0.00019501461488125038
38.46000000000001,4.5308236774615125,4.583443131713045,-1.6343526276627405,5.651691155671672,4.41496239443504,-1.6342460713177969,1.133459157862753,0.0001065563449436091
38.5,4.5299233845664,4.5624644176770985,-1.6341960286926935,5.6503874283738496,4.394988718375429,-1.6342331878211758,1.132911198339007,3.715912848223368e-05
38.53,4.528441971320257,4.547444615719472,-1.6341929997270546,5.649114432589314,4.3750240412131145,-1.6342134035513494,1.1338587301599559,2.0403824294801254e-05
38.56,4.526140468996631,4.5325565430345165,-1.6342657657228465,5.647849034981477,4.355068295008313,-1.6342122516919781,1.1356637641446485,5.351403086839568e-05
38.60000000000001,4.52343483677563,4.512734819560763,-1.6342198697087207,5.646582159324971,4.335112386254901,-1.6342044304172758,1.1371058160801262,1.5439291444874215e-05
38.63000000000001,4.521759157802792,4.497836244714301,-1.6341829833094528,5.645315204847083,4.315153975962312,-1.6342030333337638,1.1383105912562568,2.0050024311046855e-05
38.66,4.517259041918463,4.48442794206651,-1.634147558283165,5.645315204847083,4.315153975962312,-1.6342030333337638,1.140685926239948,5.5475050598774445e-05
38.7,4.516330957497816,4.4634079396445445,-1.634196024067753,5.644047892779091,4.295195375998812,-1.634200327187832,1.1401933838996177,4.303120078930078e-06
38.730000000000004,4.514842889007252,4.448383469537336,-1.6341763335841044,5.642780255957962,4.275236198853068,-1.6341967640409534,1.141149718971666,2.0430456848963274e-05
38.760000000000005,4.5125407502667665,4.433494594100327,-1.6342151789275392,5.641512564263801,4.2552770422186414,-1.6341921879355352,1.1429518155191212,2.299099200397947e-05
38.8,4.5098362492563275,4.4136729462477335,-1.6341963461635984,5.640245769928971,4.235318384352409,-1.6341878395725329,1.144393303972122,8.506591065549074e-06
38.83,4.5081610516054536,4.3987762630847005,-1.6341747290415538,5.640245769928971,4.235318384352409,-1.6341878395725329,1.1438244129154174,1.3110530979076884e-05
38.86,4.503742247259069,4.38538321599967,-1.6342302876772878,5.638989848436309,4.215354774513106,-1.6342180666888226,1.1479097468412,1.2220988465205807e-05
38.900000000000006,4.5027464322873545,4.3643513185468885,-1.634201956355544,5.637732844902315,4.195399362555183,-1.6342252039672716,1.1474924488875735,2.324761172745049e-05
38.93000000000001,4.501249431602578,4.349325766346585,-1.6341943256624323,5.6364662152878875,4.175439072524729,-1.6342147696221878,1.1484571077097805,2.0443959755533925e-05
38.96000000000001,4.498944702601955,4.334437345310479,-1.6342365393979426,5.6352025410420294,4.155491952632252,-1.634207965952685,1.1502622870359938,2.8573445257640273e-05
39.0,4.496238818535529,4.314614891924897,-1.6342542139504905,5.633933515160087,4.13553076254775,-1.6342055861011748,1.1517032378709435,4.8627849315696636e-05
39.03,4.4948805622706045,4.304706460539965,-1.6341802430446963,5.633933515160087,4.13553076254775,-1.6342055861011748,1.1515476743398,2.5343056478499548e-05
39.06,4.490187165869779,4.2864143613717065,-1.634222540064949,5.632666958264683,4.11556713294229,-1.6342048817217716,1.1551834709225701,1.76583431774624e-05
39.10000000000001,4.489154910508439,4.265302531875215,-1.6341528687857865,5.631397922300888,4.095610414369631,-1.6342049643500218,1.1547789886953315,5.2095564235354885e-05
39.13000000000001,4.487656190214105,4.250269256209637,-1.634187301686614,5.630133629724202,4.075645737819159,-1.63420774684656,1.155745678324006,2.044515994592544e-05
39.16,4.485346509594225,4.2353731483375014,-1.634287947332969,5.6288625441731455,4.055686654296436,-1.6342100725099238,1.1575474752595973,7.787482304522086e-05
39.2,4.4826394908341,4.215546525202513,-1.6341787396464234,5.627598598664746,4.0357196231373464,-1.6342093820120471,1.1589948547386668,3.0642365623778645e-05
39.230000000000004,4.480964674474334,4.200649547323309,-1.634189449651791,5.627598598664746,4.0357196231373464,-1.6342093820120471,1.1584348216435356,1.993236025610301e-05
39.260000000000005,4.47660514836263,4.187364924008163,-1.6342547688161744,5.626327055788885,4.015760274468309,-1.6342111316098662,1.162458007912356,4.363720630817802e-05
39.3,4.475557028564986,4.166234553357704,-1.634164443352402,5.625060186056368,3.995791993222183,-1.6342047437535647,1.1620706413072346,4.030040116265177e-05
39.33,4.474056731202854,4.1512001579965645,-1.6341859957181568,5.623791712393807,3.975829175771589,-1.6342064452644216,1.1630328922178914,2.044954626478912e-05
39.36,4.47174546371652,4.1363019323685535,-1.6341965755726031,5.622525844314028,3.955864794498095,-1.6342126131675256,1.1648403517611454,1.6037594922524434e-05
39.400000000000006,4.469039050185046,4.116477781168727,-1.634235541670625,5.62125663171036,3.9359079209300307,-1.6342202637697227,1.166280767912541,1.5277900902166408e-05
39.43000000000001,4.467364840622291,4.101582693522879,-1.6342017245972311,5.6199901476653045,3.9159473268890905,-1.6342186867479642,1.167478302916702,1.696215073310192e-05
39.46000000000001,4.460935274083485,4.095756774660476,-1.6341982424350976,5.6199901476653045,3.9159473268890905,-1.6342186867479642,1.172919280036618,2.0444312866629843e-05
39.5,4.461958172731962,4.067171127862284,-1.6341880603253298,5.61872129558364,3.8959760306528155,-1.6341912153561615,1.169362511669553,3.1550308317029874e-06
39.53,4.4604586825397945,4.052136800853725,-1.6341999213832796,5.617460571864903,3.8760224080586227,-1.6342203688974013,1.170328864572458,2.0447514121668675e-05
39.56,4.458145160852219,4.037239304107516,-1.6342054904780277,5.6161921800134,3.8560721943175222,-1.6342464245146908,1.1721324243692586,4.0934036663164974e-05
39.60000000000001,4.455436478720851,4.017416339218582,-1.6342271292098598,5.614924153020524,3.836118050296767,-1.6342470129160633,1.1735760462870914,1.988370620353841e-05
39.63000000000001,4.454077913536611,4.007509577057303,-1.6342096668198198,5.61365587976807,3.8161599779887947,-1.6342440132480787,1.1752598558757825,3.4346428258835715e-05
39.66,4.447525924378726,3.996856604471819,-1.634223568499678,5.61365587976807,3.8161599779887947,-1.6342440132480787,1.1800467548697795,2.044474840068311e-05
39.7,4.448368120000043,3.968122175343745,-1.6342082172205028,5.612387905954886,3.7962012415020716,-1.6342423841128186,1.1766473004207132,3.4166892315834474e-05
39.730000000000004,4.4468605557676915,3.9530808317654564,-1.634220277552043,5.6111199362791995,3.7762418554206167,-1.6342407204761495,1.1776128093154097,2.0442924106633953e-05
39.760000000000005,4.444544389767349,3.9381804152980866,-1.6341925546894154,5.60985198296262,3.756282008987357,-1.6342390543588814,1.1794188471348668,4.64996694660158e-05
39.8,4.44183655031783,3.9183563505355075,-1.6341962367545846,5.608584065821843,3.7363220207854297,-1.6342371012874024,1.1808625077215158,4.086453281781921e-05
39.83,4.440160347851756,3.903459787944889,-1.634215375411483,5.608584065821843,3.7363220207854297,-1.6342371012874024,1.1803173378062741,2.1725875919420545e-05
39.86,4.435948831559868,3.8902564537500632,-1.6342042035719049,5.607316331437466,3.716362475618702,-1.634234353434654,1.1842047692016127,3.014986274907372e-05
39.900000000000006,4.434775117179861,3.8690605406316414,-1.634299013757107,5.606052896209863,3.696401852662585,-1.6342426583659961,1.1839352423932024,5.635539111081833e-05
39.93000000000001,4.433261140464599,3.8540193167779293,-1.634260625355265,5.60478771520094,3.6764462593078773,-1.634281494823216,1.1849078892693417,2.0869467951101228e-05
39.96000000000001,4.4309435660118535,3.839108797639107,-1.63405233264692,5.603543277605188,3.656621014191953,-1.63397797328974,1.1867147402540454,7.435935718014264e-05
40.0,4.428232144110982,3.8192894940078834,-1.6339428922896877,5.602239700154423,3.6368132368930968,-1.6338512576922668,1.18810408889866,9.163459742089763e-05
40.03,4.426559106732923,3.804397120859582,-1.6337951316334451,5.602239700154423,3.6368132368930968,-1.6338512576922668,1.187564404953779,5.612605882165944e-05
40.06,4.422378288057665,3.791252006449111,-1.6337752049775218,5.601008021013271,3.6168917485841168,-1.6338218709231813,1.1914569009954792,4.6665945659496444e-05
40.10000000000001,4.421801500153001,3.77530906954393,-1.6338497251755117,5.599766715314461,3.59693379870183,-1.633870213725847,1.1913940512602774,2.0488550335207023e-05
40.13000000000001,4.419653002414703,3.7549525670477095,-1.6338627084794746,5.598511441801117,3.576970496326475,-1.633883193677733,1.1922184521348378,2.0485198258368698e-05
40.16,4.417326885702412,3.7400530749130017,-1.6339239845529974,5.5972471576975895,3.5570094716404754,-1.633898354581258,1.1940338391202168,2.562997173938264e-05
40.2,4.415656174578884,3.7251499766342357,-1.6338864902480632,5.595981269401632,3.5370487629914567,-1.6339151436947552,1.1952193924306176,2.8653446692006312e-05
40.230000000000004,4.412935862886078,3.7053329890545346,-1.633902241146114,5.595981269401632,3.5370487629914567,-1.6339151436947552,1.1949543985521793,1.2902548641280376e-05
40.260000000000005,4.408781096412276,3.692229243558867,-1.6338948226604333,5.5947169979239355,3.517086841018164,-1.6339296902403468,1.198798908767439,3.48675799135556e-05
40.3,4.407546421074439,3.6709442427267067,-1.6339447812821513,5.593453462281152,3.497123656554783,-1.6339421394904934,1.1985779518082298,2.641791657875814e-06
40.33,4.406024796734376,3.6558914696888163,-1.633932662829311,5.592189854136875,3.4771595843404324,-1.6339531284929008,1.199555180157571,2.0465663589819272e-05
40.36,4.403697067508456,3.64098457702986,-1.6339666188031283,5.5909260491386235,3.457194992101637,-1.6339633670354279,1.2013705782774493,3.2517677004406664e-06
40.400000000000006,4.400982273536118,3.6211550038578664,-1.633957141442821,5.589662259417762,3.437230448803199,-1.633973803380923,1.2028251538721833,1.6661938102124907e-05
40.43000000000001,4.399304056696896,3.6062561825337474,-1.633958705521521,5.588399897274906,3.4172667479666923,-1.6339836384714337,1.2040207325697923,2.493294991268158e-05
40.46000000000001,4.395201808672061,3.5932229765801664,-1.6339594428781234,5.588399897274906,3.4172667479666923,-1.6339836384714337,1.2061020989258577,2.4195593310238905e-05
40.5,4.393922453451187,3.5718808621847566,-1.6339720302893839,5.5871520964773875,3.3973039199707933,-1.6339826187210693,1.2059328711620776,1.0588431685443211e-05
40.53,4.392401760913495,3.5568236857385296,-1.6339328630305854,5.58594276959621,3.377337088220213,-1.6339533190975548,1.2069612993365006,2.045606696943203e-05
40.56,4.390066347423267,3.5419153407064536,-1.6340457116516969,5.584679722562693,3.3574589423110814,-1.6337868804379316,1.2087701514229257,0.00025883121376524265
40.60000000000001,4.3875330772837255,3.523595980583334,-1.63353036844694,5.583446632972191,3.3387451841055427,-1.6336521571343612,1.2101153042738948,0.00012178868742118709
40.63000000000001,4.386028138291174,3.5103206169939742,-1.6338025835646703,5.582295446707755,3.3208530011496835,-1.6339731867726794,1.211178537887776,0.00017060320800910134
40.66,4.3822158509760785,3.4987626536855467,-1.6340621860041586,5.582295446707755,3.3208530011496835,-1.6339731867726794,1.2131953183873299,8.899923147920319e-05
40.7,4.3813496729074,3.48094439053844,-1.633828057988574,5.581182131023316,3.3035588735446546,-1.6338172503266528,1.2128740862874567,1.0807661921186096e-05
40.730000000000004,4.38015987982365,3.469003228449311,-1.6340657532183773,5.580195536102956,3.2874955186538295,-1.6340864987045554,1.2136847305033147,2.074548617803096e-05
40.760000000000005,4.37830998128439,3.457082709569514,-1.6343479954019347,5.579158448622994,3.271636305190748,-1.6342150205656947,1.2150832936085028,0.00013297483623997408
40.8,4.377060682709205,3.4459852892560314,-1.6345517867242332,5.578296772757231,3.256806543896881,-1.635177096196481,1.2160414227029976,0.0006253094722479258
40.83,4.375166445073305,3.4324007812071655,-1.6354283361348427,5.578296772757231,3.256806543896881,-1.635177096196481,1.2158766062267212,0.00025123993836162484
40.86,4.371846435234781,3.4239058708560157,-1.6357921506710824,5.57747753351225,3.242672075616508,-1.6356626536509304,1.21917678524103,0.00012949702015196962
40.900000000000006,4.371509512416115,3.409955802602913,-1.636787587279488,5.576672440009067,3.22909507417133,-1.6364704933625933,1.218658395586399,0.0003170939168946063
40.93000000000001,4.37067767635941,3.4009322266222237,-1.6380972081808731,5.576197381064413,3.21645432062573,-1.6381179301707445,1.219553137929172,2.0721989871352875e-05
40.96000000000001,4.369296415470384,3.391996007789632,-1.6387520521191894,5.575656584263564,3.2043237199532744,-1.638799077362109,1.22087089590687,4.70252429196627e-05
41.0,4.367854342782089,3.381606785415984,-1.6404835357074568,5.575404982376835,3.1930541655191504,-1.6412717535376717,1.2221827349687275,0.0007882178302149878
41.03,4.367182584280259,3.376706288321282,-1.6418957404946966,5.575404982376835,3.1930541655191504,-1.6412717535376717,1.2221004318270936,0.0006239869570248135
41.06,4.3642740317358655,3.3687727151124793,-1.643539133652762,5.575149260795788,3.1823653266741294,-1.6432634558808028,1.2251393940345425,0.0002756777719592485
41.10000000000001,4.364425482098183,3.3588085630044113,-1.6462980616551726,5.574974080883491,3.172297943531639,-1.645532678226643,1.2248322828849627,0.000765383428529498
41.13000000000001,4.3639233188056545,3.352739469726264,-1.648929394129289,5.575196927035363,3.1629588683739973,-1.6489489250888014,1.2260507455417355,1.953095951234829e-05
41.16,4.363028421511702,3.3467695814757508,-1.6510463802390767,5.575427395690439,3.1540977516241666,-1.6513668632916045,1.2276130117459703,0.0003204830525278535
41.2,4.362409114109363,3.341634642644932,-1.6528297843401734,5.575486546836434,3.1466030010304378,-1.6539513483091386,1.2286554435733985,0.0011215639689652335
41.230000000000004,4.361534863974618,3.335954556123314,-1.6544794020716524,5.575486546836434,3.1466030010304378,-1.6539513483091386,1.228630416251822,0.0005280537625138582
41.260000000000005,4.359312537011208,3.333314874146921,-1.6541733715893443,5.575294856940495,3.140413501192642,-1.6542471360254882,1.23118802059972,7.376443614393047e-05
41.3,4.359989105458048,3.327262596569221,-1.6538079235394083,5.574882150795613,3.1353992764931373,-1.653899414175078,1.2299498547502659,9.149063566971094e-05
41.33,4.3598608445567715,3.325139025014274,-1.6537480741373933,5.574492148644846,3.131554304065404,-1.6535532515626445,1.2299610762359712,0.0001948225747487875
41.36,4.3594180392003326,3.321155148022923,-1.6530956706138935,5.574132955039744,3.1280587734920653,-1.6532167844380785,1.229966884358969,0.00012111382418500405
41.400000000000006,4.359083777926025,3.3186619113569225,-1.653181408172226,5.573952498872697,3.125506003052107,-1.6532618439133544,1.2301281291181263,8.043574112837071e-05
41.43000000000001,4.358926702931907,3.3172496654088413,-1.6531213326487872,5.573877480044688,3.1236529359354113,-1.6529710954834864,1.2302784581019695,0.0001502371653008261
41.46000000000001,4.357179999694182,3.3176640669674136,-1.6529473073705796,5.573877480044688,3.1236529359354113,-1.6529710954834864,1.2320686172675557,2.3788112906819592e-05
41.5,4.358380677001997,3.3155875360904177,-1.653055909365461,5.573824508513959,3.1223285689362736,-1.6530464407403511,1.2307122880454087,9.468625109976259e-06
41.53,4.358518937669977,3.3155282629384493,-1.6528254639139162,5.573897750552913,3.122262578616242,-1.6528455586845323,1.230649130963519,2.0094770616152502e-05
41.56,4.358588272308853,3.3154659879921455,-1.6526657431943117,5.573946508248335,3.1224305855972085,-1.6526815460443587,1.2305926654436494,1.580285004698645e-05
41.60000000000001,4.358595772194711,3.3154496258425845,-1.6527975398716146,5.573942107005817,3.122540213705708,-1.652743121424936,1.2305611544453143,5.441844667863904e-05
41.63000000000001,4.358597693540649,3.315438327813721,-1.6527293153442573,5.57400276416075,3.122552792283358,-1.6527835425116693,1.2306154214481007,5.422716741199096e-05
41.66,4.3570641213513595,3.3172822763100727,-1.6527128635518142,5.57400276416075,3.122552792283358,-1.6527835425116693,1.232420071368554,7.067895985501949e-05
41.7,4.3583738774459375,3.3156985516306845,-1.6527555083844703,5.574007003687151,3.1225731710219438,-1.6527647561317584,1.2308782678438421,9.247747288165797e-06
41.730000000000004,4.358510399667232,3.31552908060377,-1.6527334609758124,5.574010602485221,3.122576220425832,-1.652753931134703,1.2307199313009523,2.047015889061754e-05
41.760000000000005,4.358585306159608,3.3154440968195353,-1.6528301438068804,5.574008705325057,3.122577756571803,-1.6527534279473892,1.2306305149960526,7.671585949120541e-05
41.8,4.358597270544649,3.315432152580249,-1.652790706937966,5.574007209833483,3.1225790334996417,-1.6527561499785195,1.2306151494521775,3.455695944643011e-05
41.83,4.35859920256255,3.3154316722426724,-1.6527370803108927,5.574007209833483,3.1225790334996417,-1.6527561499785195,1.2306131660308413,1.906966762676987e-05
41.86,4.357040890763022,3.317328805888267,-1.6527929246151851,5.574006207280285,3.122580687166013,-1.6527589704106151,1.2324493544774242,3.395420456997478e-05
41.900000000000006,4.358371829356881,3.315708451089002,-1.6527264071791588,5.5740056399133175,3.1225825309389403,-1.6527618609070824,1.2308790283377853,3.54537279236844e-05
41.93000000000001,4.358511940188484,3.3155378267349422,-1.6527442419066785,5.574005390338868,3.1225844225219164,-1.6527647115895436,1.2307133474354943,2.0469682865176253e-05
41.96000000000001,4.358586779581408,3.315447303548766,-1.6528167717316564,5.57400526399181,3.122586336586947,-1.6527673180253437,1.2306248188720748,4.9453706312707624e-05
42.0,4.358597239111651,3.315434813824867,-1.6527829272801364,5.574005182129697,3.1225882490062804,-1.6527696620311703,1.230612150725681,1.3265248966165544e-05
42.03,4.358598684592907,3.315433699770529,-1.652719191212802,5.574005182129697,3.1225882490062804,-1.6527696620311703,1.2306105485226078,5.0470818368175685e-05
42.06,4.35454743854433,3.3204033948490097,-1.6527512934571396,5.574005115064567,3.12259014521422,-1.6527717612957382,1.235397550003727,2.0467838598658972e-05
42.10000000000001,4.358373484735265,3.315710997251373,-1.6526945233155836,5.574005053765481,3.1225920214679324,-1.6527736401843582,1.2308757250147189,7.9116868774598e-05
42.13000000000001,4.358511726118749,3.3155404602065217,-1.6527548603458464,5.574004996862553,3.122593876857271,-1.6527753266895369,1.2307121008788446,2.046634369046174e-05
42.16,4.358586511913469,3.3154505806398893,-1.6527555206894031,5.57400494492922,3.1225957107409426,-1.6527768480743723,1.2306238126081435,2.1327384969183072e-05
42.2,4.358597864915242,3.315438126645831,-1.6527488132287576,5.574004898361441,3.122597522607872,-1.652778228314569,1.2306103183039763,2.9415085811557162e-05
42.230000000000004,4.3585994900817076,3.315437609284734,-1.6527584077339537,5.574004898361441,3.122597522607872,-1.652778228314569,1.2306086321431216,1.9820580615448335e-05
42.260000000000005,4.357123243942655,3.317310453403125,-1.6528206388801092,5.574004857050928,3.122599312115305,-1.6527794877194555,1.2323608598387887,4.115116065372959e-05
42.3,4.358374449043654,3.315596838680984,-1.6510022962732462,5.574039196610646,3.122399759541907,-1.651531731149908,1.230920748815694,0.000529434876661794
42.33,4.358532995905063,3.3152749241514847,-1.6461718446668494,5.574248024420815,3.1227030169628076,-1.6461920110058403,1.230872442618381,2.0166338990934563e-05
42.36,4.3585641489091005,3.3149790101793566,-1.6425639300869375,5.574510033623612,3.123531887861961,-1.6384761440599103,1.2309250160744027,0.004087786027027196
42.400000000000006,4.358462472009501,3.3138780831769443,-1.6318616729118505,5.574696695969181,3.1239838395357533,-1.6292284909749473,1.2309693380823363,0.002633181936903206
42.43000000000001,4.358505628239062,3.3131622879002878,-1.6219927480156917,5.575544297578011,3.1234848214233826,-1.6137523824103497,1.2317307595231264,0.008240365605342026
42.46000000000001,4.356876008835849,3.314576169729063,-1.6097165878900745,5.575544297578011,3.1234848214233826,-1.6137523824103497,1.2335592005992384,0.004035794520275138
42.5,4.358081224627675,3.3129408937992273,-1.5974678191909095,5.575191952506577,3.12077388242199,-1.6002511900520942,1.2321877633622118,0.002783370861184631
42.53,4.357999382219995,3.312740982269089,-1.5937568910694917,5.574595545189231,3.11535140979138,-1.5937750383820772,1.2325051184779727,1.8147312585536923e-05
42.56,4.3582171660953035,3.3130926016810864,-1.586722396180149,5.573046713369529,3.109066279196521,-1.582578072786908,1.2318431593336372,0.004144323393241001
42.60000000000001,4.358428969029916,3.313446568791798,-1.5720474025893918,5.576117789352889,3.0984168155155962,-1.568576405645974,1.2365289555580887,0.0034709969434179033
42.63000000000001,4.359094691036928,3.3131263775037025,-1.5613748435548542,5.58125349698319,3.086086677735313,-1.5540554856948372,1.2430684503368723,0.007319357860017028
42.66,4.35707990771037,3.315692966558263,-1.550496992214315,5.58125349698319,3.086086677735313,-1.5540554856948372,1.2455199815900777,0.0035584934805221735
42.7,4.358182401959277,3.314280059580835,-1.5369460762640414,5.5861838394179895,3.0734585246551527,-1.5404526270049959,1.2513922414992935,0.003506550740954406
42.730000000000004,4.3582507881014605,3.3142253868929608,-1.5260496638007326,5.590877605467686,3.0612938526173363,-1.5260694731756475,1.2583096725057035,1.980937491485868e-05
42.760000000000005,4.358257514832913,3.314222691494993,-1.5154667852320607,5.595207300165647,3.049463884629572,-1.5119896300017772,1.2649671921625074,0.0034771552302834685
42.8,4.358244078596761,3.314301441535059,-1.501240727232155,5.59947072458341,3.0380922495886193,-1.4978018290276762,1.271587631436769,0.0034388982044788463
42.83,4.3582226563155055,3.3144521036948995,-1.4908278799872832,5.59947072458341,3.0380922495886193,-1.4978018290276762,1.2716412764378364,0.006973949040393057
42.86,4.356699202582757,3.3163792258968487,-1.4806022780460024,5.603534494555965,3.0272593089978366,-1.4840315680122107,1.2799174081391373,0.003429289966208282
42.900000000000006,4.3579164518987055,3.3149292488119406,-1.4669856397068717,5.607022608899585,3.0172571053770043,-1.47042378085223,1.2840852372154483,0.003438141145358342
42.93000000000001,4.357887491389256,3.315023332358556,-1.456052833849635,5.609247858113994,3.0086580088078683,-1.4560716377886902,1.288317693305416,1.880393905517863e-05
42.96000000000001,4.358015196825209,3.314808079376764,-1.4429792910387587,5.609440330285314,3.0023245434847756,-1.4381871153575514,1.2898491481019012,0.004792175681207267
43.0,4.357986308321661,3.3147394042425735,-1.4240315154115977,5.607477180261377,2.997617543244373,-1.4178827829150393,1.2891057806804038,0.00614873249655834
43.03,4.357583964980511,3.3149746626823293,-1.4053430948850727,5.607477180261377,2.997617543244373,-1.4178827829150393,1.289553640165115,0.012539688029966634
43.06,4.356445212229282,3.31658650965285,-1.38475589347246,5.602721625503066,2.9947234300683907,-1.3915945775394436,1.287167720338791,0.006838684066983625
43.10000000000001,4.357667705360164,3.314948328869288,-1.3486086493045581,5.594548404748533,2.994684594191356,-1.3574732531393652,1.2776708199960258,0.008864603834807028
43.13000000000001,4.357334208121843,3.3150259082068954,-1.319854975734304,5.583472285153928,2.996339553448557,-1.3198752895812826,1.2668763067707498,2.0313846978536887e-05
43.16,4.358001503114369,3.3145034148027377,-1.2916775055134748,5.571986876697077,2.9979796362991595,-1.2824080927340538,1.2545707591168103,0.00926941277942106
43.2,4.358198702280938,3.314388039144426,-1.2545988957640135,5.560943722453313,2.9994800162601276,-1.2458551087202079,1.2432870330001615,0.008743787043805629
43.230000000000004,4.358316769913982,3.314309007206867,-1.227196483229734,5.560943722453313,2.9994800162601276,-1.2458551087202079,1.2431527985386919,0.018658625490473923
43.260000000000005,4.3568764606533765,3.316158324008565,-1.199507511628874,5.550344913688806,3.0006552881134345,-1.2087762798718202,1.2344671376953806,0.009268768242946201
43.3,4.358140143713877,3.314539693042156,-1.162964977023418,5.539929917602723,3.0016032624078557,-1.1721444117551334,1.2225204617045824,0.009179434731715341
43.33,4.358266893859275,3.314316798210718,-1.1357329251088895,5.529529283570453,3.002277408085496,-1.1357538660955153,1.2121155747459311,2.0940986625861413e-05
43.36,4.358348461982396,3.314236380718161,-1.1089026085281417,5.519444700366663,3.002694295111908,-1.0999558917695496,1.2021659394168467,0.008946716758592155
43.400000000000006,4.358410881304844,3.3141832517100385,-1.0732843537352046,5.509417699024215,3.002904474165995,-1.0644543431572575,1.1923553043391837,0.008830010577947078
43.43000000000001,4.358452748447219,3.314125696063086,-1.0467653007646835,5.499790072402618,3.002793994316117,-1.0290809210272245,1.1830377490031059,0.017684379737459066
43.46000000000001,4.3546095077256215,3.318848717411433,-1.0290601022230825,5.499790072402618,3.002793994316117,-1.0290809210272245,1.1879937347077136,2.081880414195325e-05
43.5,4.358253608430398,3.3143830049270266,-0.9847463247263009,5.4906618463939285,3.002445899315923,-0.9935768612717892,1.1745863847604827,0.008830536545488377
43.53,4.358580635574878,3.314122847205639,-0.9580631952356442,5.482440021420561,3.00170832950321,-0.9580848962578344,1.166474496088396,2.170102219023473e-05
43.56,4.358604015429329,3.3140778696048696,-0.9311916100297615,5.476380859541721,3.000869029447445,-0.9221251407826826,1.1608293805665926,0.009066469247078879
43.60000000000001,4.3587065346612475,3.314074843865381,-0.8952352964476912,5.473400602626118,2.999532322543115,-0.8862874108466858,1.1582227173026087,0.008947885601005345
43.63000000000001,4.358770924408099,3.3140566899528037,-0.8772967506265124,5.473539745165542,2.9990654503481213,-0.8490075781781499,1.1584165937868098,0.028289172448362487
43.66,4.357406098837916,3.315927354510173,-0.8396535003511185,5.473539745165542,2.9990654503481213,-0.8490075781781499,1.1602395368085872,0.009354077827031348
43.7,4.358446497331464,3.314366796910183,-0.8025903982808731,5.474534037298025,2.996548452771879,-0.8118446619490517,1.1604567621154287,0.009254263668178608
43.730000000000004,4.3583778119281895,3.314014820130313,-0.775708619703769,5.475563021722612,2.992257538646367,-0.7757252240897028,1.1625964653186194,1.6604385933760568e-05
43.760000000000005,4.35823131253348,3.3141449549525226,-0.7475022039398574,5.476283352370263,2.986813386992676,-0.7380436203461305,1.1649833986655105,0.009458583593726977
43.8,4.35816599914766,3.3141959108359087,-0.7106093187206319,5.477238742187524,2.9809144987666976,-0.7028143797541597,1.1676473371038072,0.007794938966472209
43.83,4.358155223770322,3.3141996570694707,-0.6867398584051085,5.477238742187524,2.9809144987666976,-0.7028143797541597,1.1676587335081803,0.016074521349051185
43.86,4.356532571498918,3.316172088399305,-0.6630869764513946,5.478691132588369,2.9732479526031916,-0.6710004498390307,1.173386892349603,0.00791347338763615
43.900000000000006,4.357781327781046,3.3146345128358425,-0.6344029461614542,5.481138851139238,2.9654155462087624,-0.641587976529296,1.1763868462106912,0.007185030367841794
43.93000000000001,4.3579296235815335,3.3144762944703587,-0.621272462219514,5.484663189719911,2.9567904668586156,-0.6148701021901901,1.1821453719137944,0.006402360029323928
43.96000000000001,4.357910450328436,3.3144601718222297,-0.5956668913812048,5.488507301870492,2.9482560086153877,-0.5895129735058278,1.1884253152246604,0.006153917875377002
44.0,4.357798450258854,3.3145310593561543,-0.5708359577492605,5.492612581988161,2.9398571867002423,-0.5646153093800431,1.1950663682086948,0.00622064836921743
44.03,4.3577332487715115,3.314557397940818,-0.5583658142103052,5.492612581988161,2.9398571867002423,-0.5646153093800431,1.1951365400095502,0.00624949516973794
44.06,4.356111151462363,3.316401380620304,-0.5328238856575962,5.496489065706266,2.9315227378746607,-0.5391798350081037,1.203575239416715,0.006355949350507539
44.10000000000001,4.357222751982318,3.314888222323483,-0.5050498959759016,5.499297443989955,2.923109044083861,-0.5120196795481804,1.2074044585914252,0.006969783572278843
44.13000000000001,4.357046357864696,3.31469042786676,-0.48201619714218497,5.500257047820061,2.9143482034856683,-0.48203498429334923,1.211282204216104,1.878715116426788e-05
44.16,4.357276342595363,3.3146223584711842,-0.4572794980607084,5.499084936455896,2.9052635904568045,-0.4478117660897892,1.2129721620729872,0.009467731970919213
44.2,4.357301966538542,3.314581237092642,-0.4204409062309428,5.496376112079712,2.895723996855031,-0.41139657824736064,1.2136438096656756,0.009044327983582179
44.230000000000004,4.357167715209158,3.3145004211648867,-0.39368181264360425,5.496376112079712,2.895723996855031,-0.41139657824736064,1.2137419268766019,0.0177147656037564
44.260000000000005,4.3560166779052665,3.316376709134671,-0.36777862910606757,5.493244350686466,2.8862916383436468,-0.3763979998482288,1.215837138705947,0.008619370742161236
44.3,4.35745334068409,3.3148618046395586,-0.335985610361698,5.489680798007491,2.8776516416235816,-0.34393440796359714,1.2137099084054108,0.007948797601899149
44.33,4.357808463291686,3.3147900261505665,-0.31348249028547576,5.485799235819208,2.870473044890258,-0.3134989924025452,1.2123451500061806,1.650211706943905e-05
44.36,4.358171918864358,3.314587827972941,-0.2928537191252269,5.48195519000901,2.864424649282461,-0.2867239513192062,1.2105931306402211,0.006129767806020703
44.400000000000006,4.358337263674247,3.314594721750515,-0.27074858353866643,5.478665296754781,2.8598356879330042,-0.2666795073638547,1.2091073899967426,0.0040690761748117255
44.43000000000001,4.358478854742291,3.314860142791773,-0.25739678963990664,5.475623297844916,2.8561225736022666,-0.24813704519072793,1.2076638042687924,0.009259744449178708
44.46000000000001,4.357010451340551,3.316452795232413,-0.24347831705151488,5.475623297844916,2.8561225736022666,-0.24813704519072793,1.2096274688145345,0.004658728139213059
44.5,4.35822260662986,3.314832874486896,-0.22934564631112137,5.473256394784551,2.85286270721005,-0.23268751448420308,1.2069452283266202,0.0033418681730817135
44.53,4.3584386793438625,3.3147619989781383,-0.22130063735668362,5.471550701692914,2.8501832909148033,-0.22132042190327372,1.2061723551316341,1.9784546590101426e-05
44.56,4.35840411950676,3.314543520596364,-0.2126902205702254,5.469982460134175,2.8479169826755526,-0.2106171516297428,1.2055483122811625,0.0020730689404826197
44.60000000000001,4.35842209260773,3.3146113004238327,-0.20629073066361056,5.468609645121107,2.8462885400300504,-0.20232557692403938,1.2049243169836406,0.003965153739571181
44.63000000000001,4.358396169359976,3.3145926851012826,-0.19862007831693956,5.467297268335534,2.8447563999141714,-0.19509123151334215,1.2043287683135468,0.003528846803597413
44.66,4.35695634580497,3.3162711805958924,-0.1933020929242119,5.467297268335534,2.8447563999141714,-0.19509123151334215,1.2063097250073693,0.0017891385891302403
44.7,4.358203601851188,3.314731416519878,-0.1871197852485364,5.466212990989057,2.8432420674117633,-0.1886334398382492,1.2041540652009883,0.0015136545897128095
44.730000000000004,4.358375906590725,3.314631059689729,-0.18322427805093203,5.465293281739123,2.8421804753180475,-0.1832447918798752,1.2035263312776179,2.0513828943163892e-05
44.760000000000005,4.358435015990526,3.314512829457562,-0.1796274104178956,5.464300911287805,2.8413922516067243,-0.17858122161321294,1.2028227049601126,0.0010461888046826573
44.8,4.3584511634467145,3.314476121457488,-0.17582550453749185,5.463499105926771,2.8405504405866386,-0.1748383303360894,1.2023878351714576,0.0009871742014024576
44.83,4.358484447047045,3.314464930276068,-0.17283770780133917,5.463499105926771,2.8405504405866386,-0.1748383303360894,1.2023528350183519,0.0020006225347502238
44.86,4.357102854427379,3.3162754397721343,-0.16975237806673554,5.462754602783002,2.839642689269336,-0.17082852978100296,1.2040118635186732,0.0010761517142674204
44.900000000000006,4.358298994752076,3.3147163680172427,-0.1662255459217276,5.462227989710606,2.8387260384828457,-0.16711204098276802,1.2021755361511957,0.0008864950610404099
44.93000000000001,4.358456353647736,3.3145559680980563,-0.16327333756681287,5.461864847599681,2.837830878188852,-0.1632941523718503,1.2019888168673776,2.0814805037433493e-05
44.96000000000001,4.3584917247145345,3.314501472721225,-0.16184533418330277,5.461410780047396,2.8374825635428174,-0.16072362625408804,1.2016561414689688,0.0011217079292147325
45.0,4.358560035813982,3.3145000634251502,-0.15955761336609514,5.460823181015902,2.837596135619236,-0.15935099065247735,1.2010084919046737,0.00020662271361779339
45.03,4.358582742553731,3.3145407504366364,-0.15884966644123016,5.460823181015902,2.837596135619236,-0.15935099065247735,1.2010038092298454,0.0005013242112471838
45.06,4.357231097246449,3.316300101342856,-0.15829205629324902,5.460087616129153,2.83781327745291,-0.15851390710532848,1.2021822415417573,0.0002218508120794549
45.10000000000001,4.358453226852834,3.3147068889629074,-0.15782086783339808,5.4593668585522055,2.837858357103813,-0.15793219182447898,1.1997480347129863,0.00011132399108090829
45.13000000000001,4.358608837867337,3.314530115187986,-0.15740357341272165,5.458733553131959,2.8378808646559506,-0.15742412994886718,1.198944909980779,2.0556536145521775e-05
45.16,4.358689190306956,3.3144494369385273,-0.15701141115560396,5.458179722155863,2.8378511914070157,-0.15711388857359543,1.1983427378129792,0.00010247741799146448
45.2,4.35869837652664,3.3144365577017574,-0.1571034568676452,5.457825621954049,2.8378001607551235,-0.1574750682127142,1.198024605980659,0.00037161134506899507
45.230000000000004,4.358710921255296,3.314444350294229,-0.1575244939338045,5.457825621954049,2.8378001607551235,-0.1574750682127142,1.1980161971832848,4.942572109029042e-05
45.260000000000005,4.357232010442617,3.3162586570247594,-0.1576459960202001,5.457607527438551,2.8377492270440623,-0.1576473799595809,1.1999156441119185,1.3839393807890676e-06
45.3,4.358449662546174,3.314707227769909,-0.15798701025387665,5.45742116195338,2.8377555925517504,-0.15796084150996242,1.1980071864753559,2.6168743914228854e-05
45.33,4.358588269315043,3.314549288832965,-0.15817105868356357,5.457253503277055,2.8377901416219915,-0.15819152362028668,1.1976496068408895,2.0464936723113558e-05
45.36,4.358640097296259,3.314457220424775,-0.15820396642470494,5.457234150920852,2.8377823919832434,-0.15815950128172768,1.19755074494949,4.446514297726245e-05
45.400000000000006,4.3586625531978145,3.3144445266729754,-0.15810086965452802,5.45724607893928,2.8377860343880204,-0.15808697921093254,1.197534584593662,1.3890443595482305e-05
45.43000000000001,4.358656559371794,3.314442575069173,-0.15804731737546482,5.457246792092516,2.837784050974327,-0.15803900390500358,1.1975407500463797,8.313470461235317e-06
45.46000000000001,4.35722417073476,3.31625481178489,-0.1580082900612258,5.457246792092516,2.837784050974327,-0.15803900390500358,1.1995766071616378,3.071384377778541e-05
45.5,4.358436928733859,3.314707005906981,-0.15801362385742695,5.457240799322855,2.837780580181461,-0.15801664709420588,1.1978433794017807,3.0232367789206904e-06
45.53,4.358563740132115,3.3145437215908187,-0.157961224284409,5.4572361107241685,2.8377812249153753,-0.15800010822353183,1.197657486988064,3.888393912282462e-05
45.56,4.358609472416168,3.3144808344800523,-0.15797255446793063,5.457231945342023,2.837781952067819,-0.15798673448893263,1.1975863904164878,1.4180021002008214e-05
45.60000000000001,4.358635736842886,3.314444767492762,-0.15797296702122615,5.45722986005288,2.8377838763539227,-0.1579570623686909,1.1975452612293236,1.590465253525908e-05
45.63000000000001,4.3586347466106785,3.314442147723168,-0.15793283127329832,5.457226780847314,2.8377838700073506,-0.15792962859630874,1.197542304640299,3.2026769895832086e-06
45.66,4.357189932758727,3.3162484080966017,-0.1578656782135996,5.457226780847314,2.8377838700073506,-0.15792962859630874,1.1995871712225143,6.395038270914921e-05
45.7,4.358423780010342,3.314705895145433,-0.15800537350961716,5.457223082676722,2.8377839379905128,-0.1579052718629085,1.1978374099837605,0.00010010164670865018
45.730000000000004,4.35855300653789,3.314543597123349,-0.1578768509732522,5.457217827573942,2.837784623465372,-0.1578972940735499,1.197649158954987,2.044310029772345e-05
45.760000000000005,4.358620502918701,3.314457799243105,-0.15787739155048935,5.457215716240551,2.8377861023347903,-0.1578712809836134,1.1975505623426237,6.11056687596645e-06
45.8,4.3586277900185175,3.314445882260481,-0.1579092189122479,5.45721013748366,2.8377844949945774,-0.1578667828580285,1.1975346559796416,4.2436054219413544e-05
45.83,4.358627293362008,3.3144459302614906,-0.15782663675476755,5.45721013748366,2.8377844949945774,-0.1578667828580285,1.1975351307035347,4.014610326094625e-05
45.86,4.357176101999258,3.3162522168233934,-0.1576652012014365,5.45720287904795,2.837792425708685,-0.15784433974758483,1.1995760425824045,0.00017913854614831637
45.900000000000006,4.358420870831589,3.314703441486615,-0.15768317418797378,5.457101469331206,2.8377602406059235,-0.1577335692268685,1.197736980470168,5.039503889470165e-05
45.93000000000001,4.358540356865671,3.314531461573186,-0.15780539085804118,5.456908161027139,2.8376746930820365,-0.15782584993999657,1.1974156383120718,2.045908195538737e-05
45.96000000000001,4.358614626231772,3.3144570715660424,-0.15810710971469705,5.456702237448216,2.8376702765825534,-0.15816615716677754,1.1971307571763672,5.904745208049067e-05
46.0,4.358625049298348,3.314449640957307,-0.15836449620064424,5.456505701366428,2.8377135351162908,-0.15844054108502675,1.1969207328799556,7.6044884382509e-05
46.03,4.358628254439447,3.3144487003787804,-0.15844096660872514,5.456505701366428,2.8377135351162908,-0.15844054108502675,1.1969174183162177,4.255236983885524e-07
46.06,4.357186331772691,3.31626031413368,-0.15870862143908623,5.456400348841492,2.837721778254936,-0.15860007680614704,1.198862204609647,0.00010854463293918926
46.10000000000001,4.358953764538282,3.315033339881243,-0.15907818718199834,5.456793101130613,2.8375711808468593,-0.1590986164773794,1.1971722191394458,2.042929538106919e-05
46.13000000000001,4.361761341922491,3.3142393537287105,-0.1595754853458868,5.458308704373718,2.8372273919607958,-0.1595959403364715,1.1958078983550904,2.0454990584700683e-05
46.16,4.363354538107494,3.3141061683001465,-0.15973976099135395,5.460301804324899,2.836838534893417,-0.15987702982564664,1.1962765979318914,0.00013726883429268644
46.2,4.366957527068305,3.313838764720797,-0.1605438654073214,5.463631164830366,2.8361170415468853,-0.16064580171824042,1.1962069689458106,0.00010193631091900968
46.230000000000004,4.370081089846146,3.3135094437154424,-0.1606412518751687,5.463631164830366,2.8361170415468853,-0.16064580171824042,1.1932121656043644,4.549843071716131e-06
46.260000000000005,4.371617713036148,3.3152238120420408,-0.16062709508209755,5.4675313232807525,2.8354054754637295,-0.1606734862152484,1.1963495631445438,4.639113315085819e-05
46.3,4.378433082450415,3.313326207522101,-0.16149616160866426,5.472121177238694,2.8345774323668675,-0.1613060485386889,1.1938819197869834,0.0001901130699753506
46.33,4.38317163297203,3.312695931175011,-0.1616401574654071,5.4778141527591195,2.833544803058534,-0.16166068535548933,1.194917591175693,2.0527890082222555e-05
46.36,4.3877650434983,3.3124850286759866,-0.16163562391364464,5.483873423671527,2.8325272805066746,-0.16169009313880978,1.1965838963957909,5.446922516513797e-05
46.400000000000006,4.395337600664015,3.311978692849176,-0.16276942096185104,5.491147830171762,2.831150599453447,-0.16266720301878607,1.196660233521777,0.000102217943064975
46.43000000000001,4.401442669160284,3.3113658017919745,-0.16265272865877592,5.499022031644417,2.8297956954921064,-0.16262318331905612,1.198578418057301,2.954533971979978e-05
46.46000000000001,4.406085188492576,3.3129912776335755,-0.16262451457245178,5.499022031644417,2.8297956954921064,-0.16262318331905612,1.19498490104258,1.3312533956588712e-06
46.5,4.416783840133959,3.3108522784578924,-0.16381857968131716,5.507660647781533,2.828245775488295,-0.16336349122566549,1.192862626697603,0.00045508845565167544
46.53,4.424504896093101,3.3099409840830574,-0.16343444527524822,5.517449192432309,2.8265570215421287,-0.16345491563789333,1.1950679018960293,2.0470362645103046e-05
46.56,4.432103693735392,3.3096555819284905,-0.16339572762058327,5.5274869171643815,2.8249122330855663,-0.16349375306671327,1.1978482877297674,9.802544612999564e-05
46.60000000000001,4.443618515973955,3.308907875487124,-0.1640736854073505,5.538899084546579,2.8229437782269797,-0.16389788797914848,1.1982489840257067,0.0001757974282020347
46.63000000000001,4.4526990645363735,3.3080086895273126,-0.16385850460974352,5.550799715393518,2.8209419259848714,-0.16379618931185425,1.2012739369355323,6.231529788927603e-05
46.66,4.460257786115963,3.30956053699645,-0.1638403085492332,5.550799715393518,2.8209419259848714,-0.16379618931185425,1.1950020278389892,4.411923737895895e-05
46.7,4.475006134031414,3.3071772804188533,-0.1645919500531616,5.56349918385481,2.8187509755821583,-0.16434272747992043,1.1930538021272408,0.00024922257324117014
46.730000000000004,4.485725401329119,3.3059729815669416,-0.1643644839651603,5.577286605658534,2.816384238243729,-0.1643850453997139,1.1963289682967164,2.0561434553617586e-05
46.760000000000005,4.49634292955384,3.3056141148973768,-0.16422393432226018,5.591291810834981,2.8140590105251317,-0.1642341972230388,1.200224759473504,1.0262900778629236e-05
46.8,4.511836451366831,3.3046286498372046,-0.1649052481972148,5.6067934511219155,2.811367824759423,-0.16476938403258148,1.2009317519613971,0.0001358641646333203
46.83,4.523927034905951,3.303440274570015,-0.16468249825129086,5.6067934511219155,2.811367824759423,-0.16476938403258148,1.1894263202195439,8.68857812906243e-05
46.86,4.534502258529928,3.304977566637356,-0.1645784625978725,5.622649156660235,2.808713662088552,-0.16461908928582766,1.1959688686870713,4.062668795515312e-05
46.900000000000006,4.548176258997719,3.302603708187083,-0.16478504305787606,5.639304504964912,2.805913476782148,-0.16480547346402624,1.1988586385060296,2.0430406150184766e-05
46.93000000000001,4.5669430248010086,3.300806831153487,-0.16481751262978234,5.657079230401824,2.802890944496244,-0.16483802530229313,1.198464508004894,2.051267251079736e-05
46.96000000000001,4.580562602090223,3.3003653234543124,-0.16474699333936457,5.675012448450101,2.7999159198499375,-0.1646572938519503,1.203440929902725,8.969948741427425e-05
47.0,4.600029079751272,3.299146245342362,-0.16474009231942416,5.69451765863119,2.7966917403521077,-0.1648529937417301,1.2043113297165242,0.0001129014223059388
47.03,4.615114493188399,3.2976754858769572,-0.16483786783751814,5.69451765863119,2.7966917403521077,-0.1648529937417301,1.189998280187003,1.5125904211960028e-05
47.06,4.621237376363635,3.3020308442276227,-0.16478617068032791,5.71437545245971,2.7933496299531444,-0.16480627480951768,1.2056979021159429,2.010412918976301e-05
47.10000000000001,4.649873110101531,3.2963490284530845,-0.1654994448549027,5.734462307634574,2.7900181533007147,-0.16528950146175342,1.1969564246612892,0.00020994339314928112
47.13000000000001,4.6649175348775564,3.2947384413632412,-0.16542225334888797,5.754523767445134,2.7865956299459262,-0.16544249032953864,1.202269045948203,2.0236980650678582e-05
47.16,4.67999481655577,3.294274590082806,-0.16499685706351247,5.77449563075175,2.7832892030482634,-0.1648212352015788,1.2079064939135413,0.00017562186193367801
47.2,4.699967243182898,3.2930662525628125,-0.1640976620521197,5.794388072850777,2.780021760084316,-0.16411383455725523,1.208706582952805,1.6172505135525483e-05
47.230000000000004,4.714868335328339,3.291655947582276,-0.16370746703680386,5.794388072850777,2.780021760084316,-0.16411383455725523,1.1946264711269416,0.00040636752045136726
47.260000000000005,4.728355061250279,3.293194977774574,-0.1636876814636618,5.814226528877802,2.776768935013477,-0.16361142840565795,1.2024195199053598,7.625305800385007e-05
47.3,4.749663528463553,3.2903232743766617,-0.1636504983057558,5.834002325123817,2.7735079663302824,-0.16365573268514383,1.2012030172180317,5.23437938804161e-06
47.33,4.76470241118931,3.2887298306223203,-0.16376462134175487,5.853650047053118,2.7702588918826407,-0.1637849737747503,1.206075896438935,2.0352432995418557e-05
47.36,4.779819253450055,3.2882427988814165,-0.16394833465964256,5.873215250029814,2.767071140972245,-0.1638975880045664,1.2112533600962423,5.074665507615039e-05
47.400000000000006,4.799805729103007,3.2870197673536268,-0.16418840637276003,5.892650841744095,2.76386460049902,-0.16428724815337817,1.211611228418663,9.884178061814186e-05
47.43000000000001,4.814719483029109,3.2855807172569222,-0.1639272983189656,5.911827427534333,2.760628964024178,-0.1641741971386792,1.2162319618882778,0.00024689881971359795
47.46000000000001,4.8281408500019305,3.2872007055660584,-0.16427677345379216,5.911827427534333,2.760628964024178,-0.1641741971386792,1.204846213138565,0.00010257631511295662
47.5,4.849508604240345,3.2842764547918235,-0.16469992790730356,5.931050631810078,2.757365021469378,-0.16455211537714817,1.2030664220921317,0.00014781253015538898
47.53,4.8645839124156804,3.282667050987523,-0.16489967341581252,5.950433420349366,2.7540768867470162,-0.16492005732506992,1.2076740932932335,2.0383909257404298e-05
47.56,4.879671487128583,3.2821802381215353,-0.1651732444374318,5.969997094376946,2.750799887913612,-0.16512239760581549,1.2129200329818144,5.084683161632464e-05
47.60000000000001,4.899631335280257,3.280958523568505,-0.1651632865970724,5.989717046419747,2.7474984846997663,-0.1650834545539381,1.2136171021785755,7.983204313430359e-05
47.63000000000001,4.914552911838395,3.279532747354632,-0.16503569186707476,6.0094528543840715,2.7442161177610784,-0.16503287259316007,1.2187574730461874,2.8192739146837287e-06
47.66,4.927923255125075,3.281206070771504,-0.16503131024160517,6.0094528543840715,2.7442161177610784,-0.16503287259316007,1.2075034093978638,1.5623515549068046e-06
47.7,4.949282992091513,3.2782418229445867,-0.16495166068606432,6.029186002073581,2.7409345593020547,-0.16499327742420383,1.206188047748507,4.161673813951605e-05
47.730000000000004,4.9643435520644354,3.276632703926401,-0.16494023551007458,6.0489184806728495,2.7376528202402595,-0.16496067720929894,1.2111160517408202,2.0441699224355014e-05
47.760000000000005,4.979453328700783,3.276149556218157,-0.16485601660220123,6.068651179948209,2.7343710372492525,-0.16493337992893264,1.2165015095667366,7.736332673141666e-05
47.8,4.999430189959297,3.2749296166552666,-0.16489695118586128,6.088384638513449,2.7310889757529213,-0.1649122200675909,1.2172035301143969,1.526888172961871e-05
47.83,5.014348299768225,3.2735041497631245,-0.16488445774319155,6.088384638513449,2.7310889757529213,-0.1649122200675909,1.2032324288938374,2.776232439935522e-05
47.86,5.027712455622164,3.275195436276167,-0.16493511299903393,6.1081157772429355,2.7278061621871124,-0.16489808514659876,1.2111590955596783,3.7027852435173036e-05
47.900000000000006,5.049100599888053,3.2722168005057863,-0.16496141198323053,6.127846717324909,2.7245215221942076,-0.16488779409698806,1.2098195335544422,7.361788624246635e-05
47.93000000000001,5.064165268627053,3.2706069968901392,-0.16485921693685807,6.147578612301229,2.721237763948308,-0.16487964899631144,1.2147390778905374,2.0432059453373563e-05
47.96000000000001,5.07927807791051,3.270123494014257,-0.16475380158432837,6.167313673419093,2.7179536646118283,-0.16486917134340554,1.2201282627642165,0.00011536975907716629
48.0,5.09925588603055,3.2689044725601963,-0.16484710524705234,6.187044489459751,2.714667795556235,-0.16486286803373923,1.2208449286812988,1.57627866868848e-05
48.03,5.1141750625657725,3.2674791538312595,-0.16482945809851338,6.187044489459751,2.714667795556235,-0.16486286803373923,1.2069172320427328,3.340993522585323e-05
48.06,5.127518797770328,3.269230183785233,-0.1648540321257656,6.206787600170452,2.7113830577176055,-0.16483988346066136,1.2149133976938888,1.4148665104241065e-05
48.10000000000001,5.148908166245266,3.266203916889111,-0.16481476809941314,6.226538687500979,2.708091500247783,-0.16484727207481367,1.213580244545487,3.250397540052741e-05
48.13000000000001,5.1639772556848245,3.264575224885916,-0.16548633678930041,6.246693823727019,2.704640282863024,-0.16550667941783842,1.218934906388051,2.0342628538005947e-05
48.16,5.179059211959618,3.2641003020809087,-0.16566108299172372,6.2668177641141805,2.70125678778368,-0.16556350715908763,1.224749561899021,9.75758326360876e-05
48.2,5.199029540728694,3.262889856745376,-0.1653762202172397,6.286911051832068,2.6979266991044377,-0.1652773814101264,1.225834226839902,9.883880711328286e-05
48.230000000000004,5.209011026338633,3.262289619219668,-0.16514007534816194,6.286911051832068,2.6979266991044377,-0.1652773814101264,1.2167061973047308,0.00013730606196446504
48.260000000000005,5.2193409645586275,3.26651198866156,-0.16451193956578117,6.306871990098294,2.694674905326985,-0.16453198774102432,1.2287071992089706,2.004817524314806e-05
48.3,5.248685166874594,3.2602040773775878,-0.16421271500305895,6.326757027552768,2.6913602278336213,-0.16425892953771434,1.2189430921704665,4.621453465539216e-05
48.33,5.2637388552684214,3.2585975067546378,-0.16411981181167815,6.346411521239357,2.688109661605385,-0.16414027597296388,1.2237795892658332,2.0464161285732585e-05
48.36,5.278879236305718,3.2581105054147126,-0.16412118645557286,6.366021900003805,2.684954737682497,-0.16400466721714094,1.228977910833745,0.00011651923843192247
48.400000000000006,5.298875263926514,3.2568909830272954,-0.16367607070538343,6.3854773192005565,2.68176520799329,-0.1635090492868659,1.2294200598795508,0.00016702141851751562
48.43000000000001,5.308864743523208,3.2562854837204354,-0.16338835435964322,6.404750792491836,2.678565526154336,-0.16344356519178618,1.2388408217742282,5.521083214296563e-05
48.46000000000001,5.327084415471058,3.257340562004663,-0.16338951317159495,6.404750792491836,2.678565526154336,-0.16344356519178618,1.2232519618969089,5.405202019123645e-05
48.5,5.348555209824193,3.254206454017959,-0.16399346728366598,6.4240775535724,2.6753397407952924,-0.16385097858884215,1.221406968859622,0.00014248869482383353
48.53,5.3636472207723775,3.2525708023732722,-0.16404597306582275,6.443344167955786,2.672031069814767,-0.1640661532934695,1.2258759638871597,2.018022764674332e-05
48.56,5.3787631254082,3.252079188027211,-0.16415074170850547,6.462713337732795,2.6687580606734564,-0.16438551797111065,1.2309393163010887,0.0002347762626051797
48.60000000000001,5.398743020283717,3.250864583262082,-0.16442554052023703,6.482221419903503,2.6654914233957756,-0.16451214946251408,1.2314979410191949,8.660894227704996e-05
48.63000000000001,5.413678422740341,3.2494441883821112,-0.16464367658297704,6.501810729783916,2.662240860242209,-0.16466642920599722,1.2364625615887241,2.2752623020177998e-05
48.66,5.426835353450428,3.2513260086619162,-0.1646693208133056,6.501810729783916,2.662240860242209,-0.16466642920599722,1.22580315377796,2.8916073083751215e-06
48.7,5.448368689524804,3.2481883015432005,-0.1646308622986842,6.521534006913977,2.6589499505582355,-0.16461675787939117,1.2242898483277909,1.4104419293031745e-05
48.730000000000004,5.463451339677467,3.24656618045968,-0.1645502287023874,6.541268898809008,2.6556736660915643,-0.16457068757165544,1.2291642096597786,2.0458869268047408e-05
48.760000000000005,5.4734923254565135,3.2458885310598165,-0.16453145279331496,6.561003537315194,2.6524018872774398,-0.16453438411465304,1.2389136500444269,2.9313213380788294e-06
48.8,5.498537477136285,3.244862629661819,-0.16436205012987945,6.58073886965609,2.649128788017849,-0.1645057073869299,1.2353374697027881,0.00014365725705045573
48.83,5.513454885506062,3.2434424027720223,-0.16447298366883917,6.58073886965609,2.649128788017849,-0.1645057073869299,1.2215988603078054,3.272371809073804e-05
48.86,5.526641082689375,3.2453733828848836,-0.16444005066356746,6.60047426886205,2.6458548244941524,-0.1644821674365872,1.2298537366616649,4.211677301974026e-05
48.900000000000006,5.548186096895067,3.2422009234599076,-0.1644370922445621,6.620213897131824,2.642577373512098,-0.1644451423516044,1.2283289486666313,8.050107042301136e-06
48.93000000000001,5.563268432006228,3.2405756536040733,-0.16439462646874498,6.639944220705381,2.63929567352184,-0.16441506417559423,1.2331943757650836,2.043770684925783e-05
48.96000000000001,5.578391010673412,3.240086299642877,-0.1644605461037715,6.659691481072502,2.6360253313182462,-0.16435346838243645,1.2385880512658696,0.00010707772133505822
49.0,5.598372477882926,3.238872524596615,-0.16423875489883014,6.67947999706885,2.632765426068511,-0.16439416326345838,1.2394189295498519,0.00015540836462824004
49.03,5.613280555614621,3.2374542407550044,-0.16483237943868628,6.67947999706885,2.632765426068511,-0.16439416326345838,1.2257364364186403,0.0004382161752279068
49.06,5.626447181120616,3.2394640858192516,-0.16480614315598655,6.6994713786939215,2.629409820876986,-0.1648477330559857,1.2343205154059802,4.158989999916707e-05
49.10000000000001,5.648007542305326,3.236222277046901,-0.16462320844705886,6.719294762267108,2.626079936436895,-0.16462876444659308,1.2328544048096273,5.555999534223588e-06
49.13000000000001,5.663093581114233,3.2345963899388597,-0.16465741702691433,6.739205001530171,2.6227777554907363,-0.1646782461902096,1.2378763389804224,2.0829163295266184e-05
49.16,5.67820359306202,3.2341051418006446,-0.1648382395993701,6.759282628221552,2.6194374462134467,-0.1648904198013933,1.2436029335201575,5.218020202318874e-05
49.2,5.6981781953321216,3.2328891731011336,-0.1649143875575265,6.779457788912964,2.6160698694095266,-0.1649024038737026,1.244842003187935,1.1983683823879598e-05
49.230000000000004,5.713111819093546,3.23147731403398,-0.16484237324297665,6.779457788912964,2.6160698694095266,-0.1649024038737026,1.2311864400850565,6.0030630725960155e-05
49.260000000000005,5.7261957333677875,3.2334835470147643,-0.16461013958753717,6.799597047094838,2.612816745741795,-0.1647843115189674,1.2399264730270811,0.00017417193143023924
49.3,5.747817007622342,3.230253358790298,-0.1645187893098216,6.8197257006231595,2.609529426051201,-0.16462222020811892,1.2386631692295575,0.00010343089829731311
49.33,5.762876025365098,3.2286273200164795,-0.1640826117758331,6.839711696801341,2.606261355022617,-0.1641030897950953,1.2437501588583966,2.0478019262193392e-05
49.36,5.778034584081871,3.228137004941314,-0.16375229821474094,6.859588751037058,2.6030151196357316,-0.1636933321685284,1.2492144681943667,5.8966046212527434e-05
49.400000000000006,5.79799677196709,3.226927261995915,-0.16333187984925504,6.879435900834363,2.5998017087223104,-0.16335809293777157,1.2501188139588695,2.6213088516524596e-05
49.43000000000001,5.8129072245394635,3.2255142969482073,-0.16330629607974062,6.899088157852323,2.5965742747984506,-0.1634788921692496,1.2551312964603072,0.00017259608950898064
49.46000000000001,5.826018563320862,3.2275583441771523,-0.16367903107627185,6.899088157852323,2.5965742747984506,-0.1634788921692496,1.2448370377353093,0.00020013890702225146
49.5,5.84764384383813,3.2242831107613954,-0.16424085020742568,6.918554127099111,2.5934127819902653,-0.16401055608445078,1.2429184231146906,0.00023029412297490004
49.53,5.862718635506983,3.222642197985768,-0.16412024242566264,6.937856563459031,2.590144468691701,-0.16414072528496557,1.2473872460800506,2.0482859302922707e-05
49.56,5.8778871058609035,3.2221397701850045,-0.1642561505699835,6.9570948278944815,2.586905699244162,-0.16461284037353668,1.2522825688242172,0.0003566898035531896
49.60000000000001,5.897858892081926,3.2209225083693873,-0.16492470221216443,6.976536507617712,2.5836264609469177,-0.1650104275309583,1.2528733576536262,8.572531879386114e-05
49.63000000000001,5.912778346381966,3.2194955302190946,-0.16499214980944593,6.996166413003806,2.580321352864195,-0.1649710737153458,1.2578844668314817,2.1076094100125342e-05
49.66,5.925796634792588,3.221619840057139,-0.16502994551543973,6.996166413003806,2.580321352864195,-0.1649710737153458,1.247780113555225,5.8871800093923676e-05
49.7,5.947464032943785,3.2182998879280174,-0.1647589902849171,7.01592823735896,2.5770355692152385,-0.16481998466608933,1.2461282769324824,6.099438117221356e-05
49.730000000000004,5.962556794038252,3.2166586482692483,-0.16467363915328231,7.035667830468972,2.5737339563955905,-0.16469408238369188,1.250967408020789,2.044323040956142e-05
49.760000000000005,5.977668612355437,3.2161661698647546,-0.16454104194005922,7.055393870121521,2.570443727593446,-0.16460410288234031,1.2563634839009752,6.306094228109016e-05
49.8,5.997649485546125,3.2149592978541683,-0.16446704596690018,7.075149686440793,2.567175964335059,-0.16450531760157683,1.257231056772453,3.8271634676650956e-05
49.83,6.012567449215545,3.21354370846079,-0.16444961937572208,7.075149686440793,2.567175964335059,-0.16450531760157683,1.2437331994896648,5.569822585474449e-05
49.86,6.025598038886014,3.215691858608357,-0.1643447228236123,7.094857274621536,2.563880111652266,-0.16443925491973096,1.2522674900657866,9.453209611867686e-05
49.900000000000006,6.0472698177848585,3.2123462730380647,-0.16436977753816023,7.1145952611230845,2.560609829228826,-0.1644155996639626,1.2505774642884997,4.582212580236944e-05
49.93000000000001,6.057435060008175,3.2115232082687433,-0.16438465269323863,7.134337473816461,2.55734122172204,-0.16438429931660548,1.2600289204571076,3.533766331498267e-07
49.96000000000001,6.072423748303505,3.2100237171720085,-0.16435677917472438,7.15407732348099,2.5540705501462493,-0.16435518125304557,1.265009491674018,1.597921678808678e-06
50.0,6.09748342736593,3.20900530823149,-0.16433115650645727,7.173814399870716,2.5507974326784297,-0.16434395712591085,1.2616362272117791,1.280061945357902e-05
50.03,6.112402365159721,3.207589428378973,-0.16430330619646843,7.173814399870716,2.5507974326784297,-0.16434395712591085,1.2481871786898144,4.065092944241511e-05
50.06,6.125392076918125,3.2097931748928636,-0.1643333297752249,7.19355582263783,2.547529966384237,-0.164321324552119,1.2568079984683782,1.2005223105904239e-05
50.10000000000001,6.147109751581522,3.2064030058832977,-0.16434629195500555,7.213293339729137,2.544255599858212,-0.16428260190032323,1.2550643931452576,6.369005468231936e-05
50.13000000000001,6.162214648834674,3.2047576846056027,-0.1642447434712308,7.233032890330963,2.5409780123861982,-0.16426518696754716,1.2598631511290845,2.0443496316358e-05
50.16,6.177347223877335,3.2042636540993947,-0.16416715482792948,7.252787672369851,2.5377020310452325,-0.16421242428034172,1.2652575056415922,4.5269452412233235e-05
50.2,6.192279944427761,3.2028381751451342,-0.16469265582637188,7.272887102675596,2.534370262891898,-0.16498901113192802,1.2706538396308658,0.0002963553055561341
50.230000000000004,6.212222773224013,3.2016378439803357,-0.16496156305738943,7.272887102675596,2.534370262891898,-0.16498901113192802,1.2530980985312323,2.7448074538583e-05
50.260000000000005,6.225092263786513,3.2039199552502167,-0.16497806260423914,7.292989177289542,2.53103198430037,-0.16495713750159446,1.262213151301434,2.092510264467551e-05
50.3,6.2468646346628605,3.200478422969233,-0.16432638094886928,7.313092521970429,2.5277252337305502,-0.164435314033073,1.2607294560305868,0.00010893308420370507
50.33,6.261961236125381,3.198833256354759,-0.16364944826224673,7.333083179925375,2.5244213260322237,-0.16366974914855728,1.2657541902957488,2.03008863105536e-05
50.36,6.277098943520772,3.198341306769674,-0.16318083461329408,7.353022234780468,2.521209200580294,-0.16308993092492724,1.2712666195206899,9.090368836683904e-05
50.400000000000006,6.297097603586849,3.197138714190796,-0.16288654051042112,7.37294743120998,2.5179781186026697,-0.16288115813454368,1.2722861180553449,5.3823758774385055e-06
50.43000000000001,6.312009395220111,3.195724404731657,-0.1628320467456738,7.392627361408573,2.514744574768819,-0.16287004015629847,1.2772895981982728,3.799341062465933e-05
50.46000000000001,6.324910461386192,3.1980272952783313,-0.16287269653644326,7.392627361408573,2.514744574768819,-0.16287004015629847,1.2676334859651992,2.6563801447943014e-06
50.5,6.346737936593828,3.1945441883906196,-0.16318243648333333,7.412259917334413,2.511506760933012,-0.1631174090923056,1.2656528824086186,6.502739102773325e-05
50.53,6.361866403940502,3.1928951441211035,-0.16317887719563545,7.43145599338125,2.5083863045705255,-0.1631993867411682,1.2698717420522854,2.0509545532759743e-05
50.56,6.377035311322498,3.1923882446763,-0.16322713923040186,7.450596379505146,2.5051552869900244,-0.16343936498854977,1.2746852573273513,0.0002122257581479159
50.60000000000001,6.397015157278044,3.1911667575009353,-0.16394211321588686,7.470016904983508,2.5018867318336504,-0.16391975987010093,1.2753194518875943,2.23533457859304e-05
50.63000000000001,6.411947889148903,3.1897480616320353,-0.16396294180263907,7.489563919820595,2.498646280803581,-0.16412833322456502,1.2801866977222014,0.00016539142192595335
50.66,6.424828388820234,3.19212227668044,-0.1641900205191348,7.489563919820595,2.498646280803581,-0.16412833322456502,1.2706575887437264,6.168729456978994e-05
50.7,6.4465958530249665,3.1885903927184986,-0.16401659336540536,7.509245183757921,2.4953696198507473,-0.16409938781732766,1.2687705230034934,8.279445192230228e-05
50.730000000000004,6.4617101529392595,3.186933191879264,-0.16400671133060643,7.528982671892448,2.4921056342957293,-0.16402718972649033,1.273521089142298,2.0478395883899436e-05
50.760000000000005,6.476826936378512,3.186433361614772,-0.16400647966496731,7.548719218397308,2.4888455165507595,-0.16397741891923506,1.278898692560328,2.9060745732251148e-05
50.8,6.496803342169534,3.1852273210206223,-0.16396968869581746,7.568458720905942,2.485581649693091,-0.16391631245730215,1.2798239395252866,5.337623851531248e-05
50.83,6.511721607409921,3.18381700279906,-0.16386141480182911,7.568458720905942,2.485581649693091,-0.16391631245730215,1.2665804101465168,5.4897655473035156e-05
50.86,6.524523360952185,3.1862097400639087,-0.16387310204690436,7.588197121279336,2.4823138716274373,-0.16386061366534077,1.2754886365665654,1.2488381563591222e-05
50.900000000000006,6.540823530645683,3.1830935220698455,-0.16379228517383287,7.607935526183609,2.479048173113055,-0.16381271946055917,1.2784396209475926,2.0434286726295214e-05
50.93000000000001,6.5615172707353535,3.181005970944726,-0.16376830587353502,7.627669252972828,2.4757837518431227,-0.1637887448435773,1.2782873024259784,2.0438970042280236e-05
50.96000000000001,6.57665707915698,3.1805042754858293,-0.16377743016378019,7.647405233534749,2.472521779729894,-0.16377093887585964,1.283643573738521,6.491287920545874e-06
51.0,6.596640377949728,3.179299744450688,-0.16375943112761424,7.667142298057243,2.4692601956845994,-0.16375658132711593,1.2845740623902644,2.8498004983057434e-06
51.03,6.611559113516835,3.17788863939744,-0.16373055706109957,7.667142298057243,2.4692601956845994,-0.16375658132711593,1.2713811901720713,2.6024266016361208e-05
51.06,6.624365175862303,3.1803270254362555,-0.1637735174827619,7.686879735304506,2.465997446817321,-0.163746719893891,1.2803139989536023,2.6797588870891564e-05
51.10000000000001,6.644687882570074,3.176869112715164,-0.16352625632081746,7.7061333819038245,2.462845605904684,-0.16360220952217794,1.2792560792639642,7.595320136047357e-05
51.13000000000001,6.653810172514907,3.176102940647117,-0.16376726606926612,7.724322700534462,2.4598193625952463,-0.16381517691423728,1.2880447340188184,4.7910844971160715e-05
51.16,6.671771496077255,3.174930347003904,-0.16386877766209412,7.742258969943399,2.4568498833729384,-0.16380905174716714,1.2890240432019802,5.9725914926977985e-05
51.2,6.68819670191561,3.1739697654559746,-0.16386174690740946,7.759187744222903,2.4540664565361117,-0.1638539531422438,1.2904582856087328,7.793765165658995e-06
51.230000000000004,6.700022567775845,3.1728736691285118,-0.16420936958926852,7.759187744222903,2.4540664565361117,-0.1638539531422438,1.2800447960415227,0.0003554164470247201
51.260000000000005,6.709737939107724,3.175448995768286,-0.16441764778208773,7.77562497044828,2.451289233470132,-0.16433297728773327,1.2886126357100887,8.467049435445517e-05
51.3,6.726049632247213,3.172188937498505,-0.16465331444020664,7.791667227742129,2.448634528447539,-0.16454388494915134,1.2880496274155966,0.00010942949105530175
51.33,6.736602555166776,3.1709733617700806,-0.1648489701017443,7.807093837600105,2.4461128211783794,-0.1648691900810443,1.2928164560650697,2.0219979300017954e-05
51.36,6.7435811715534,3.1704918008166247,-0.1652157572230885,7.822158706291206,2.443829905449908,-0.16570907126929055,1.3005256662669262,0.0004933140462020369
51.400000000000006,6.759534027149352,3.169892922908176,-0.1661669845801685,7.8366648959814755,2.441595273305319,-0.16590422857945827,1.300241660234009,0.00026275600071021255
51.43000000000001,6.768435912444968,3.169044734065776,-0.1654820066344595,7.850354575987816,2.439434001881477,-0.164961530177525,1.3049443723932648,0.0005204764569345099
51.46000000000001,6.775123453809796,3.1716951431944205,-0.16473263471218794,7.850354575987816,2.439434001881477,-0.164961530177525,1.300895209145279,0.0002288954653370534
51.5,6.787585923832532,3.1686864650001594,-0.16276921712064177,7.863012492702311,2.4374799085599466,-0.16328015296749113,1.3004635070666843,0.0005109358468493586
51.53,6.795240329146444,3.167796080689211,-0.16032161506114567,7.874464933455389,2.436035301653564,-0.16034053139326926,1.303917015872044,1.8916332123586344e-05
51.56,6.802939885895778,3.167459974788553,-0.15868524301349568,7.885091309394555,2.4349340570179647,-0.1579576788322935,1.3067692694527493,0.0007275641812021783
51.60000000000001,6.8095484885864295,3.1668938512922735,-0.15644222531537672,7.89447802479105,2.434139593054627,-0.15463759590225987,1.309198572216827,0.0018046294131168483
51.63000000000001,6.815475098858291,3.1667457299381097,-0.1537309604956278,7.9030269609905135,2.433662462533551,-0.15164905546181523,1.3115563768957128,0.002081905033812559
51.66,6.821143909260062,3.1692304378904597,-0.15089842487644528,7.9030269609905135,2.433662462533551,-0.15164905546181523,1.3082550148928367,0.0007506305853699491
51.7,6.829603800087642,3.166347712259901,-0.14785862838407518,7.910893093897981,2.433317108434412,-0.14876822107834103,1.306338548406814,0.0009095926942658539
51.730000000000004,6.83420403043115,3.165712408216601,-0.14525697674529464,7.917702785478406,2.4332020870745663,-0.14527675233893608,1.3078764936983007,1.9775593641441214e-05
51.760000000000005,6.838803599717428,3.1654318431991744,-0.14305907467889153,7.924169296268009,2.4333292015763788,-0.14244250763905225,1.3091955442636534,0.0006165670398392831
51.8,6.843308069987015,3.1651674086262895,-0.13948795226961058,7.929414162354906,2.433354338757953,-0.13845325094647065,1.3096475911896182,0.0010347013231399305
51.83,6.846189311440444,3.164914209729099,-0.1366872769550235,7.929414162354906,2.433354338757953,-0.13845325094647065,1.3071174095902702,0.0017659739914471506
51.86,6.846848094750883,3.167744018793631,-0.13449615107413665,7.934165244741372,2.4337230088613633,-0.13526662914017926,1.3118862098846171,0.0007704780660426069
51.900000000000006,6.851316199704181,3.165125524070074,-0.13140338859128856,7.938131216526673,2.4339234116867883,-0.1322645970182083,1.3098944270225192,0.0008612084269197517
51.93000000000001,6.852899098230509,3.164699589620471,-0.12980848179784968,7.940863915568799,2.434003849240483,-0.12982877256772796,1.310566178708804,2.029076987827838e-05
51.96000000000001,6.854554041182903,3.16455286676066,-0.12884678254494591,7.943040221483655,2.434171741638964,-0.12887796268585025,1.3108236924315022,3.118014090433552e-05
52.0,6.855101333854948,3.1645163334036925,-0.12786844863291685,7.943609751418705,2.4340897173270633,-0.12781356198618876,1.310867505349153,5.488664672809174e-05
52.03,6.854984490983989,3.1644882986171154,-0.1278485984230317,7.943609751418705,2.4340897173270633,-0.12781356198618876,1.310948910220026,3.5036436842939e-05
52.06,6.852696293467029,3.1674027699159275,-0.12835517669783364,7.943383448834771,2.4341276611881746,-0.12826805059803176,1.3142643782602776,8.71260998018819e-05
52.10000000000001,6.85474599630574,3.164974355350327,-0.12970435854048862,7.942896770704099,2.4342939581677348,-0.12940863987511908,1.3107120014139864,0.0002957186653695376
52.13000000000001,6.854944370289072,3.164721638745081,-0.12998421879301686,7.942143273873208,2.434468593600659,-0.13000523605125142,1.309683536545088,2.1017258234556913e-05
52.16,6.8551090746517565,3.1645740156833253,-0.13081101577992307,7.9414599507623365,2.434434299052177,-0.13061924984305903,1.308916434241865,0.0001917659368640412
52.2,6.855146619723779,3.1645439342939037,-0.13113296714611825,7.940796990014777,2.4343642197489728,-0.13107544420247452,1.30835742136692,5.752294364372301e-05
52.230000000000004,6.855154924544763,3.1645382217141456,-0.13104543139173194,7.940796990014777,2.4343642197489728,-0.13107544420247452,1.308347342055554,3.001281074258011e-05
52.260000000000005,6.852868000326331,3.1674423291146416,-0.13139406811462034,7.940099772761675,2.4342488987560715,-0.13127185304270822,1.3113525587399704,0.000122215071912124
52.3,6.854866157308516,3.164969775592273,-0.13141902805272426,7.939356989075462,2.43417274608196,-0.13134085231111967,1.3077402886382523,7.817574160459695e-05
52.33,6.855072531495814,3.1647258630433934,-0.1315553143691956,7.938563976805416,2.4341719588410697,-0.13157574635671612,1.3067756957505554,2.0431987520524997e-05
52.36,6.855197914255157,3.1645778007318133,-0.13173130990029897,7.937692852675565,2.4341589346991164,-0.131638749819274,1.3058740412315013,9.256008102495605e-05
52.400000000000006,6.855231858336931,3.1645497240425815,-0.13168543440327335,7.9368989178190645,2.4341696770876995,-0.1320887936531089,1.3051661352328066,0.00040335924983556093
52.43000000000001,6.855249540310206,3.1645340946998997,-0.13181237588661782,7.935962913276879,2.434157281595885,-0.1320546064774436,1.304374058170807,0.00024223059082578713
52.46000000000001,6.852911773693755,3.167445832892268,-0.1321621375500714,7.935962913276879,2.434157281595885,-0.1320546064774436,1.3079418451959748,0.00010753107262778672
52.5,6.854949946647441,3.164961918039071,-0.13205930103071445,7.935088219156003,2.434096810063995,-0.131993918963861,1.3041711903708042,6.538206685344217e-05
52.53,6.855169990346156,3.164703846247527,-0.13179821665023933,7.934158717171234,2.434026708088425,-0.13181855980624732,1.3031138679501413,2.0343156007990304e-05
52.56,6.855307890982419,3.1645684512129564,-0.13212819641622212,7.933308144097794,2.434009055131526,-0.1320812289589518,1.3022294640038203,4.696745727031382e-05
52.60000000000001,6.8553446825011575,3.164549295789635,-0.13226632734611818,7.932369568930597,2.4339914008178787,-0.13210606810305806,1.301421316827841,0.0001602592430601235
52.63000000000001,6.85536811296201,3.164534994769138,-0.1321813281850827,7.93149209313756,2.433930451438705,-0.1321726033154817,1.30070204868138,8.724869601017815e-06
52.66,6.853018360366109,3.167442960691131,-0.1321151629068446,7.93149209313756,2.433930451438705,-0.1321726033154817,1.3042799521221577,5.7440408637088325e-05
52.7,6.8550470665625625,3.1649515483418735,-0.1320105267268032,7.930602648100815,2.4338743565747096,-0.1321496684775006,1.3004974699322762,0.00013914175069740242
52.730000000000004,6.855265920516095,3.1647030175797752,-0.13288648717785898,7.929889000986124,2.4338665680282507,-0.13290657934412847,1.2995909668322467,2.0092166269497502e-05
52.760000000000005,6.855389921352774,3.1645607391956525,-0.1326421221950857,7.928984388370168,2.4339014299362915,-0.13291801271192155,1.2986408686845365,0.00027589051683585275
52.8,6.855475120271863,3.164531471437147,-0.13051132095710422,7.926587487884076,2.433835082445391,-0.1288851237295887,1.2966105494470694,0.0016261972275155023
52.83,6.855264046220933,3.164462811738238,-0.12503745147549944,7.926587487884076,2.433835082445391,-0.1288851237295887,1.296746234029073,0.003847672254089274
52.86,6.85327748225709,3.167384417553654,-0.1172097681556465,7.921869020190233,2.43288113845108,-0.11979910013508575,1.2966815113800125,0.002589331979439252
52.900000000000006,6.8555767563191345,3.1648253520021594,-0.10198153068751599,7.914704159438204,2.430785065977436,-0.10564227775892358,1.2886295035986886,0.003660747071407594
52.93000000000001,6.855790930918372,3.1643696243215778,-0.08883727250302928,7.9058340645997776,2.4276228684583607,-0.0888576881901174,1.2827261457015835,2.041568708811836e-05
52.96000000000001,6.856446858105748,3.164415079743475,-0.07644060603101362,7.896728624374118,2.423856860985499,-0.0725109441869933,1.276954434817635,0.003929661844020313
53.0,6.8567592791298555,3.164457318670784,-0.06061132688428868,7.888171384715071,2.420426486500635,-0.056334724656370544,1.271767593063895,0.004276602227918133
53.03,6.856845162638317,3.164546492672951,-0.04854538068995757,7.879808257825699,2.4178534292013794,-0.04165478654819237,1.2664928050138737,0.006890594141765197
53.06,6.854476299053738,3.167503111096324,-0.03815943137577667,7.879808257825699,2.4178534292013794,-0.04165478654819237,1.2701497042649492,0.0034953551724157053
53.10000000000001,6.856348885869945,3.1650270495449697,-0.02491716374502935,7.871675057139607,2.4158570544510027,-0.028303723387491556,1.2618014564955156,0.0033865596424622058
53.13000000000001,6.856642626678653,3.164841097645236,-0.012841377390246001,7.863689460264665,2.41443688907769,-0.012862354943751209,1.2558860622172296,2.0977553505207094e-05
53.16,6.856726575476804,3.164600828407073,-0.0003180789423340012,7.856328971630911,2.413355698745142,0.004047226578420244,1.2504296042711895,0.004365305520754245
53.2,6.856767412664348,3.164558415979478,0.01721792880964483,7.849464354645928,2.412796738999107,0.021681944191142475,1.245228026345344,0.004464015381497644
53.230000000000004,6.8568407069990815,3.1646318436916174,0.030659373070276923,7.849464354645928,2.412796738999107,0.021681944191142475,1.2452139296184126,0.008977428879134448
53.260000000000005,6.8508345471005505,3.172217930530137,0.03982355301972533,7.843067073422941,2.4126267934540313,0.039803054882188216,1.2496015692278417,2.049813753711438e-05
53.3,6.8564316883491365,3.16498102573753,0.06356929971801865,7.837103248747723,2.4125930867140872,0.05877678415252041,1.2360438180592717,0.004792515565498243
53.33,6.856727818738907,3.1647251367289146,0.07897594515703203,7.831712330956134,2.412567010988106,0.07895549048486038,1.2313962177875122,2.0454672171654753e-05
53.36,6.856755851976842,3.16455331347189,0.09471990381031152,7.826932244147289,2.4125486259236486,0.10054203972835866,1.2274987910460011,0.005822135918047144
53.400000000000006,6.856776450194402,3.164527943765678,0.1176279220324035,7.8228183651367935,2.412605083474225,0.12374197994297545,1.2241833887348919,0.006114057910571943
53.43000000000001,6.856886019781266,3.164543588931005,0.13603057616312783,7.81944697983037,2.41284226531709,0.14875597857849573,1.2213019617332828,0.012725402415367904
53.46000000000001,6.854474602038178,3.1673749493874928,0.1551321108041957,7.81944697983037,2.41284226531709,0.14875597857849573,1.2249454115316334,0.006376132225699965
53.5,6.856459395785056,3.1649604377841123,0.1825962406867073,7.816922710788268,2.413403833902422,0.17577194353746045,1.2195602110208166,0.006824297149246844
53.53,6.856821784071599,3.1647917622888007,0.20496961807634723,7.815401745437773,2.414524641042917,0.20494915933173743,1.2172823401147994,2.0458744609791468e-05
53.56,6.856792421561468,3.164601207413407,0.22806133622879668,7.81512813009843,2.4166036138115095,0.23639213679167917,1.215692284375973,0.00833080056288249
53.60000000000001,6.856750676177793,3.1645776857797268,0.26131058343049185,7.816540332562408,2.420708154195533,0.26968103885158745,1.2143055894305126,0.008370455421095602
53.63000000000001,6.856869772066405,3.1649184435867594,0.2863804179065071,7.819542249157268,2.427526050527196,0.30341255904281195,1.2126359055752756,0.017032141136304857
53.66,6.854143108270028,3.1674107677509915,0.31188804328168557,7.819542249157268,2.427526050527196,0.30341255904281195,1.216316116808109,0.00847548423887362
53.7,6.855521385033683,3.165512941619411,0.3391921592754548,7.822178990497537,2.433072795682329,0.33917195303114583,1.2128048044023603,2.0206244308984544e-05
53.730000000000004,6.856009855588642,3.164101431718416,0.37815081376695586,7.824164198651681,2.4366088204525562,0.37813036442034276,1.2110195421372207,2.0449346613105046e-05
53.760000000000005,6.856076630055158,3.163993974314091,0.4092291950017151,7.825418756517736,2.4377215012305187,0.42126095350375803,1.211237327402818,0.01203175850204291
53.8,6.855989091617877,3.163794718260901,0.4569528962293732,7.826098982574428,2.4358243224154013,0.4689340585405783,1.2128701899870344,0.011981162311205107
53.83,6.855926710829891,3.16342585934335,0.4929350125474135,7.826098982574428,2.4358243224154013,0.4689340585405783,1.212698739754383,0.024000954006835218
53.86,6.853647204945588,3.166681842119057,0.527098537230382,7.826841047125519,2.433064220689398,0.5156581274657732,1.218729284512786,0.011440409764608805
53.900000000000006,6.85563172880957,3.1641762522979024,0.5716804529387446,7.827943163663757,2.428530490567134,0.5607311252823981,1.2192473961836665,0.010949327656346486
53.93000000000001,6.855821584171087,3.163667385391983,0.6043045840400594,7.829740565198773,2.4228301482833325,0.6042822643278668,1.2236658013905533,2.2319712192575558e-05
53.96000000000001,6.855848093576777,3.1637586316213855,0.6362383266205969,7.831809764183735,2.4175055126109446,0.6470403931931167,1.2285743364268742,0.010802066572519808
54.0,6.855796332046834,3.163799446963236,0.6794958237491406,7.8327203812460775,2.412507428209964,0.6901141198108446,1.232404274313511,0.010618296061703947
54.03,6.855654113976266,3.1638424636934555,0.7107530808764463,7.8327203812460775,2.412507428209964,0.6901141198108446,1.2325432350151218,0.020638961065601702
54.06,6.853586568191172,3.1667979114261238,0.7403172285771871,7.8327317055281425,2.4078267486238176,0.7303991509398974,1.2388552885370103,0.00991807763728969
54.10000000000001,6.855621307136664,3.1645341563328664,0.7783175057412128,7.83200589957634,2.4031552663904683,0.7686533732984003,1.2381537410206824,0.0096641324428125
54.13000000000001,6.855826810947727,3.164303537649948,0.7976195007855398,7.830518631480597,2.399112097319485,0.8072040175830859,1.23916991787595,0.009584516797546128
54.16,6.855763806819475,3.1642973316472864,0.8260385885220821,7.828336753222874,2.395498146699077,0.8445060100796015,1.2397380057305736,0.018467421557519348
54.2,6.8559940280018346,3.164202996459862,0.8720641444486525,7.825780360400999,2.3922035594980944,0.8810687302530079,1.2395437310468351,0.00900458580435537
54.230000000000004,6.855968941744726,3.164281185350657,0.8992492038297164,7.825780360400999,2.3922035594980944,0.8810687302530079,1.2396120554827719,0.01818047357670849
54.260000000000005,6.853757678397609,3.1671283438725464,0.9264964748437925,7.822934073613609,2.3891273362165477,0.9173519842818154,1.2428147299407215,0.009144490561977081
54.3,6.855780073697871,3.1647151252821892,0.962410657640517,7.820041585036979,2.386225108258016,0.9534226569114721,1.2392929310119853,0.008988000729044932
54.33,6.856040736015365,3.164478934920777,0.9894765511859256,7.817525562175058,2.383423493284303,0.9894561800002057,1.2387496413098504,2.0371185719847418e-05
54.36,6.856149491798659,3.1643109985498055,1.0162745837141727,7.815781202038547,2.3808252374891237,1.0250102718525609,1.2388474309142221,0.008735688138388209
54.400000000000006,6.8561952943665165,3.1642921174787615,1.0513027964878936,7.814797311805131,2.3785284601702767,1.0601736664758419,1.2394927805292724,0.008870869987948282
54.43000000000001,6.856313201727312,3.164347227426179,1.0779817809969807,7.814543024577225,2.376435699064548,1.0959494915240529,1.2405680029422559,0.017967710527072134
54.46000000000001,6.853865893744148,3.167169461083386,1.10493261204182,7.814543024577225,2.376435699064548,1.0959494915240529,1.2442509522207077,0.008983120517767063
54.5,6.855435681936013,3.1654343599031898,1.1325212795193802,7.815059567648761,2.3745334501896678,1.1325007774388465,1.243544229617953,2.0502080533724154e-05
54.53,6.856143283169844,3.164508328367837,1.168355489900756,7.815967805308037,2.3732348354365436,1.1683349753679624,1.2439360328865385,2.0514532793614038e-05
54.56,6.856159238148161,3.1643196627041306,1.1953489287480512,7.817180945688613,2.3724154003575033,1.2038742584896025,1.2452610501765173,0.00852532974155129
54.60000000000001,6.856146299542893,3.164260457568629,1.2292698001965987,7.8186537827939935,2.3714071966096646,1.2364086779204735,1.2470112063360264,0.007138877723874781
54.63000000000001,6.856192274613276,3.1642290180112784,1.2513367594585012,7.820464097142084,2.37084447911224,1.2657059231605168,1.2487110051116985,0.014369163702015575
54.66,6.853807851447971,3.1669883058230375,1.2729035881094792,7.820464097142084,2.37084447911224,1.2657059231605168,1.252305589762,0.007197664948962457
54.7,6.855774962393342,3.164545791710106,1.298432599880773,7.822427840884924,2.3701993357062414,1.2922833447737687,1.251161092610364,0.00614925510700437
54.730000000000004,6.855983491881677,3.1642515761162398,1.3090992759232587,7.824439814700997,2.3698205720970695,1.3139573770479522,1.252608585854187,0.004858101124693537
54.760000000000005,6.856037359722151,3.1640852354485696,1.3288531773073191,7.825932217841785,2.370212708912895,1.3333354890186544,1.2533673141561656,0.004482311711335285
54.8,6.856038549478243,3.1640247329062023,1.346788704054304,7.827601690629836,2.370627324035785,1.3500714217464782,1.2543581568462179,0.003282717692174142
54.83,6.85607168478297,3.1640462126885773,1.3576114133091672,7.827601690629836,2.370627324035785,1.3500714217464782,1.2543460786927358,0.00753999156268903
54.86,6.853742015295574,3.1668224097181175,1.3679644823238,7.829346800127225,2.371187902019193,1.3644669515326262,1.2589038748163903,0.003497530791173764
54.900000000000006,6.855244883775374,3.1650722927391217,1.3768478931854111,7.831560097257821,2.372063300917981,1.3768273749238906,1.2577975422087844,2.051826152049685e-05
54.93000000000001,6.855958064703602,3.1640798830428563,1.3868569471601844,7.833815578239856,2.3731952982839126,1.3868362100482878,1.257658039050613,2.0737111896540483e-05
54.96000000000001,6.856020223495169,3.1638756699915187,1.3927039227962736,7.8352792241017415,2.3749571021932474,1.3938340951635309,1.257513696500304,0.0011301723672572095
55.0,6.855992723187927,3.1638208230930283,1.3980023178607799,7.836586129356965,2.3765473843695633,1.398995266759886,1.257522522876495,0.0009929488991060609
55.03,6.855953848115817,3.1637544775644226,1.4011071615044401,7.836586129356965,2.3765473843695633,1.398995266759886,1.2575113035629213,0.002111894744554199
55.06,6.85369499034819,3.1665220757665917,1.403733037904726,7.8375264871240935,2.378425114188433,1.402805445646147,1.2605638559379053,0.0009275922585789687
55.10000000000001,6.8556635372003125,3.1640308329444453,1.4062848895923774,7.838470528329094,2.380311755616465,1.4055722145719545,1.2570302995470835,0.0007126750204229371
55.13000000000001,6.855853139641004,3.1637119174767925,1.4076969222979954,7.839306204909237,2.3820437090932116,1.4076757548498744,1.256258380900633,2.1167448120973376e-05
55.16,6.855968283479511,3.163514919017949,1.4086535569516545,7.839892212100756,2.383938083037078,1.4087980879195043,1.2553271846460632,0.00014453096784983188
55.2,6.855979555770272,3.163436835398012,1.409278739822447,7.8403336708614475,2.385561724685545,1.4093606051840968,1.2546085890678669,8.1865361649891e-05
55.230000000000004,6.855952810679378,3.1633448057544804,1.40967334701667,7.8403336708614475,2.385561724685545,1.4093606051840968,1.2545725164731918,0.00031274183257323784
55.260000000000005,6.853660447788795,3.166146444442041,1.4101523797860387,7.840721396874706,2.3869889716657395,1.409993061866329,1.257527607885223,0.00015931791970968945
55.3,6.855638411901209,3.163646224566905,1.4105780559402086,7.8410447981533,2.3881780080245263,1.4105069894722406,1.2539444568775058,7.106646796795069e-05
55.33,6.855821377338573,3.163307223909335,1.4107704454731125,7.841252126906598,2.3892405562942693,1.410750080308816,1.2530973498124125,2.0365164296487492e-05
55.36,6.855942796131309,3.1631320344366953,1.4109078382093538,7.841407466105562,2.390248484391625,1.4109669285444417,1.252393547451333,5.909033508788575e-05
55.400000000000006,6.855956400480915,3.1630415391346136,1.4110201541394143,7.8415620577698455,2.3910587726328267,1.411123673324686,1.2519488421879295,0.00010351918527162773
55.43000000000001,6.85596102977933,3.1629437414094235,1.4113554025267707,7.84176052747454,2.391643120214882,1.411593491185262,1.2516809888750469,0.00023808865849117566
55.46000000000001,6.853680600301178,3.1657212173168627,1.411723958089343,7.84176052747454,2.391643120214882,1.411593491185262,1.2551887678337232,0.00013046690408113903
55.5,6.855614999258332,3.163228470408846,1.4119529607099133,7.841911408039392,2.392160183835888,1.411916561471069,1.251929274573038,3.6399238844353476e-05
55.53,6.855814092244227,3.162929164494542,1.412038428724411,7.842001707684523,2.3925996047133697,1.4121001806565188,1.2513886860286345,6.175193210777863e-05
55.56,6.855876385123079,3.1627528054211544,1.4122166098048559,7.842064876219925,2.3930191681690456,1.4120719161635982,1.251022626609621,0.00014469364125768713
55.60000000000001,6.855934315916231,3.162711971755651,1.4113825357724132,7.842128527724874,2.3932526206382043,1.41117082828619,1.250858391836163,0.0002117074862233448
55.63000000000001,6.855948233589526,3.162701091620553,1.4107089067033711,7.8422702700667415,2.3933500055938555,1.410267286099072,1.2508925826029271,0.0004416206042991977
55.66,6.8536430784015945,3.1656001050054656,1.4101119151373813,7.8422702700667415,2.3933500055938555,1.410267286099072,1.2544934994414905,0.00015537096169060405
55.7,6.855610419648622,3.163198210682007,1.4094636002667058,7.842350923236379,2.393388019491111,1.4096203034425285,1.2515049148453168,0.00015670317582272553
55.730000000000004,6.855806766340283,3.162963774718283,1.4093244326105867,7.842353706383834,2.3934452762278116,1.4093039114493626,1.2511728835090392,2.0521161224085205e-05
55.760000000000005,6.855925147183109,3.1628476727951096,1.4090827603665956,7.842321629804574,2.393476130010985,1.4090564750280385,1.25096386509524,2.6285338557086035e-05
55.8,6.855945267041081,3.162835187053145,1.4088539520220347,7.842333492666345,2.3935462251779436,1.4088439827826387,1.2509065666608283,9.969239396001583e-06
55.83,6.855954087313442,3.1628338562646476,1.4089650280374078,7.842333492666345,2.3935462251779436,1.4088439827826387,1.2508987931273012,0.00012104525476908101
55.86,6.853626535349609,3.1656819223311516,1.4090877565270021,7.842386014547199,2.3936361331899567,1.4090038142291343,1.2544720037664212,8.39422978677895e-05
55.900000000000006,6.85561083952445,3.1632445301097247,1.4089406548232764,7.842394469743278,2.393649301864663,1.4089707718125684,1.2514067077514872,3.0116989292006124e-05
55.93000000000001,6.855819866887787,3.162987223574304,1.4089802133560378,7.842390998744706,2.3936521424387904,1.4089597734198878,1.2510791602769304,2.0439936150085103e-05
55.96000000000001,6.855931265056975,3.162856837599212,1.4090693455165773,7.842391676619496,2.393653521177882,1.408945381756441,1.2509108223904974,0.00012396376013623644
56.0,6.855948446331307,3.1628399934923017,1.4090570771862363,7.84239204152786,2.3936548653458716,1.4089327329395844,1.2508863768807865,0.00012434424665186405
56.03,6.855949634040877,3.1628390558288553,1.4089477113399869,7.84239204152786,2.3936548653458716,1.4089327329395844,1.2508848636775793,1.4978400402432257e-05
56.06,6.853637024382943,3.1656757658273467,1.4089106207427426,7.842391786647177,2.3936564160405434,1.4089223391112415,1.2544520143654123,1.1718368498891962e-05
56.10000000000001,6.8550671632165825,3.1639240995448654,1.408934331642275,7.8423914938383765,2.3936580535287137,1.4089138959657708,1.252245629053314,2.0435676504337863e-05
56.13000000000001,6.855822833103843,3.163002173816932,1.408927544145072,7.842391267423253,2.393659708058371,1.408907108995308,1.2510815741648968,2.043514976390881e-05
56.16,6.855932960529485,3.1628680731564174,1.4089448122111976,7.8423911284349375,2.393661350306211,1.408901687265018,1.2509111477260626,4.3124946179640133e-05
56.2,6.855949686379643,3.1628497274918304,1.408869902548712,7.842391074044018,2.3936629703767456,1.408897378500649,1.2508856377057171,2.747595193697272e-05
56.230000000000004,6.855951963364423,3.1628501169424554,1.4089160088945618,7.842391074044018,2.3936629703767456,1.408897378500649,1.2508840815680122,1.863039391292176e-05
56.260000000000005,6.853683382519345,3.1656691811111037,1.4088877779487603,7.842391093689815,2.3936645665305702,1.4088939727952294,1.254405860581649,6.194846469131932e-06
56.3,6.855620376943053,3.163261227523881,1.4088272109129263,7.8423911714920305,2.3936661432475588,1.4088912960703455,1.251396497804393,6.40851574191803e-05
56.33,6.855825689712747,3.163007819956184,1.4089096124410168,7.842391245664249,2.3936677446366454,1.4088891782658726,1.251077834382246,2.0434175144190547e-05
56.36,6.855933887752919,3.162875322612069,1.408864633415678,7.842391332286231,2.3936693713354327,1.4088875127896692,1.2509101028269727,2.2879373991147034e-05
56.400000000000006,6.855949928498486,3.162857261083808,1.4089222830363515,7.8423914564448935,2.393671007959318,1.4088862211300859,1.2508854384206956,3.6061906265594246e-05
56.43000000000001,6.855951703691646,3.1628566136675453,1.4089061279599515,7.842391620920806,2.3936726476159906,1.4088852364130717,1.2508827618661436,2.089154687978656e-05
56.46000000000001,6.853605190945649,3.1657174735476095,1.408880804237071,7.842391620920806,2.3936726476159906,1.4088852364130717,1.2544926533666116,4.432176000657151e-06
56.5,6.855752517327273,3.164793275873074,1.4088413833988376,7.842527089070652,2.3945834374923907,1.408864715861555,1.2517776362348572,2.3332462717462477e-05
56.53,6.856156893516947,3.166191268640495,1.4088982531372987,7.842865043253891,2.3965994035022424,1.4088778842352356,1.2513451209175979,2.0368902063028216e-05
56.56,6.8563452003492475,3.167569251767579,1.4089639161736962,7.843184951989702,2.398725817025895,1.408750802081412,1.250988777952538,0.00021311409228430556
56.60000000000001,6.856656341734476,3.1710555551315385,1.4085257928380002,7.843848946979326,2.402533612483347,1.408611985210527,1.2510696288304117,8.619237252682765e-05
56.63000000000001,6.857009973345242,3.1741965473992875,1.4086546928604433,7.844488049654647,2.406507671059701,1.408605987179,1.2507834193205707,4.870568144332843e-05
56.66,6.854846688150566,3.180022509197205,1.4085479724144296,7.844488049654647,2.406507671059701,1.408605987179,1.2560713471847604,5.80147645703466e-05
56.7,6.856687711964419,3.182128331920303,1.4084449888389448,7.845312165923044,2.4114762848873026,1.4084245567282523,1.2535082323467777,2.0432110692469863e-05
56.730000000000004,6.857980981078869,3.1875149431884657,1.4085296319197416,7.84630143419906,2.4174381504356566,1.4085092034635114,1.2529148354106725,2.0428456230181524e-05
56.760000000000005,6.858308013902491,3.19188694776443,1.408477496919072,7.8472862995488715,2.4234853755074615,1.408414117836128,1.2524052961110612,6.337908294407057e-05
56.8,6.858917982295841,3.1993252156070016,1.4080399169863165,7.848621067718976,2.431256958475966,1.4081314913597767,1.252773341394356,9.157437346019037e-05
56.83,6.859591896632045,3.2054713176802196,1.408177351749528,7.848621067718976,2.431256958475966,1.4081314913597767,1.2560201333015941,4.586038975129547e-05
56.86,6.857503519404331,3.2143171166427433,1.4081816726384617,7.849924294549543,2.4391960811255813,1.4081528405233186,1.2592504177648784,2.8832115143151427e-05
56.900000000000006,6.860277383743451,3.2213706243792397,1.4078120520560131,7.851352520881495,2.448037134257568,1.4079273417816174,1.2570897399935128,0.00011528972560426176
56.93000000000001,6.861319842497924,3.228752912210817,1.4081573703054944,7.852985441051079,2.4580480386272314,1.4081369488371285,1.2559405485608297,2.0421468365894313e-05
56.96000000000001,6.861792244344181,3.236115155370575,1.4079715975059643,7.854745539790494,2.4683667823740176,1.4080265297962584,1.2551469281229808,5.493229029407409e-05
57.0,6.862716877262352,3.2476089128118835,1.408079045530688,7.856677626311963,2.480159257348829,1.4080970537840618,1.2557614997767783,1.8008253373835714e-05
57.03,6.86368745128209,3.256684610753204,1.4081648792768504,7.856677626311963,2.480159257348829,1.4080970537840618,1.2605638072646888,6.782549278860905e-05
57.06,6.861804756943629,3.26848420886584,1.4083838345555857,7.858659022175483,2.492203690753898,1.4083732882124267,1.2634594844754956,1.0546343159001381e-05
57.10000000000001,6.864846460550647,3.2796273135141254,1.4083290196229155,7.8607924719206155,2.505322375089612,1.4082888142467798,1.2615294666524197,4.020537613569353e-05
57.13000000000001,6.866184774695965,3.2899389533006405,1.4083527889406926,7.863103704510557,2.5193351782630153,1.4083324209420007,1.2600307657850705,2.0367998691872558e-05
57.16,6.866800763089139,3.3003001689319125,1.4083108258520416,7.865477266643705,2.5336616201670874,1.4082315868080277,1.2590033451918266,7.923904401385684e-05
57.2,6.868026224684332,3.315725920785806,1.4079313420425075,7.868083317948676,2.549428523558269,1.4081194899623435,1.2598912218068772,0.00018814791983601253
57.230000000000004,6.8693183913669,3.327793894966112,1.4083099729082877,7.868083317948676,2.549428523558269,1.4081194899623435,1.266248012822437,0.00019048294594425919
57.260000000000005,6.86750913491067,3.342577903262834,1.4085133795448468,7.87072695046496,2.5656125544135797,1.4084129273872568,1.268905488504942,0.00010045215759002524
57.3,6.870910039412706,3.3577257665607383,1.4085459007895316,7.873391278525197,2.5820462712074064,1.4084919236948927,1.2675359222854852,5.3977094638835155e-05
57.33,6.872541417454309,3.370885513363193,1.4086110125749571,7.876060018232251,2.5985402348359736,1.4085907442957646,1.266320185170641,2.0268279192547922e-05
57.36,6.8733319862551205,3.384391515422199,1.4083966293366426,7.87879420285544,2.6151572599658177,1.408310901155911,1.2659682495143239,8.572818073160349e-05
57.400000000000006,6.874857933312417,3.3986440898402934,1.4082910399831887,7.8815330930163885,2.6319810549310145,1.4081620791731684,1.2653723113223723,0.00012896081002033988
57.43000000000001,6.876456129111301,3.418860315659567,1.4083227261749651,7.8842500691223485,2.6490676770343904,1.4084916099423337,1.2681598211599758,0.00016888376736856614
57.46000000000001,6.874735548193884,3.4367087474129647,1.408580170292414,7.8842500691223485,2.6490676770343904,1.4084916099423337,1.2804288436740767,8.856035008020235e-05
57.5,6.878375133835954,3.45440427491529,1.4086640099858498,7.887116573731694,2.666631031051423,1.4086413499109356,1.2799007681499102,2.266007491424915e-05
57.53,6.8802009821102565,3.469168873192247,1.408800898299725,7.890157427141246,2.68479712980969,1.408780262824985,1.2787693508512887,2.0635474740071658e-05
57.56,6.881012877720137,3.4839682544848802,1.4091499408288892,7.893354898934182,2.703538056167462,1.4090564247763195,1.2782439760708841,9.351605256968654e-05
57.60000000000001,6.882553233909851,3.503865432166025,1.4094055919777575,7.8965846318483965,2.722789145373005,1.40915823141367,1.2799765004856818,0.0002473605640875842
57.63000000000001,6.884127843088766,3.5188338418122855,1.4094280555532401,7.899837172952797,2.74228415358004,1.409338105894365,1.2785518609217366,8.99496588750992e-05
57.66,6.88237688155123,3.5364476467026056,1.4093248461804504,7.899837172952797,2.74228415358004,1.409338105894365,1.2907056590825021,1.3259713914637317e-05
57.7,6.885996078746455,3.5540549760861735,1.4092182489285243,7.903033739768734,2.761891457643852,1.4092540511860088,1.289142600292375,3.580225748445187e-05
57.730000000000004,6.887781644960498,3.5687044189556447,1.4092720562822396,7.906235267112832,2.7815414958177764,1.4092516053845783,1.2871958856515053,2.045089766133934e-05
57.760000000000005,6.88863012360312,3.583569086456413,1.40919617713887,7.909454133129648,2.801275024544968,1.40921828942328,1.2861048393221002,2.211228441018065e-05
57.8,6.890173929900078,3.603483115930925,1.4092316954408894,7.912671331735841,2.8210127662541677,1.409200442459922,1.2875405954315202,3.1252980967400035e-05
57.83,6.8917451992881205,3.6183834777351556,1.4092142477164873,7.912671331735841,2.8210127662541677,1.409200442459922,1.295411216348831,1.3805256565246893e-05
57.86,6.889927536877408,3.6360369687740404,1.4092124187385537,7.915888844919444,2.840751511965913,1.409188098942877,1.2981046041863635,2.4319795676630562e-05
57.900000000000006,6.893628522121185,3.6537062479535116,1.409109701888267,7.91910653814401,2.860491237047488,1.409178867023336,1.2964548641864682,6.91651350690492e-05
57.93000000000001,6.8954283909633975,3.668371372197982,1.4091929015700386,7.922325336142923,2.8802316081227315,1.4091724472096427,1.2944812179926106,2.0454360395882887e-05
57.96000000000001,6.896280522896836,3.6782499770135684,1.4091879236809421,7.925546240434747,2.8999711072112886,1.4091473418698215,1.2903898312058824,4.058181112065462e-05
58.0,6.897818287272876,3.703171596163627,1.409136075240257,7.928769299706098,2.91971473052395,1.4091437178382749,1.2948608613882162,7.642598017776336e-06
58.03,6.899388493073256,3.718074764999951,1.4091465833867889,7.928769299706098,2.91971473052395,1.4091437178382749,1.3026909033660294,2.865548514030536e-06
58.06,6.897553484387849,3.7356777497440463,1.4092019936261937,7.931986995875011,2.939457922057582,1.4091244046294082,1.3053806738605882,7.758899678544928e-05
58.10000000000001,6.901271786375698,3.7534024381614732,1.40908119678593,7.935200631735683,2.9592066039991862,1.4091071311990369,1.3037468620357875,2.5934413106831755e-05
58.13000000000001,6.903069395598172,3.7680802560341573,1.4089088712229916,7.9384025887812895,2.979059492932203,1.4088883764563953,1.3017175521259365,2.0494766596268477e-05
58.16,6.9039107336937775,3.7829076058167876,1.4092596643469304,7.941749326400118,2.9992062735252834,1.4088466152889574,1.3004986438847819,0.00041304905797301394
58.2,6.905466777252363,3.8028166512438535,1.4089584918707414,7.945108805871883,3.0192743316529174,1.409098237950602,1.3018425842866168,0.00013974607986066978
58.230000000000004,6.907052998696955,3.817695234587582,1.4087262998308003,7.945108805871883,3.0192743316529174,1.409098237950602,1.3095937526777521,0.0003719381198017402
58.260000000000005,6.905156625702636,3.835250249065953,1.4087519947992937,7.948489626445307,3.0395718963172844,1.4087502110264358,1.3121157690811964,1.7837728578662393e-06
58.3,6.908902070316222,3.8529443180875393,1.4088922216773334,7.951872601350143,3.060063551726191,1.408926045686411,1.3101326033157632,3.382400907758765e-05
58.33,6.910694546542547,3.8676384520466223,1.4093761300141545,7.955235826226465,3.080735473077502,1.4093557926062126,1.3077778034797019,2.033740794193939e-05
58.36,6.911543545163643,3.8824847314862385,1.4096661218167965,7.958638091741042,3.1014730631626235,1.4097011052007635,1.3062871872332533,3.498338396701328e-05
58.400000000000006,6.913089445592812,3.902422179978794,1.4097770821894193,7.961908636639988,3.1219059946199863,1.4097898106965245,1.3073741664557694,1.2728507105208564e-05
58.43000000000001,6.914641436711234,3.917297985476795,1.4098681628450775,7.965089128686838,3.1416168607709296,1.409868418689913,1.3058030329271828,2.558448355394205e-07
58.46000000000001,6.912721128348604,3.9349514335928824,1.409884937861404,7.965089128686838,3.1416168607709296,1.409868418689913,1.3178991435502503,1.651917149092519e-05
58.5,6.916521849765907,3.9527070420069754,1.4098885908904568,7.968266587033364,3.1609391842206516,1.4098288316984335,1.3164586332252666,5.975919202327873e-05
58.53,6.918332943277588,3.9674096838644455,1.4105592309974146,7.971427684407371,3.179954411550124,1.410538692631921,1.3149503183355737,2.0538365493649735e-05
58.56,6.919181772533761,3.982358599090894,1.4105881174616033,7.974588870094315,3.199205321368756,1.410509143153258,1.3142348336534528,7.897430834535868e-05
58.60000000000001,6.920722325285977,4.002277584961089,1.4102784138559197,7.977703118722132,3.218593439230959,1.4102796429558326,1.3158150470190275,1.2290999129582758e-06
58.63000000000001,6.922283315361549,4.01719658385711,1.410240919717467,7.980879239763189,3.2379577672988376,1.410466761219501,1.3144726944257537,0.00022584150203397435
58.66,6.920253756283198,4.034710159636642,1.4106388879056024,7.980879239763189,3.2379577672988376,1.410466761219501,1.32655221944075,0.0001721266861014481
58.7,6.9241492640093725,4.052515020522841,1.410743495731253,7.984055762726299,3.2573878297615178,1.4106343570144781,1.3250015228332257,0.0001091387167748703
58.730000000000004,6.925962222841756,4.0671904687874445,1.4104279678659932,7.987245349605563,3.276939449697182,1.4104074539924087,1.3231850015499576,2.051387358448231e-05
58.760000000000005,6.926832320843293,4.082071446474974,1.4101185478846099,7.990479144537423,3.2965074921063433,1.410302992456289,1.3222916818757844,0.0001844445716792098
58.8,6.928376700552731,4.101984904754256,1.4101810049294365,7.993703964263663,3.3162038132986664,1.4102122110868756,1.3237726778019556,3.1206157439012117e-05
58.83,6.929934041257393,4.116894774127574,1.4102284665423368,7.993703964263663,3.3162038132986664,1.4102122110868756,1.3314324856506556,1.625545546124485e-05
58.86,6.927936932059909,4.134375666597679,1.4102632079614792,7.996910581245139,3.3359432068960593,1.4102046064546447,1.3342410034763452,5.860150683445475e-05
58.900000000000006,6.931800712997857,4.152182889569259,1.410229037016291,8.000111829494774,3.3556860271947526,1.4101995536473004,1.3325523979954115,2.948336899066817e-05
58.93000000000001,6.933610285087673,4.166862432490467,1.4102171345777879,8.003311790175719,3.375431387375873,1.4101966926690739,1.3306481162045838,2.044190871397511e-05
58.96000000000001,6.93447319811861,4.181749447540182,1.4102012727704838,8.006511551465842,3.3951790210383654,1.4101958287946645,1.329646293904771,5.4439758192526e-06
59.0,6.936023494487998,4.201676048810879,1.4102814602663938,8.00971147223031,3.4149288366505224,1.4101967302838418,1.3310811580780744,8.472998255193431e-05
59.03,6.937589830961649,4.21658365122124,1.4102182039373745,8.00971147223031,3.4149288366505224,1.4101967302838418,1.3386916207256312,2.1473653532666503e-05
59.06,6.93548621355866,4.234011570570506,1.4101692258985092,8.012911662577938,3.4346807869836167,1.4101991420408198,1.3415570430600499,2.9916142310515426e-05
59.10000000000001,6.939441000680941,4.251894003586832,1.4101885679306938,8.016112135122514,3.4544348163549574,1.4102027653113922,1.3398365150421248,1.4197380698410811e-05
59.13000000000001,6.941262483730794,4.26658829979432,1.4102277177448346,8.01931289012296,3.474190843229733,1.4102072791830578,1.337941107781781,2.0438561776803255e-05
59.16,6.942129492438406,4.281486333533566,1.410249457755286,8.022513867101583,3.493948735968366,1.4102122151171481,1.336953950065264,3.7242638137868767e-05
59.2,6.943680814581147,4.301416126700129,1.4101856699388402,8.025755097420781,3.513865435244959,1.4097120449026195,1.3383276299899156,0.00047362503622072616
59.230000000000004,6.944446652582649,4.311367778627506,1.4095000049853117,8.025755097420781,3.513865435244959,1.4097120449026195,1.3435914336504653,0.0002120399173077825
59.260000000000005,6.943131092876229,4.333676263428085,1.409813839357804,8.029044610875102,3.533864481030207,1.4097607079171206,1.348668623433926,5.313144068330722e-05
59.3,6.947091252741789,4.35157744871948,1.4102282785548954,8.032294141642685,3.5539404183483354,1.410156769359232,1.3468073887153094,7.150919566334402e-05
59.33,6.948907632002577,4.366283391936587,1.4105714912472425,8.035528749519097,3.5742124577132848,1.4105509509972762,1.3446642026447444,2.054024996622772e-05
59.36,6.949774389069472,4.38112493372914,1.4102150223666992,8.038886903103926,3.5948368738582053,1.4101093299931151,1.3432851452026282,0.00010569237358404315
59.400000000000006,6.9513328965614605,4.401031691047972,1.410054861311988,8.042279765990076,3.615298866501769,1.4100962064703912,1.3444482673146818,4.1345158403149895e-05
59.43000000000001,6.952894851322005,4.415944794219706,1.4102701427003885,8.04548539732106,3.635367770030865,1.4104203886031865,1.3427786831410535,0.00015024590279799632
59.46000000000001,6.950751197991728,4.4333946468213155,1.410556791809221,8.04548539732106,3.635367770030865,1.4104203886031865,1.3547287046715868,0.00013640320603447442
59.5,6.9547344520024446,4.4513517145619,1.4107897275983643,8.048608975772435,3.6547810034231345,1.4106829361402764,1.3531764007686293,0.00010679145808789592
59.53,6.956554242053262,4.465977662862231,1.41063656423318,8.051769030414555,3.6739603466756128,1.4106159535567466,1.3515867940257207,2.0610676433330255e-05
59.56,6.957429379399342,4.480944378039319,1.4105133708097939,8.05489858434928,3.6930457231838423,1.4107462152092718,1.3510081221578645,0.00023284439947790503
59.60000000000001,6.958981054386706,4.50088213901755,1.4105068726900372,8.058007273335733,3.7123328158936237,1.4105102265497647,1.352652455339728,3.3538597274951343e-06
59.63000000000001,6.960537200674116,4.515803678079132,1.410553328593776,8.061173684719058,3.731748047561522,1.4104603987011453,1.351348919323644,9.292989263065543e-05
59.66,6.958304827651437,4.533134541756606,1.4104775577526836,8.061173684719058,3.731748047561522,1.4104603987011453,1.3632828132738743,1.7159051538317982e-05
59.7,6.962382013902856,4.551079204201002,1.4107078838932323,8.06438759260451,3.751164829765979,1.4107172004591577,1.361719244894975,9.31656592539909e-06
59.730000000000004,6.9642145844072125,4.56578067080964,1.4108977759816912,8.067631140958634,3.7706408701621745,1.410877302567802,1.3600644837085802,2.0473413889110503e-05
59.760000000000005,6.9650864388728095,4.5806555220820915,1.410656529065022,8.070850778554624,3.790186000469776,1.4107760945328236,1.3592486304977323,0.00011956546780167443
59.8,6.966638150835616,4.600561063832291,1.4107231843793326,8.074059648530215,3.8098860440419218,1.4107106981802429,1.3607164879123974,1.2486199089778438e-05
59.83,6.968206186196786,4.615475179355823,1.4107002036275893,8.074059648530215,3.8098860440419218,1.4107106981802429,1.368168752417124,1.0494552653561584e-05
59.86,6.965970006978875,4.632700601683635,1.4106595704785982,8.07725119521281,3.8296279950423453,1.4106598951828886,1.3710840568179117,3.2470429034425763e-07
59.900000000000006,6.9700486147890475,4.650720509719285,1.4106717265907647,8.080436487424205,3.849368617507872,1.4106277950265245,1.3693524319349064,4.3931564240207166e-05
59.93000000000001,6.9718818742094,4.665420599037305,1.4106219559250108,8.083625071304365,3.869110776229254,1.410601504497231,1.3675095137466227,2.0451427779732967e-05
59.96000000000001,6.972764838858302,4.680314155475772,1.410590820568692,8.086808349456815,3.8888501181168924,1.4105707956663267,1.3665680612172515,2.0024902365189945e-05
60.0,6.974323365147323,4.700236223332993,1.4105908361911728,8.090005918563678,3.9085998985781543,1.4105505656619481,1.368004250968902,4.027052922461749e-05
60.03,6.975889866901712,4.7151441542205985,1.4104592266565592,8.090005918563678,3.9085998985781543,1.4105505656619481,1.3754156509508948,9.133900538893513e-05
60.06,6.973612412582174,4.7323763611100125,1.4105125010442767,8.093219643245734,3.9284317330767413,1.4105116192160794,1.378349489751304,8.818281973521636e-07
60.10000000000001,6.977735170300687,4.750416307071715,1.4105368702459145,8.09643225101369,3.948206727983236,1.4105312579993365,1.3765984771083795,5.612246577912927e-06
60.13000000000001,6.978774795035976,4.760184942974153,1.4105621350248856,8.099632041171393,3.9679547808045235,1.4105333151837156,1.3725704339179057,2.8819841169980265e-05
60.16,6.980444390927649,4.775015753550158,1.410554417591237,8.102823382868744,3.987703939998552,1.410515983975864,1.3709830390302526,3.843361537292367e-05
60.2,6.9820128959051555,4.79995469279147,1.4104646274237544,8.106007357132654,4.00747865469686,1.410542984276828,1.3752751796728626,7.835685307355789e-05
60.230000000000004,6.983584951922602,4.814867058556688,1.4105038219614774,8.106007357132654,4.00747865469686,1.410542984276828,1.3826453234307197,3.9162315350615984e-05
60.260000000000005,6.981252717182337,4.8320460451165195,1.4098694224047033,8.109283331357249,4.027443321359241,1.4100677747738504,1.3855824080845784,0.00019835236914711452
60.3,6.985417180085403,4.850103806820314,1.4098528156752228,8.112653712234051,4.047576036441955,1.4099513992140573,1.3837315569282116,9.858353883451798e-05
60.33,6.9872666600966475,4.864828215194198,1.4101497531570861,8.116004217860533,4.067734973530495,1.4101296025665324,1.3818126176196002,2.01505905537136e-05
60.36,6.988130399285562,4.874707079706765,1.4104669325730899,8.119310256938219,4.088058660286561,1.4106477663127526,1.3778184227739843,0.00018083373966271132
60.400000000000006,6.989690937329352,4.899583696949339,1.4101126154994188,8.122647906132473,4.108659647884281,1.4102166450175946,1.3817207910967475,0.00010402951817578554
60.43000000000001,6.991254961545839,4.914493655587954,1.4102098741322255,8.125959428787269,4.129175334908005,1.4102476277902427,1.3799561923384494,3.775365801717001e-05
60.46000000000001,6.988922500347793,4.931663819491407,1.4102858289935898,8.125959428787269,4.129175334908005,1.4102476277902427,1.3917042590019049,3.8201203347076884e-05
60.5,6.993080557223061,4.949798211162375,1.4108614903816237,8.129200109378722,4.149371870382233,1.410673146601146,1.3897661543601738,0.00018834378047771771
60.53,6.994908670492123,4.964455576694453,1.4108649816947574,8.132361773626009,4.168886633134312,1.410845271136678,1.3880668232424211,1.9710558079477636e-05
60.56,6.995806273557423,4.9794173752097945,1.4109020136555581,8.13552736022449,4.188159600584453,1.4107885610638746,1.387462799969285,0.00011345259168349386
60.60000000000001,6.9973771057491545,4.99429482382474,1.410792224075164,8.138649395282787,4.207356147172037,1.4109035789158686,1.3862809670731422,0.00011135484070456947
60.63000000000001,6.998927916569884,5.014273988308652,1.4109225882913354,8.14178977704245,4.226653286005913,1.4107546605043904,1.3879768019742522,0.00016792778694507682
60.66,6.9914711099797415,5.029896245378197,1.4107750946466324,8.14178977704245,4.226653286005913,1.4107546605043904,1.4030082991821784,2.043414224206508e-05
60.7,7.000752587133489,5.049559308382957,1.4108820055963052,8.144935201082411,4.246017312640999,1.4107904574877037,1.3981536371171654,9.154810860145801e-05
60.730000000000004,7.002616359487254,5.064279610209745,1.4107181205354515,8.148177562118335,4.265545255994033,1.4106975023912955,1.3965267765345422,2.0618144155992724e-05
60.760000000000005,7.003503165758847,5.079167879385538,1.411035362536063,8.151393753581244,4.285046567705975,1.4109091850155573,1.395808532455264,0.0001261775205056992
60.8,7.0050566437065935,5.099080892545414,1.4107507913890456,8.154592763762768,4.304782215410218,1.4108261758888732,1.3972629243676817,7.538449982757989e-05
60.83,7.006620714053224,5.113996569843783,1.410824229057884,8.154592763762768,4.304782215410218,1.4108261758888732,1.4045168914383557,1.9468309890857682e-06
60.86,7.004166018463014,5.131091139651778,1.4106925453694068,8.157770180765995,4.3245213358088,1.410785383323685,1.4076069805716591,9.283795427816877e-05
60.900000000000006,7.0084436302091815,5.1492140900744925,1.4107489907033375,8.160953594737045,4.344261028812348,1.4107537696435324,1.4057839980492428,4.77894019490499e-06
60.93000000000001,7.010299841349475,5.163925431457606,1.4107428399641742,8.164134125050309,4.363999464849332,1.410722368827905,1.4039996817298774,2.047113626924002e-05
60.96000000000001,7.011197750729184,5.1788216590669265,1.4106437351621053,8.167325343662801,4.3837426616774104,1.4107048529898982,1.4031327888807952,6.111782779294472e-05
61.0,7.012763791166606,5.19874515748974,1.4107097896971834,8.170515536411955,4.403498800294817,1.4106863228881363,1.4045660797023567,2.3466809047079096e-05
61.03,7.014334959430404,5.21365376744049,1.4107033320421702,8.170515536411955,4.403498800294817,1.4106863228881363,1.4117735644855365,1.7009154033909013e-05
61.06,7.011829238650485,5.230729674140439,1.4107468708436488,8.173704039215002,4.423253639294146,1.410675171342332,1.4149101028114566,7.169950131680203e-05
61.10000000000001,7.016151648457097,5.248895741270069,1.4104729421997262,8.176910499061336,4.443057401036753,1.4105148970623462,1.4130592839106435,4.1954862620041666e-05
61.13000000000001,7.018018957275361,5.2636266097364555,1.4106489730753613,8.180126999580473,4.462880123930558,1.4106285443257855,1.4112724884021208,2.042874957575158e-05
61.16,7.0189182637960315,5.278533231712533,1.4106480873704963,8.183331865246977,4.4826345125116225,1.4106457100506,1.4104303621482386,2.3773198962739883e-06
61.2,7.020482224678048,5.298460330211283,1.410656152553878,8.186526283190315,4.502384834275604,1.4106498851417335,1.411876390347609,6.2674121446004705e-06
61.230000000000004,7.02205420490071,5.313369822501404,1.4106725215398614,8.186526283190315,4.502384834275604,1.4106498851417335,1.4190461135014991,2.2636398127939827e-05
61.260000000000005,7.019489686983946,5.330376567996661,1.4106195422880492,8.1897078157479,4.5221400746063,1.4106429703185568,1.4222013563963982,2.342803050758846e-05
61.3,7.023861130123315,5.348616257003717,1.4107365383671122,8.192890222751748,4.541917920265912,1.4106651856092178,1.4203489803239195,7.135275789438289e-05
61.33,7.02572815752296,5.363350851696669,1.4106297328984645,8.196120083906564,4.562004081519565,1.4106092087221869,1.418440660520277,2.0524176277625372e-05
61.36,7.026626870462545,5.378205965647608,1.4107309144093327,8.19939781429472,4.5822086251132506,1.4108533467231539,1.4173931892156033,0.0001224323138211414
61.400000000000006,7.0281952054343115,5.398097651485207,1.4104522174825527,8.202773168513868,4.6026942402178515,1.4104463060939263,1.4185555956704223,5.911388626378411e-06
61.43000000000001,7.02977039665779,5.412986274099501,1.4106922328999798,8.206129859527897,4.623238556575906,1.4109707247325014,1.4168708632821037,0.00027849183252159904
61.46000000000001,7.02167986864117,5.428301010520411,1.410991242070557,8.206129859527897,4.623238556575906,1.4109707247325014,1.4321478051034795,2.0517338055636714e-05
61.5,7.031405277507847,5.44662599062538,1.4114785952993933,8.209442494030263,4.643774213691875,1.4114145571359547,1.4256025600556304,6.40381634386955e-05
61.53,7.03309632977879,5.459866109502374,1.4115204268750001,8.212551939913066,4.663721617420579,1.4115003931178833,1.4230114506037528,2.0033757116788564e-05
61.56,7.0339272524101295,5.473303007740681,1.4115248045017617,8.215459211236855,4.682273648096568,1.4115325918525743,1.421880873191525,7.787350812638039e-06
61.60000000000001,7.035211555213957,5.48989521459454,1.41153041339417,8.21815816737131,4.698836324233813,1.4115975657798474,1.4230730322907903,6.715238567744919e-05
61.63000000000001,7.03643641223464,5.501697497572967,1.4116863922436516,8.220707078977556,4.714091795889864,1.4116365595178473,1.4222586802095611,4.9832725804277445e-05
61.66,7.033622879882188,5.515795887847938,1.4116220494646217,8.220707078977556,4.714091795889864,1.4116365595178473,1.432444884386206,1.4510053225613717e-05
61.7,7.037614734997954,5.528583593795492,1.4114343074644358,8.222990565721819,4.72853699731669,1.411434436223611,1.430101540661225,1.2875917532184644e-07
61.730000000000004,7.038984140990859,5.5387039974419565,1.4114656214260104,8.22518425988454,4.742100041445041,1.4114449706439827,1.4288626892648981,2.0650782027731296e-05
61.760000000000005,7.039672875245238,5.549112655445825,1.4114849733221413,8.227278746323934,4.755393486741099,1.4114206110718992,1.42842494510209,6.43622502420893e-05
61.8,7.040624756451345,5.561531653523226,1.4114860842743222,8.229168174571974,4.767223275575353,1.4115358847185637,1.4295318310677974,4.980044424152119e-05
61.83,7.041547287043719,5.57032566891419,1.411409838800836,8.229168174571974,4.767223275575353,1.4115358847185637,1.4336724963114724,0.0001260459177276907
61.86,7.038581115520763,5.581246770468695,1.4116536006355704,8.231069843903578,4.7787951384374905,1.4115173379547659,1.4373440746980544,0.00013626268080457749
61.900000000000006,7.042264973643299,5.590051584952679,1.411768287467004,8.232808490125732,4.789657593898442,1.411595204003912,1.4345816134169884,0.00017308346309197198
61.93000000000001,7.043313316531414,5.597163470130171,1.41161523189222,8.234358153290056,4.799439539601069,1.411594737130046,1.4335101229179448,2.0494762174028125e-05
61.96000000000001,7.043848606527881,5.604557559779386,1.4114054091109112,8.235979440888372,4.808977828570938,1.4117316087430603,1.433221209354211,0.0003261996321490823
62.0,7.044509187771681,5.612999271454292,1.4117248448474389,8.237326163047486,4.816946187947304,1.4117409102611773,1.4340546880321914,1.6065413738441947e-05
62.03,7.045085281883345,5.618792849894728,1.411719351737234,8.237326163047486,4.816946187947304,1.4117409102611773,1.4368007474925928,2.155852394336577e-05
62.06,7.041939897165793,5.626706925523083,1.4116330363246277,8.238555728526572,4.824756876836053,1.4116883217242173,1.4404906554547228,5.528539958965517e-05
62.10000000000001,7.045358945043088,5.631529577322625,1.4124247619774848,8.239701535431355,4.83175255015543,1.41219767741061,1.437392610388599,0.00022708456687481338
62.13000000000001,7.04610793856728,5.635622035322983,1.4122800854805484,8.240703916527222,4.837573004771865,1.4122596946260222,1.4366425462590375,2.0390854526208813e-05
62.16,7.046482809763717,5.640031786399769,1.4121617727228466,8.241591151817317,4.843195788949283,1.4121254113586907,1.4363953341886824,3.636136415585689e-05
62.2,7.046865848922934,5.643612511173654,1.4123437098271592,8.242269174257697,4.847286632835091,1.4122981468033424,1.4363578992483352,4.556302381675259e-05
62.230000000000004,7.047111300022641,5.647315076982727,1.4123013990605957,8.242269174257697,4.847286632835091,1.4122981468033424,1.4382099484398458,3.252257253283375e-06
62.260000000000005,7.043809996028914,5.652226613886994,1.412265657849908,8.242900110549222,4.851202569645187,1.412274125486626,1.44203211552095,8.467636718023641e-06
62.3,7.046919523970855,5.6530510505118645,1.4124239529717288,8.243399184016035,4.854193588846221,1.4124398532406828,1.438657993047932,1.590026895392782e-05
62.33,7.047352209430951,5.65420534618749,1.412427202993173,8.243710698464199,4.8561354278466915,1.4124067606764907,1.4381200328353698,2.04423166823009e-05
62.36,7.047584676067209,5.65560139994171,1.4123484943881093,8.243998149073024,4.857923485461777,1.4124478162608685,1.4379482791946623,9.93218727591838e-05
62.400000000000006,7.04762078177097,5.656054367577708,1.4125381787415143,8.24404658184283,4.858069406330388,1.4125210172861056,1.4381288862457628,1.7161455408754023e-05
62.43000000000001,7.047587949336449,5.655890706783643,1.4124908452039349,8.244010954696199,4.858019841725084,1.4124273149269762,1.4380632548894883,6.353027695871205e-05
62.46000000000001,7.044135094203217,5.657772618184824,1.4124439416929453,8.244010954696199,4.858019841725084,1.4124273149269762,1.441980091419031,1.6626765969141033e-05
62.5,7.047084337485031,5.656161319567164,1.4123295594124667,8.244005500602553,4.858002708700449,1.4124006485306295,1.4386373548671967,7.108911816278152e-05
62.53,7.047394517618315,5.655995796022415,1.412415217644552,8.24400598933022,4.857979242159765,1.4123947600302844,1.4383008845409755,2.045761426749948e-05
62.56,7.047560885911031,5.655906077174635,1.4124861331931897,8.24400393141921,4.857965723877987,1.412376816373626,1.438118482102245,0.00010931681956360961
62.60000000000001,7.047584956950951,5.655889562888396,1.412405287234895,8.244013873432825,4.857963019851606,1.4123537512995052,1.4380990648340723,5.153593538964607e-05
62.63000000000001,7.047587638582877,5.655889415601549,1.412369261366114,8.244011337916065,4.857961349283477,1.4123457721555976,1.4380955696142756,2.3489210516425274e-05
62.66,7.044144366404083,5.657742141213397,1.4123245570095508,8.244011337916065,4.857961349283477,1.4123457721555976,1.4419882331230673,2.1215146046804634e-05
62.7,7.047085478750169,5.656154516584483,1.412251939265211,8.244010097156632,4.857956641647561,1.41233892363221,1.4386620137131847,8.698436699883239e-05
62.730000000000004,7.047396823053855,5.655983898691452,1.412356295567529,8.244011327108476,4.857954832085126,1.4123358451918573,1.4383103498419423,2.0450375671776655e-05
62.760000000000005,7.047514956903338,5.655916913457567,1.412343201826649,8.24400424086067,4.857940442426272,1.4123179628446931,1.4381769901317043,2.5238981955943984e-05
62.8,7.0475829705339725,5.655873769714468,1.4123504716509205,8.244003044827949,4.857935943583869,1.4123104569874476,1.4380979690353606,4.0014663472920375e-05
62.83,7.0475858796110025,5.655871182337277,1.412331985527842,8.244003044827949,4.857935943583869,1.4123104569874476,1.4380941132172858,2.1528540394388784e-05
62.86,7.044154666289748,5.657785695486309,1.412266471927842,8.244002295112297,4.85793133106866,1.4123064376445311,1.4420129460823352,3.996571668918314e-05
62.900000000000006,7.0470854731873445,5.656146100120739,1.4122396129294554,8.244001621713698,4.857931732297212,1.4123049951194397,1.4386641177158321,6.538218998430878e-05
62.93000000000001,7.047395351980709,5.655972733586224,1.412325276019631,8.24400169852861,4.857931692241198,1.4123048245630467,1.4383102072466034,2.0451456584247296e-05
62.96000000000001,7.047513474286207,5.655905851067244,1.4123250994437844,8.244001631629247,4.857931101931398,1.4123044710712978,1.4381750974483463,2.062837248661964e-05
63.0,7.047582485190151,5.655865969369587,1.412345211811808,8.244001521273624,4.857930292435338,1.4123041503310199,1.43809591280534,4.1061480788195936e-05
63.03,7.047584188303976,5.6558639490268785,1.412324462760227,8.244001521273624,4.857930292435338,1.4123041503310199,1.4380933749071212,2.0312429207081095e-05
63.06,7.044117255390584,5.6577745247177,1.4122724345816429,8.244001390592551,4.857929396964578,1.4123038889522075,1.442038198627131,3.145437056462086e-05
63.10000000000001,7.047079927200937,5.656140136301653,1.4122373493183642,8.244001250624136,4.8579284682855866,1.4123036828172915,1.438666925115794,6.633349892726237e-05
63.13000000000001,7.0473938292544975,5.655965949038062,1.412323972849062,8.244001106025474,4.857927527123032,1.4123035222538798,1.4383095277699727,2.0450595182186504e-05
63.16,7.047558117478864,5.655874875054826,1.4124109127021742,8.243987904570178,4.8578747223391465,1.4127627163470493,1.4381406326133799,0.00035180364487508164
63.2,7.047582416668605,5.655848442337954,1.4146320827787542,8.24427833896316,4.856666447948527,1.4182185593059502,1.4390180647207582,0.003586476527196014
63.230000000000004,7.047714707102464,5.655806282837894,1.423731324086106,8.24427833896316,4.856666447948527,1.4182185593059502,1.438884637765885,0.005512764780155832
63.260000000000005,7.044250039674743,5.658024182077417,1.4353793962621528,8.245943705006795,4.852682403585133,1.431575819726411,1.4465970570564202,0.003803576535741815
63.3,7.0467770540121695,5.656491148515317,1.452603875024097,8.249711630006246,4.845449224121779,1.4525835139874836,1.4508068779979029,2.036103661340327e-05
63.33,7.047956608744158,5.6561505057957175,1.4776159073802753,8.255143068244625,4.836376221756816,1.4775948401933352,1.4592220615015263,2.1067186940060267e-05
63.36,7.0477758481224475,5.6565666138194,1.4961781074411282,8.260286138765833,4.828037431293913,1.5014865345147816,1.4685509222401725,0.005308427073653421
63.400000000000006,7.047574757374695,5.656847817002702,1.5186646727715059,8.263988491668554,4.821196367187003,1.5254927457653022,1.4757966386185497,0.006828072993796397
63.43000000000001,7.047573912879688,5.657133424350153,1.5381275121037956,8.269081871742346,4.8135859898874545,1.5504842108458403,1.4844709386692005,0.012356698742044703
63.46000000000001,7.044191553768302,5.659140379142928,1.5565602104386949,8.269081871742346,4.8135859898874545,1.5504842108458403,1.488394610395963,0.006075999592854542
63.5,7.047007921705331,5.657268306541379,1.5806948600634665,8.271908198745443,4.809290461610948,1.5746340378016377,1.4897808946908266,0.006060822261828802
63.53,7.0462029077070625,5.657781738693691,1.5992328530615132,8.267369012562128,4.8131487909254,1.5991983278875541,1.4848068804065548,3.452517395907684e-05
63.56,7.0471226026154135,5.656632873913816,1.6167669620622038,8.259147436026085,4.819940288779454,1.6245085798625216,1.4727724463823284,0.0077416178003177905
63.60000000000001,7.047404721181506,5.656178351959552,1.6493469364742732,8.250666623205225,4.82393098689087,1.6587644756977833,1.4630361859931906,0.009417539223510074
63.63000000000001,7.047352643147763,5.655710329523623,1.6770534442728386,8.240541114090055,4.827124570539227,1.69715498880711,1.4526710182217284,0.020101544534271376
63.66,7.044212603157694,5.657556304915099,1.7072720135319686,8.240541114090055,4.827124570539227,1.69715498880711,1.4563031180108619,0.010117024724858537
63.7,7.047185210363756,5.655835752631914,1.751189886654622,8.229042249148469,4.829316422170648,1.7402002401093795,1.4421928663500974,0.010989646545242593
63.730000000000004,7.047463452792378,5.655706704685102,1.781493205504416,8.217690323408883,4.831848444449743,1.781473221465694,1.4311440743932562,1.9984038721831965e-05
63.760000000000005,7.047762439111509,5.655752403096998,1.8122327437324528,8.206707841441997,4.834064300021082,1.8219710347970388,1.4206779312425015,0.009738291064586013
63.8,7.047848304585401,5.655701360967621,1.8508267584164189,8.195729560944093,4.836637483909159,1.8596683929277642,1.410140777866398,0.008841634511345342
63.83,7.047953398512872,5.655714075953627,1.8787253388607472,8.195729560944093,4.836637483909159,1.8596683929277642,1.4100626165814485,0.019056945932983016
63.86,7.044446716378098,5.657528042444124,1.9074504056980692,8.18533835315425,4.839549367842781,1.89784397270386,1.4038243618659487,0.009606432994209158
63.900000000000006,7.047374319118635,5.655979813062896,1.945340063698104,8.175048157726408,4.842201222295323,1.9358825239525166,1.3906415357927606,0.009457539745587384
63.93000000000001,7.04772061469207,5.655742283838807,1.9740554058545865,8.1650234714934,4.844494299276309,1.9740346567626088,1.3807566643956966,2.0749091977689815e-05
63.96000000000001,7.047840345772082,5.655703210887418,2.0021066247893367,8.155568697830937,4.846361791368524,2.010966010943458,1.3718949068000375,0.008859386154121296
64.0,7.047855097142907,5.6557236328386775,2.03759798060782,8.146869978501522,4.8478467026821415,2.0457918189555695,1.3640010424214635,0.008193838347749338
64.03,7.047957322135143,5.65567463220361,2.0629094447083633,8.146869978501522,4.8478467026821415,2.0457918189555695,1.3638896546411496,0.017117625752793852
64.06,7.044391435688448,5.65756741337049,2.088730121658321,8.138694023039857,4.848937424497545,2.0801098009467975,1.3606544791344524,0.008620320711523632
64.10000000000001,7.047368309167755,5.656003324485582,2.122943829536364,8.131152796083292,4.849716077939045,2.1143065593107297,1.350810104353076,0.008637270225634097
64.13000000000001,7.047809549913179,5.655791194030751,2.1489781610974243,8.124576202973879,4.850085095096975,2.1489576424122454,1.3448378128988736,2.051868517893851e-05
64.16,7.047870682859903,5.65574034865322,2.1751618994287587,8.118735852095051,4.850328478173553,2.1845241944735654,1.339940480689563,0.009362295044806679
64.2,7.047982982209716,5.655705951199627,2.2032265037741268,8.113323795234363,4.8502893075399784,2.222508127041991,1.335532484734081,0.019281623267864312
64.23,7.047976122057387,5.655693626715909,2.242492929542587,8.113323795234363,4.8502893075399784,2.222508127041991,1.3355305245822133,0.019984802500595755
64.26,7.044474370311501,5.657571781495134,2.273423998122182,8.108638871792959,4.849936827820983,2.2631061583970444,1.335934244118897,0.010317839725137556
64.3,7.047447414884417,5.655977876962513,2.3167092771789624,8.105162570579628,4.849293054467127,2.3058640946129456,1.3302262038584858,0.010845182566016742
64.33,7.047940158080733,5.655737054039429,2.350853603685008,8.102656466938653,4.848309898814979,2.3508335663716027,1.3282940574905553,2.0037313405385504e-05
64.36,7.047939305567285,5.655682674903066,2.3859985705627547,8.101766260022153,4.847154168874168,2.3981335930442933,1.3282581055641802,0.012135022481538638
64.4,7.04797944845588,5.655695391885791,2.434072733711776,8.101599771468994,4.846037063889762,2.446294155749579,1.3287822971275556,0.012221422037803187
64.43,7.048058001819602,5.655719835770344,2.470663073944898,8.1012479691029,4.844840029330018,2.4952100309666743,1.3291859041078091,0.02454695702177645
64.46000000000001,7.044433992046578,5.657530811255105,2.5075276847674037,8.1012479691029,4.844840029330018,2.4952100309666743,1.3331624391377108,0.012317653800729467
64.5,7.047420699901053,5.655916614366511,2.556696299212995,8.100631282883887,4.843547203192571,2.5443871341678665,1.3301114961980194,0.012309165045128356
64.53,7.047710702657164,5.655726207059496,2.5932792947918064,8.099932959105958,4.842190892155918,2.5932587305269146,1.3300418736120516,2.0564264891831385e-05
64.56,7.047854515715628,5.655677305239373,2.629269553630715,8.098910237402597,4.840761734966229,2.6412938890558997,1.3299644795123367,0.012024335425184773
64.60000000000001,7.0478413840637275,5.655695178573929,2.677412679437676,8.098103861462398,4.839314009167004,2.6896779738421666,1.330236627519259,0.012265294404490756
64.63000000000001,7.047921890462312,5.6557439505278655,2.714141244455216,8.098008937865897,4.838616300432381,2.7380947651672063,1.3305564263402534,0.023953520711990084
64.66,7.044421429191087,5.657601602639376,2.750085209471664,8.098008937865897,4.838616300432381,2.7380947651672063,1.3344600270021865,0.011990444304457615
64.7,7.047303824692515,5.656011138312438,2.797973971285272,8.097554668387096,4.83771281019097,2.786049867351684,1.3314048927683755,0.011924103933588004
64.73,7.047578225476386,5.655846914735529,2.8335690837405116,8.097048748074732,4.836797884079438,2.8335494155264227,1.3312511755568623,1.9668214088941482e-05
64.76,7.047726386399441,5.655778831141408,2.8696050791947285,8.097057353962057,4.836449537365454,2.8815397495539634,1.3313136261322118,0.0119346703592349
64.8,7.047749515594448,5.655817248485025,2.9156703710679817,8.097066939342241,4.83655777485876,2.9248665849827074,1.331259982462889,0.009196213914725693
64.83,7.047739637846918,5.655873620642567,2.9445730766935037,8.097066939342241,4.83655777485876,2.9248665849827074,1.3313024603056554,0.019706491710796303
64.86,7.044310116056101,5.657623988270186,2.973026341233577,8.0972607867557,4.8368901004909315,2.9635784102388505,1.335031546247497,0.009447930994726406
64.9,7.04724479882786,5.656068130812578,3.0083957530474144,8.097603571446745,4.837591570093501,2.9995338468243036,1.3315995763231454,0.008861906223110783
64.93,7.047528563357135,5.655910209788244,3.0312163528276446,8.097687206062409,4.838212470471839,3.0311957080627083,1.3309630978099063,2.0644764936239568e-05
64.96000000000001,7.04767936769308,5.655759459503386,3.052744891396038,8.097203830954191,4.83819869077539,3.0591384830596704,1.3303785963200985,0.006393591663632403
65.0,7.047671678316764,5.655724315701833,3.078098586494613,8.096724927956844,4.837929138238893,3.0835824381301724,1.330150996263978,0.005483851635559311
65.03,7.047661163158523,5.655718060753239,3.09443178493046,8.096724927956844,4.837929138238893,3.0835824381301724,1.3301554436982175,0.010849346800287485
65.06,7.044240322574206,5.657559511468646,3.109489020578049,8.096129760151538,4.837684608750764,3.1045037856379034,1.3336664669224507,0.0049852349401455776
65.10000000000001,7.047172386564201,5.656054765481553,3.1278879517353064,8.095502599068093,4.837650267473586,3.123342797673776,1.3299556973103002,0.004545154061530443
65.13000000000001,7.047469582750248,5.655949590052789,3.1402354376373682,8.094744914166734,4.838061231789903,3.1402163773776683,1.3288066023223508,1.9060259699887894e-05
65.16,7.047669835680729,5.655826701088629,-3.1314524129489416,8.093569052065401,4.839244308957729,-3.1279328920700538,1.3269182242972983,0.0035195208788878496
65.2,7.047670403274323,5.65584195661884,-3.1173055366382334,8.09222160634746,4.8407337097734064,-3.1143159650457277,1.3249485536868866,0.00298957159250568
65.23,7.047662672221004,5.655897216898007,-3.108400832357717,8.09222160634746,4.8407337097734064,-3.1143159650457277,1.3249886453140176,0.005915132688010694
65.26,7.0442854863463555,5.6576287471036855,-3.100550100354875,8.09041286724701,4.842781094956021,-3.1031557425490717,1.3260313696442574,0.002605642194196456
65.3,7.047249766927463,5.656066439351946,-3.0916133501027017,8.088242075909092,4.845100178964777,-3.0938854554419715,1.319595113224224,0.002272105339269803
65.33,7.047590173961371,5.6558676710689495,-3.085556744613332,8.08577874697921,4.847151320107013,-3.0855774540295506,1.3160006266936224,2.07094162187893e-05
65.36,7.047792336920589,5.655758922081997,-3.079630600294141,8.083357315419175,4.849118063062973,-3.0781399468533395,1.312655438464994,0.0014906534408014593
65.4,7.0478637633424075,5.655724851172694,-3.0726612508527613,8.081027808640778,4.850918186982718,-3.071000294476744,1.3096341898491695,0.001660956376017264
65.43,7.047881863216434,5.655700684142982,-3.0674189882312852,8.078763667656567,4.852515321096964,-3.0639650038227955,1.3068374122809268,0.003453984408489763
65.46000000000001,7.044380230867188,5.657535992884114,-3.0621877644643742,8.078763667656567,4.852515321096964,-3.0639650038227955,1.3107278040496593,0.0017772393584212232
65.5,7.047379366102802,5.6559722132182815,-3.056373671566242,8.07646050938503,4.853822845852358,-3.0579158799659876,1.3047802907097454,0.0015422083997456149
65.53,7.047692765859244,5.655786830538045,-3.052715512454458,8.074171439690028,4.854996119563178,-3.0527357788785117,1.3018925572461957,2.026642405361656e-05
65.56,7.04787030974563,5.655726530774709,-3.048934957607037,8.071924834437947,4.855957892592291,-3.0480225259116884,1.2993527404684875,0.0009124316953483813
65.60000000000001,7.047913449682801,5.655710378396549,-3.0441252783036625,8.070006914004695,4.856882550760198,-3.0426539003007167,1.2972281788551092,0.0014713780029458334
65.63000000000001,7.047945061755375,5.655697957666988,-3.0405618261314595,8.06816745935422,4.857653926235866,-3.038402790153319,1.2952714065651154,0.002159035978140711
65.66,7.044463392670222,5.657536904672462,-3.0373771910024656,8.06816745935422,4.857653926235866,-3.038402790153319,1.2991469490931171,0.001025599150853207
65.7,7.047411216985594,5.655993760225559,-3.0340982376172767,8.066448585211337,4.858393875373713,-3.0348900945284676,1.2940644242680217,0.0007918569111908802
65.73,7.047751398160084,5.65579946994489,-3.032630165536863,8.064644366518007,4.858843037266853,-3.032650818880764,1.291979436633064,2.0653343900889354e-05
65.76,7.047919762428071,5.655716380721511,-3.030876398950389,8.063052138629761,4.859219988521873,-3.0299987557576786,1.2903101348125299,0.0008776431927102202
65.8,7.047956631630403,5.655705089461492,-3.0293275730005487,8.061338396273774,4.859290119588101,-3.0289237737968806,1.2888830067737513,0.0004037992036680649
65.83,7.047978794461784,5.655663880183122,-3.0291348032067864,8.061338396273774,4.859290119588101,-3.0289237737968806,1.2888401177604654,0.0002110294099058052
65.86,7.0445216556267685,5.6575030770427635,-3.0287110842301628,8.059495382351535,4.859103689678202,-3.0288555498699723,1.2913610059490217,0.0001444656398095212
65.9,7.047535619339734,5.655952201193937,-3.0281875489943535,8.057765401323634,4.858900438729628,-3.028328623746725,1.286800576800733,0.00014107475237157274
65.93,7.0478706938499105,5.65578715421204,-3.0282881966197235,8.055990026071797,4.858723020680996,-3.0283085325716095,1.2851520614157281,2.0335951885996906e-05
65.96000000000001,7.0479920577934205,5.655741183591665,-3.0278815489574313,8.054277642520896,4.858589085184682,-3.027894587818022,1.283768727623856,1.3038860590786072e-05
66.0,7.048099548510397,5.655701190168193,-3.027299601030721,8.052611764492173,4.858504703112217,-3.027494013715171,1.2824067338528005,0.00019441268445019588
66.03,7.0481227580758485,5.6556968199516024,-3.027147346174084,8.052611764492173,4.858504703112217,-3.027494013715171,1.2823858370873078,0.0003466675410872533
66.06,7.044606867686559,5.65749744282639,-3.02666116688702,8.051112094251648,4.858378904478467,-3.0268371946490196,1.28516271710401,0.00017602776199954207
66.10000000000001,7.047635231751752,5.655953835207772,-3.026538780252972,8.049584619308273,4.858298909204292,-3.0266693180901254,1.2806857367061233,0.0001305378371534438
66.13000000000001,7.047962985695785,5.655789486129059,-3.02620585110086,8.048072969136443,4.858169498013048,-3.0264868970861762,1.2792254001620906,0.0002810459853161973
66.16,7.04815063233902,5.6556942119121185,-3.0261131191614243,8.046498665974594,4.858009536626994,-3.0261677418576434,1.2778887422028382,5.462269621903104e-05
66.2,7.048189460110497,5.655675696966561,-3.0260100862228336,8.04501222752657,4.857875411835583,-3.025686784949089,1.2767697226180248,0.0003233012737444696
66.23,7.04819585024622,5.6556837115783,-3.025589266429063,8.04501222752657,4.857875411835583,-3.025686784949089,1.2767697416342092,9.751852002626293e-05
66.26,7.044738733231538,5.657508833436358,-3.025110429940722,8.043592676007064,4.85772547022573,-3.025329007993356,1.2795947120345241,0.00021857805263403307
66.3,7.046896730276794,5.656372923821254,-3.025182745616856,8.04209660910929,4.857551739660644,-3.0252032085942995,1.2761418742020711,2.0462977443624908e-05
66.33,7.048050443312883,5.655774608839563,-3.0250955135422317,8.040540415071158,4.857433836905165,-3.0251159707092907,1.2737285158830163,2.045716705900702e-05
66.36,7.048240014755843,5.655684834224381,-3.0245547306376444,8.038962427697783,4.85731336528518,-3.0248769686511703,1.2723709765322522,0.00032223801352593284
66.4,7.048283829772199,5.6556631482192214,-3.0243701452001313,8.037337421180572,4.857198800868161,-3.024479486252083,1.2711303318969918,0.00010934105195170574
66.43,7.048315424229477,5.655654284818281,-3.024205717229201,8.0358112234165,4.857085830158425,-3.0239354613056175,1.269984066903931,0.000270255923583651
66.46000000000001,7.044852832487836,5.6573915146305325,-3.0237576371016224,8.0358112234165,4.857085830158425,-3.0239354613056175,1.2737691004064653,0.0001778242039951472
66.5,7.047857139833141,5.655900153952406,-3.0233930914184604,8.034173938848328,4.856905620445161,-3.0235288672600618,1.2693356894825043,0.00013577584160140432
66.53,7.048188884469877,5.655737066345484,-3.023301138598525,8.032552913402226,4.856719096863957,-3.0233214820260854,1.267833686652279,2.034342756029872e-05
66.56,7.048368418821954,5.655655218742732,-3.0232305766346284,8.030937089860132,4.856591765151991,-3.023029932134173,1.2664689479691524,0.00020064450045520488
66.60000000000001,7.048399247402131,5.655644406557335,-3.0225411137974754,8.029446978898536,4.85648601635984,-3.0226781076327183,1.2653492735593972,0.00013699383524290454
66.63000000000001,7.048407345138696,5.655644528215663,-3.0225126712679566,8.027877140972956,4.856293781698015,-3.022476060708504,1.2642478779535,3.661055945247682e-05
66.66,7.044980529893483,5.657403601504136,-3.022444065195559,8.027877140972956,4.856293781698015,-3.022476060708504,1.2680152567935883,3.199551294530423e-05
66.7,7.046389928455328,5.656084423814969,-3.023241598447475,8.025969267557734,4.856138692591717,-3.0230351001189306,1.2647089999278922,0.00020649832854457983
66.73,7.04518055513039,5.656026640715423,-3.0230527767032553,8.023780801184088,4.855978192167268,-3.023073321230973,1.2640158074963572,2.054452771771409e-05
66.76,7.043752280183844,5.656321832207411,-3.023003284331998,8.021318585133741,4.855734303011364,-3.0234777278382428,1.2635569921763032,0.0004744435062447039
66.8,7.041467882541864,5.656452765166034,-3.0241135137562507,8.017950796958393,4.855431283439714,-3.024584340504217,1.2629941790580148,0.0004708267479665018
66.83,7.0372931313047555,5.657051642596057,-3.0249788755729634,8.017950796958393,4.855431283439714,-3.024584340504217,1.2666035912704445,0.0003945350687462046
66.86,7.026178141784694,5.662038140363784,-3.0254081177270296,8.014259470713213,4.855180546957436,-3.0254279970101283,1.275666056856038,1.9879283098767075e-05
66.9,7.029184903266077,5.658833061778957,-3.0263373115109937,8.010249890150726,4.855027047553374,-3.026356940414424,1.268303046198421,1.9628903430213285e-05
66.93,7.024185416954094,5.65921303667427,-3.027978601940301,8.005862418854344,4.8550095727508715,-3.027998091230703,1.2690283477709459,1.94892904019639e-05
66.96000000000001,7.021286948069543,5.659663785335207,-3.028885814261843,8.001328882784131,4.855036074429598,-3.0297972195524197,1.2680331016800443,0.0009114052905765391
67.0,7.012404720781554,5.661550620663528,-3.031265927026254,7.9967363382436485,4.85491633648298,-3.0315592334258263,1.2726223326466528,0.0002933063995724794
67.03,7.00650015520699,5.661996754889623,-3.0324059634471228,7.9967363382436485,4.85491633648298,-3.0315592334258263,1.2774766142557958,0.0008467300212964268
67.06,6.997005705702008,5.665369737418505,-3.033091277649643,7.992194213275234,4.854602077336034,-3.0328522224696624,1.2836449525633757,0.00023905517998068504
67.10000000000001,6.990460762460867,5.6654921897311805,-3.0327055282794384,7.987641550390051,4.854224155010133,-3.032796201584244,1.28550587240013,9.067330480538871e-05
67.13000000000001,6.983359254664394,5.665930926512624,-3.0321357123623294,7.982903428741899,4.8538475800394005,-3.0321559915677208,1.287853996985463,2.0279205391382504e-05
67.16,6.978444560538384,5.666754245675765,-3.031734669172812,7.977850025819424,4.853475384274644,-3.031659888099394,1.2885005977629642,7.478107341807316e-05
67.2,6.9645601452209,5.669839223705845,-3.0316935073720526,7.972346432156531,4.853008165583034,-3.0317417092252334,1.2972456119214804,4.820185318088477e-05
67.23,6.955634007644694,5.6705509325960755,-3.031635231512685,7.972346432156531,4.853008165583034,-3.0317417092252334,1.3046380072848094,0.00010647771254834737
67.26,6.943222673022795,5.674709679694642,-3.031661869667929,7.966398302193261,4.852386528097964,-3.0316184033983347,1.3126704589424845,4.3466269594283347e-05
67.3,6.932767754147472,5.675568713490628,-3.0313739916903426,7.959992211796421,4.851642899714951,-3.031439146414949,1.31683098118099,6.515472460622007e-05
67.33,6.922594164324289,5.6762457765020375,-3.0312651380981244,7.9528601737542735,4.850909258499737,-3.031285583842905,1.32008651918537,2.0445744780772657e-05
67.36,6.912373930885396,5.679022613476267,-3.031177885840641,7.9449226721533,4.850139647365941,-3.031426536443495,1.324086052566745,0.0002486506028542834
67.4,6.897011117318134,5.681702541054163,-3.0314844121320283,7.936029486947819,4.84917251798636,-3.0314852950076223,1.33141481580205,8.828755939660482e-07
67.43,6.885015968389013,5.682635873808925,-3.0314546854435642,7.926035329338458,4.848070455969831,-3.031469830222804,1.334249132105595,1.5144779239584238e-05
67.46000000000001,6.8698119173534264,5.687617807533796,-3.031467261090777,7.926035329338458,4.848070455969831,-3.031469830222804,1.3492396568228229,2.5691320266751916e-06
67.5,6.855338904278631,5.689204064688079,-3.031497269810039,7.914762401557356,4.846824855679991,-3.031483971173054,1.3535068815323315,1.32986369849597e-05
67.53,6.842095390074606,5.6901131464789785,-3.031491111407293,7.902028548294581,4.845418945829723,-3.0315115263737127,1.3553474065731836,2.0414966419579628e-05
67.56,6.829036001945065,5.693724041251614,-3.0315075235850535,7.88762374151227,4.84383242463401,-3.0315679456172826,1.3575432819468003,6.042203222911269e-05
67.60000000000001,6.8097218182830215,5.697110214575382,-3.0316436111444878,7.871310042177696,4.842039751529364,-3.031641399216954,1.3631269397549084,2.211927533579683e-06
67.63000000000001,6.794605321146085,5.698285880512536,-3.031666684608509,7.852837002975856,4.840007005952216,-3.031751476367113,1.3625332726010022,8.479175860420796e-05
67.66,6.7767062805793845,5.704124538825427,-3.031800875186324,7.852837002975856,4.840007005952216,-3.031751476367113,1.380129139720062,4.939881921073308e-05
67.7,6.759885608073855,5.706195168836947,-3.0315997105585444,7.8330528729770315,4.83779707357008,-3.03164601318148,1.3805083231632063,4.630262293581211e-05
67.73,6.745355512251567,5.707272961114677,-3.031593060857126,7.813171875107222,4.835599445813573,-3.0316135055916527,1.3784217431757464,2.044473452667006e-05
67.76,6.730948406828317,5.711316363012022,-3.031626867739832,7.793278505585189,4.833395705164526,-3.031582696636933,1.3781472781238455,4.4171102899337455e-05
67.8,6.711322434413924,5.714869090242468,-3.031588035616449,7.773392441272104,4.831202125599907,-3.031556415676205,1.3816149984233417,3.161994024392101e-05
67.83,6.696519926253986,5.716100954240721,-3.0315279043562784,7.773392441272104,4.831202125599907,-3.031556415676205,1.393807859976163,2.8511319926760592e-05
67.86,6.678523253565315,5.721853962626378,-3.0314739863014815,7.753510012239093,4.829009372829799,-3.031540679222361,1.3974147533402446,6.669292087968515e-05
67.9,6.661654597621919,5.724010869634068,-3.0315227618388585,7.733626399061606,4.826814268381687,-3.031527345842827,1.3978860055028348,4.584003968410855e-06
67.93,6.647137171978017,5.72509446263687,-3.031489324395813,7.713733313322944,4.824616356742244,-3.0315097418830663,1.3958825695335049,2.041748725334358e-05
67.96000000000001,6.632578456053748,5.729128077013662,-3.0313803357375324,7.693837708940443,4.8224193408173734,-3.0314775497586055,1.3958481056806633,9.721402107309984e-05
68.0,6.6129238967438235,5.732676442202033,-3.0311112570206045,7.673674204490451,4.820215097797369,-3.031380130807732,1.3992058177471007,0.00026887378712769916
68.03,6.603084033433801,5.734452877443717,-3.0313463703193033,7.673674204490451,4.820215097797369,-3.031380130807732,1.4078330980964306,3.376048842884671e-05
68.06,6.580174336730287,5.739612250936164,-3.0313662225622013,7.653340588387763,4.818034174644509,-3.031325895065784,1.4145642277387005,4.032749641735833e-05
68.10000000000001,6.56328457705951,5.741802871260523,-3.0314248286195014,7.63285710905101,4.815826035369833,-3.0312937518904257,1.4147149895992628,0.00013107672907564094
68.13000000000001,6.548767933490868,5.742892652698215,-3.030844698208113,7.612342032581989,4.813630859681104,-3.0308652600423334,1.4123446265762702,2.056183422016744e-05
68.16,6.534271555385074,5.746919338575484,-3.0311839788675625,7.591596150387402,4.811392374354289,-3.0309432817273616,1.411788227738765,0.00024069714020091837
68.2,6.5146268781793095,5.750450757727527,-3.03057073206527,7.571023379977012,4.809119911288002,-3.030344066803457,1.4149478193449307,0.00022666526181325253
68.23,6.499835164675481,5.751662496337321,-3.030339055011283,7.571023379977012,4.809119911288002,-3.030344066803457,1.4268253982994312,5.011792173714724e-06
68.26,6.481932789671571,5.757344128715798,-3.0308975214618115,7.550396813421381,4.8068040324300405,-3.0307261460997044,1.430084558581964,0.0001713753621070957
68.3,6.464927515616843,5.7595833794690225,-3.0310518288382324,7.530260980751613,4.804575477371754,-3.031024057337401,1.430725510013812,2.7771500831441642e-05
68.33,6.450458264605603,5.7606898563625215,-3.030778136903096,7.510666087174915,4.802451890100343,-3.030798057696075,1.4290768443381336,1.9920792978744828e-05
68.36,6.435823133787346,5.764720008470514,-3.030631712840153,7.491371387691219,4.80029880208705,-3.0304463374096073,1.4297868301399517,0.00018537543054586436
68.4,6.416139382787189,5.768256806122896,-3.0303585109883,7.472194006066024,4.798084665755564,-3.0301873094520158,1.4340451001602188,0.0001712015362840269
68.43,6.4013224589725075,5.769473326985729,-3.0298512338012875,7.4529568994189255,4.795964838150888,-3.0296794184048683,1.4330574915775522,0.00017181539641919485
68.46000000000001,6.383238009431491,5.775163189904044,-3.0296588739007126,7.4529568994189255,4.795964838150888,-3.0296794184048683,1.4502165064817205,2.0544504155672882e-05
68.5,6.3664060558822975,5.777378848217385,-3.029327728126557,7.433526802818696,4.793852588045915,-3.0294971624880827,1.451230716663954,0.00016943436152550007
68.53,6.3518803932081855,5.77845679941492,-3.029622392742587,7.413927610961874,4.791676681256066,-3.029642814384303,1.4497169704228319,2.0421641715895333e-05
68.56,6.337343795695441,5.782502596045125,-3.02976377035149,7.394207357074673,4.7894624127312895,-3.029676798100691,1.4502032247403018,8.697225079901116e-05
68.60000000000001,6.317680402299999,5.7860537043061555,-3.0298126073652716,7.374411750761256,4.787204032076719,-3.029692776456024,1.4540914037754296,0.00011983090924738704
68.63000000000001,6.302883732427383,5.787271704292281,-3.029623384988103,7.354564864351052,4.784945179580109,-3.0296585099327347,1.4528219661699193,3.512494463153715e-05
68.66,6.285086523961732,5.792821394530755,-3.0296416405132582,7.354564864351052,4.784945179580109,-3.0296585099327347,1.469557207197166,1.6869419476428504e-05
68.7,6.268063543679157,5.795166721439467,-3.029587944057273,7.334690593655484,4.7827173762926725,-3.029681720939401,1.470628076785349,9.377688212808266e-05
68.73,6.2535383260008865,5.796260720485818,-3.0296845023813863,7.314817316373738,4.7804885096142895,-3.029704966609283,1.4690494476993117,2.0464227896699327e-05
68.76,6.23897990970184,5.800312857768392,-3.029707212169351,7.294943658452437,4.778257884584382,-3.029722363963537,1.4695767441292693,1.5151794185985779e-05
68.8,6.224189068244078,5.8015293669041945,-3.0297084556576546,7.275068275284019,4.776026405501467,-3.0297344053874826,1.4683335559860569,2.5949729828056434e-05
68.83,6.204519004626066,5.805088570420809,-3.0297165317873933,7.275068275284019,4.776026405501467,-3.0297344053874826,1.4849392850129455,1.7873600089313157e-05
68.86,6.186754550643013,5.810543478159591,-3.029731760408395,7.25519054806658,4.773792623168625,-3.029741776063488,1.4887604964919618,1.0015655093287279e-05
68.9,6.173832138617108,5.810940923467792,-3.029728252065145,7.23531067073758,4.771559848987656,-3.0297487205730156,1.4856142474209493,2.0468507870408104e-05
68.93,6.1551460404421245,5.814070658381922,-3.029733428434563,7.215429677529949,4.76932756595086,-3.029753895574805,1.488519237449958,2.046714024173113e-05
68.96000000000001,6.145410592972092,5.815806479783916,-3.0297355404857167,7.1955481338410205,4.767095782248311,-3.0297576671996174,1.4841101650038842,2.2126713900672e-05
69.0,6.120917274417439,5.821683235793234,-3.029901060866623,7.17566586008091,4.764862419620664,-3.0297754642641848,1.4931057619789523,0.00012559660243827153
69.03,6.106107645014974,5.822907282155876,-3.0297561081515436,7.17566586008091,4.764862419620664,-3.0297754642641848,1.5044645913254946,1.9356112641144563e-05
69.06,6.088346878937821,5.8283384850557995,-3.029846943446659,7.155785400487097,4.762627151028386,-3.029767528940895,1.5083652226041915,7.94145057638751e-05
69.10000000000001,6.07128557418682,5.830781384704393,-3.029850032169874,7.13588922077291,4.760409026549126,-3.0298371253969436,1.5096615214766742,1.2906772930421084e-05
69.13000000000001,6.056737242469177,5.831886698207973,-3.0302676475103936,7.115629181039982,4.758150048734284,-3.030287927005407,1.5080326687420342,2.027949501348658e-05
69.16,6.0422047957472795,5.83593795229355,-3.0302153601607555,7.09526440124809,4.755893358226333,-3.030088666893147,1.508453134144824,0.00012669326760850197
69.2,6.022561716657838,5.839489668311792,-3.0297738678362434,7.074805140293339,4.753600610409164,-3.029682032242488,1.5120751531113854,9.183559375536277e-05
69.23,6.007742731056393,5.840703476995849,-3.0298481712806518,7.074805140293339,4.753600610409164,-3.029682032242488,1.5232907889656342,0.00016613903816375952
69.26,5.990094610984135,5.846116806987833,-3.030127169480071,7.054084897067254,4.751302826586469,-3.0300534897354057,1.5266607287021943,7.367974466543359e-05
69.3,5.9729756681240715,5.848579128326045,-3.030087992641412,7.033526778271336,4.74899653809728,-3.030118519726684,1.5276945146097753,3.052708527162551e-05
69.33,5.958465652235009,5.849689228192546,-3.0301199078903185,7.013433326653632,4.746716215888113,-3.0301392984718287,1.526272013744652,1.939058151023687e-05
69.36,5.943821989294726,5.853761209182209,-3.0299568325515636,6.993871735805913,4.744629149018366,-3.0297044724830893,1.5273435753069762,0.0002523600684742888
69.4,5.92415017528213,5.8573259504225526,-3.02945773618016,6.9745695021210645,4.742595629864785,-3.0291474446432107,1.5316672124739052,0.00031029153694905887
69.43,5.909367922700732,5.858538201876455,-3.0291267707141563,6.95540876283705,4.74040915655535,-3.0290321179274846,1.5311479357736077,9.465278667164512e-05
69.46000000000001,5.891670852422871,5.8638679626263235,-3.0290746696639386,6.95540876283705,4.74040915655535,-3.0290321179274846,1.5471580497773136,4.255173645395516e-05
69.5,5.874489943624316,5.866389431430825,-3.0292645633965023,6.9361194935232495,4.738216898729628,-3.029206616322763,1.5491386525292195,5.794707373940611e-05
69.53,5.85991722778236,5.867499635426132,-3.028867818151274,6.916733996089099,4.736034336295402,-3.0288883249206484,1.5482491417440831,2.050676937459528e-05
69.56,5.845361419206167,5.871568597053104,-3.0289721202801068,6.8971399780902605,4.7338145862561145,-3.029012490133331,1.5494264506626108,4.036985322430908e-05
69.60000000000001,5.83055142708995,5.87278755484911,-3.0288016933438318,6.877468645229421,4.731669431011706,-3.0288216528936758,1.548607837442097,1.9959549844017488e-05
69.63000000000001,5.810887841417404,5.876351651944828,-3.028921414745119,6.8577354786888955,4.729499888199366,-3.02881013509157,1.5527906953826647,0.0001112796535491789
69.66,5.793563370940932,5.881213588658031,-3.028789698413826,6.8577354786888955,4.729499888199366,-3.02881013509157,1.5680901513410936,2.0436677743873588e-05
69.7,5.776111076071364,5.88421609562918,-3.0289227125166724,6.8378916792497995,4.727287974640166,-3.028872953256059,1.570305934020862,4.975926061323577e-05
69.73,5.761560996406782,5.8853287874372455,-3.0289124221226547,6.8180226543368345,4.725047194785289,-3.0289328685171713,1.5691923428704575,2.0446394516593358e-05
69.76,5.746998424489712,5.889404398065929,-3.028989731336986,6.798152018957232,4.722798186890574,-3.0289757775508894,1.570316506668291,1.3953786096365661e-05
69.8,5.727348861215367,5.8929651015697395,-3.029007817391762,6.7782884268810335,4.720544496615834,-3.02900990999504,1.5744980297231312,2.0926032782142556e-06
69.83,5.7125474699579515,5.894188015631087,-3.029009305278042,6.7782884268810335,4.720544496615834,-3.02900990999504,1.5853210706320136,6.047169982537071e-07
69.86,5.6950476105658,5.899499391308992,-3.0290570859879278,6.758414455081983,4.718297491666096,-3.0290416255687687,1.589335387429692,1.5460419159119e-05
69.9,5.677755622743948,5.902062537887833,-3.0291624540327153,6.7385354827195325,4.716055571674742,-3.0290671155510656,1.5911839727812116,9.533848164977599e-05
69.93,5.66320344981961,5.9031795526511806,-3.029062563495855,6.718664299372829,4.713804076722785,-3.0290830105234625,1.5901608810681704,2.0447027607506385e-05
69.96000000000001,5.648632129229411,5.907255080101537,-3.029074454736358,6.698753295313807,4.711556017971355,-3.0290603797507467,1.5913675598796932,1.4074985611234325e-05
70.0,5.628974425452217,5.910815672697085,-3.0289521456280215,6.678708325766348,4.709301597997842,-3.028984772972536,1.595486550607399,3.262734451459082e-05
70.03,5.619131444603658,5.912600232016338,-3.0289517580982213,6.678708325766348,4.709301597997842,-3.028984772972536,1.6033186737904699,3.3014874314840625e-05
70.06,5.596701468975397,5.917227534052281,-3.028875311115863,6.658698951945027,4.707014939122974,-3.028897939220117,1.6101096791086493,2.262810425390782e-05
70.10000000000001,5.579375259086399,5.919895959959234,-3.028757617172326,6.638587886528739,4.704717178437565,-3.028751094989811,1.6120145350442077,6.522182514956398e-06
70.13000000000001,5.5648117331259215,5.921026021977818,-3.0287794044290597,6.61835754081885,4.702489306627489,-3.0287998905802853,1.6108353409222542,2.0486151225629357e-05
70.16,5.550257861860819,5.92510756332593,-3.0285655826030737,6.597954165303305,4.700208932808045,-3.0288400687775288,1.6118449675113418,0.0002744861744550242
70.2,5.530634299113207,5.928665177269535,-3.0286634612556194,6.57751994883667,4.697947100732944,-3.028356989583269,1.6157464366387577,0.0003064716723502059
70.23,5.515829641269358,5.92989089230837,-3.0283634638238763,6.57751994883667,4.697947100732944,-3.028356989583269,1.6263061872795082,6.474240607179382e-06
70.26,5.498451723812913,5.935003763446048,-3.028438258391351,6.556927939934011,4.695603390998109,-3.028395024732184,1.6298727506520645,4.3233659166919125e-05
70.3,5.485295531903507,5.935604824675856,-3.0284699418695484,6.536187282766064,4.693273839470402,-3.028490611631492,1.627193826448627,2.0669761943370446e-05
70.33,5.46654281905131,5.938868458355588,-3.0287972720875596,6.5155964195583564,4.690944003818023,-3.0288172541054816,1.630284914047136,1.9982017922082207e-05
70.36,5.451926010931554,5.942960593662113,-3.028851195006465,6.495589775617007,4.688636726256608,-3.0289034785736133,1.6317360135942682,5.228356714814808e-05
70.4,5.432236261326725,5.946537287985345,-3.0288238945048196,6.476068117158463,4.686477902212905,-3.0286973443633363,1.6362562754417012,0.0001265501414833281
70.43,5.417487405062481,5.94777864143407,-3.028583424955835,6.456778822436062,4.684306177287455,-3.028488265397115,1.6359979577869608,9.51595587204146e-05
70.46000000000001,5.40003148565831,5.952848503423818,-3.0284815573168813,6.456778822436062,4.684306177287455,-3.028488265397115,1.6510343930355675,6.70808023350844e-06
70.5,5.382634430150785,5.955597440889523,-3.0285248772220474,6.437507385913701,4.682068093538189,-3.0284258432791313,1.6536728670946703,9.903394291610468e-05
70.53,5.3680333543465535,5.956731404902026,-3.0282738720892244,6.418083221211319,4.679840168709408,-3.028294368702,1.6531956786685067,2.0496612775477985e-05
70.56,5.353469804494213,5.960825763298036,-3.028319196929596,6.3984661060271035,4.677580291066031,-3.0284960257184212,1.6549127506371333,0.00017682878882530062
70.60000000000001,5.333804426029226,5.964394561810739,-3.028000432906459,6.378857508907495,4.67542755221557,-3.0281882029697673,1.6593890134197242,0.00018777006330816803
70.63000000000001,5.318994979355367,5.965614713119262,-3.0278922493793834,6.359183118972953,4.67324700742487,-3.027839640369969,1.658977291141407,5.26090094141729e-05
70.66,5.301637653228069,5.970641195370465,-3.0277759497468493,6.359183118972953,4.67324700742487,-3.027839640369969,1.6738082599367745,6.369062311994966e-05
70.7,5.284239703987607,5.973455955038403,-3.0279929555454212,6.3393230623693535,4.671018773487417,-3.027949290869945,1.6761692948567517,4.366467547622932e-05
70.73,5.269677743944989,5.9745937422392625,-3.0279929766856752,6.319460251004742,4.668756459674143,-3.0280134170696806,1.675486293786289,2.0440384005393497e-05
70.76,5.2551116104377,5.978695710861275,-3.02808800235124,6.29960279473376,4.666484279321934,-3.0280673437361307,1.6771585122267698,2.0658615109248046e-05
70.8,5.235461794910246,5.982268717817015,-3.0280966049928466,6.27973086743998,4.6642258564049195,-3.028115227550796,1.6815870124265042,1.8622557949488083e-05
70.83,5.2206629651749505,5.983491614786325,-3.0281195883099192,6.27973086743998,4.6642258564049195,-3.028115227550796,1.6917703635085097,4.360759123134272e-06
70.86,5.203321144178952,5.988502372650528,-3.0281703897575216,6.2598665602853085,4.661956293670025,-3.0281500963554127,1.6958811031301395,2.02934021089618e-05
70.9,5.1858990575602855,5.991340714230594,-3.0282101361572358,6.239994024984693,4.659692481724127,-3.028165429454407,1.6983530891681682,4.470670282863409e-05
70.93,5.17133173005023,5.992486053824621,-3.028156755020636,6.220120433254387,4.6574299210964405,-3.0281771926843994,1.697743390946871,2.0437663763583913e-05
70.96000000000001,5.156750522227704,5.996589241184891,-3.0281529171268518,6.200250561368345,4.655163970128568,-3.0282058845314017,1.6995040716382674,5.296740454996396e-05
71.0,5.137094705685735,6.000162656138956,-3.0282122728894065,6.180378511931324,4.65289988837093,-3.028234937135682,1.703983000439924,2.2664246275283517e-05
71.03,5.122290538135701,6.001386884941846,-3.0282335974004955,6.180378511931324,4.65289988837093,-3.028234937135682,1.714049981830103,1.3397351863453366e-06
71.06,5.105012141618645,6.006344741870495,-3.0282564429444374,6.160504491000424,4.650636528580053,-3.0282626636090177,1.718141105726369,6.2206645803364324e-06
71.10000000000001,5.087529475458638,6.009231789818582,-3.028190788786902,6.140622485114776,4.648367671922956,-3.0282869602899316,1.7207428728204759,9.617150302965172e-05
71.13000000000001,5.072958806480324,6.010387560345748,-3.0286755780675656,6.120543473733634,4.646116845781925,-3.0286960482709078,1.7200779684888454,2.047020334217109e-05
71.16,5.058374292004913,6.014489302561037,-3.0283635731003247,6.100427391885875,4.643853516211688,-3.028366194114993,1.7217773148096185,2.6210146684135793e-06
71.2,5.038732859954094,6.018061183114568,-3.028774352414751,6.080090940389725,4.641629985010282,-3.028756234008955,1.7259749403752602,1.8118405796130332e-05
71.23,5.023922774394564,6.01929742276181,-3.0283713473554914,6.080090940389725,4.641629985010282,-3.028756234008955,1.7359316702861443,0.0003848866534634787
71.26,5.006751633767864,6.024160276576717,-3.028598394388853,6.059602756160986,4.6393693793666,-3.0285317374335685,1.739580787120983,6.665695528429438e-05
71.3,4.989256702936463,6.027095771894359,-3.028616403897548,6.038781788019724,4.63704720545558,-3.0285767863695066,1.7417628774541996,3.961752804126917e-05
71.33,4.9746933624026655,6.028255241342244,-3.0285973343515624,6.017969970123508,4.634768762660615,-3.0286176528151048,1.7407557687642554,2.0318463542334797e-05
71.36,4.960108311319344,6.0323657683257625,-3.0284621461221097,5.997398154687721,4.632423125319838,-3.028549736756378,1.7423574899720222,8.75906342683308e-05
71.4,4.94041188617075,6.035945143350725,-3.0286324288073807,5.9773569804165305,4.630125146820616,-3.0286490187031583,1.7468786423573637,1.6589895777574526e-05
71.43,4.925651009512734,6.03718949758956,-3.0285828845771907,5.957792635531928,4.6279544776270685,-3.028496657312776,1.7467855270897543,8.622726441487316e-05
71.46000000000001,4.908416125473897,6.042022317242711,-3.02833375100936,5.957792635531928,4.6279544776270685,-3.028496657312776,1.7609028692397615,0.0001629063034158662
71.5,4.890810280908915,6.044999650347501,-3.028164776404311,5.938404202857522,4.625760573403443,-3.02820684621752,1.763999031413761,4.206981320908909e-05
71.53,4.876199464142025,6.046158246877457,-3.0277022476199136,5.919142378294506,4.62365477899106,-3.027722739275592,1.7638724552330012,2.0491655678522847e-05
71.56,4.861594791830971,6.0502694362304545,-3.0277203303803857,5.899750519116315,4.621489263567415,-3.027915287763044,1.7661200683674898,0.0001949573826585116
71.60000000000001,4.841921562694117,6.053838394868548,-3.027778099968923,5.880254588399739,4.619271057981841,-3.027921318705149,1.7709090649531416,0.0001432187362260251
71.63000000000001,4.827083758402772,6.0550541419065285,-3.0275540520756743,5.860696891881822,4.617043062870692,-3.0275499055589963,1.7709409852194933,4.146516678016354e-06
71.66,4.810008876400669,6.059843719718655,-3.0274314911165328,5.860696891881822,4.617043062870692,-3.0275499055589963,1.7848302555920088,0.0001184144424635214
71.7,4.797544798931514,6.060626499714754,-3.0274952104527495,5.841933144714731,4.6149152315569735,-3.0275157178010383,1.783487619156966,2.050734828884515e-05
71.73,4.7809549365853306,6.063771649575372,-3.0275345496300856,5.824120422874532,4.612914314142311,-3.0275550621666802,1.7869474641311944,2.051253659463015e-05
71.76,4.767871715179591,6.0674857878151505,-3.0275354860995383,5.80634753895809,4.610896611641108,-3.0273934479526474,1.7888778786490176,0.00014203814689084382
71.8,4.751676678836865,6.07051668977386,-3.0274383952750186,5.790300042946118,4.609078011404505,-3.0273833816359277,1.7929142486766034,5.501363909088397e-05
71.83,4.743930703092413,6.071986376393652,-3.0274280431183387,5.790300042946118,4.609078011404505,-3.0273833816359277,1.7986077059050696,4.466148241100143e-05
71.86,4.725896991513177,6.075470640736546,-3.027511060672538,5.774485575687903,4.607251678155187,-3.0274714580236672,1.8042186510911138,3.96026488709289e-05
71.9,4.713681951500084,6.077637109260304,-3.0268286193084046,5.759455426256115,4.605606236038598,-3.0270141611185424,1.8056901872196016,0.00018554181013774595
71.93,4.7036951961779,6.078481227445886,-3.026667794148905,5.745444537000426,4.604062613733816,-3.0266882262116703,1.8053121440805717,2.0432062765252113e-05
71.96000000000001,4.6969381458791455,6.079713435080238,-3.0266889266288923,5.731706885324067,4.602473268124669,-3.0266503517650714,1.8036032975683294,3.857486382097264e-05
72.0,4.68127698201292,6.083681867730222,-3.0260944906945433,5.719419549677854,4.601121687250866,-3.026274126105748,1.809896317345533,0.00017963541120469273
72.03,4.675459842035291,6.084799440830093,-3.026173594371024,5.719419549677854,4.601121687250866,-3.026274126105748,1.814153121334317,0.00010053173472401866
72.06,4.66136445515012,6.087542643036235,-3.026348615102194,5.7075539800958826,4.599760371541632,-3.0263222861227197,1.8187931739150225,2.6328979474410374e-05
72.10000000000001,4.653093159050925,6.0890106558152155,-3.02542615916367,5.696419884594841,4.598547728732869,-3.0257149791269877,1.819343396184752,0.00028881996331753257
72.13000000000001,4.6460502784159585,6.089610654121578,-3.0256152942391945,5.686421554011011,4.597417390046824,-3.0256356923854124,1.8190693028121119,2.03981462179037e-05
72.16,4.638831007497718,6.091673332308907,-3.0257381225708277,5.676641328251648,4.596273224425034,-3.025604548813948,1.820239474498472,0.0001335737568797235
72.2,4.632334171413209,6.092245526020606,-3.02511068745187,5.6681761997703495,4.595397364085986,-3.024910281160473,1.820308525387409,0.00020040629139694843
72.23,4.624756137422448,6.093813906670304,-3.024797806390334,5.6681761997703495,4.595397364085986,-3.024910281160473,1.8259182790038657,0.00011247477013887064
72.26,4.616535451918506,6.096024187344225,-3.024853487398373,5.660147942922942,4.5944824453804385,-3.024851770377734,1.8285936219510686,1.7170206390026976e-06
72.3,4.612247433882836,6.0968008794699875,-3.0245547559091452,5.652841450390122,4.593643852806631,-3.024680200052088,1.8282004687665379,0.00012544414294257678
72.33,4.608161707690285,6.097164794131688,-3.0244591394841067,5.646584505154365,4.592950506551237,-3.024479499864735,1.8278354765279863,2.0360380628137165e-05
72.36,4.603874979823342,6.0984003883768345,-3.0245027698014053,5.640599414323195,4.592258661342076,-3.024270610591675,1.8284584914633104,0.00023215920973029824
72.4,4.600328609266368,6.0987217607181385,-3.0240372302655776,5.6356074362718145,4.591741265450614,-3.0239345818765933,1.828330512451872,0.00010264838898432771
72.43,4.5967444851486965,6.099559955286752,-3.023817706789768,5.631306121473044,4.591261284979989,-3.0238496163999455,1.82901138821038,3.19096101777383e-05
72.46000000000001,4.5914870952124955,6.100983953881146,-3.0237799162462675,5.631306121473044,4.591261284979989,-3.0238496163999455,1.8331628799338775,6.970015367802063e-05
72.5,4.590881531589349,6.100838234983531,-3.023652367482485,5.627730435597086,4.590878785876417,-3.0236728061239457,1.831674967806762,2.0438641460618356e-05
72.53,4.590040040885059,6.101140185862889,-3.0235348565867053,5.62532850490725,4.590668937464555,-3.023555313741725,1.8312142408728282,2.045715501974854e-05
72.56,4.588704758479032,6.1015432220760815,-3.0238193966111724,5.623205867220496,4.590524825799395,-3.0237788681012026,1.831220668809165,4.0528509969828264e-05
72.60000000000001,4.58831353633518,6.1016991370351175,-3.023441584783235,5.622203345695978,4.590461993561135,-3.0232636704038525,1.8310559362606893,0.00017791437938274868
72.63000000000001,4.588442182490162,6.101741146370024,-3.0230991068517565,5.621909819911437,4.590445189871848,-3.023066348631695,1.8308661408537896,3.275822006143514e-05
72.66,4.58613563623402,6.102245538639158,-3.023051583914187,5.621909819911437,4.590445189871848,-3.023066348631695,1.832585183314975,1.4764717508164438e-05
72.7,4.5881088055723955,6.10183142423319,-3.023011800356958,5.621801329566459,4.590407201740923,-3.022973227436672,1.8310989636001571,3.857292028586201e-05
72.73,4.588335022443483,6.101795045785671,-3.0230373343196906,5.621810006464555,4.590406633292638,-3.0230577584945717,1.830946606544158,2.0424174881128465e-05
72.76,4.588407123227262,6.101769605184799,-3.023087007918288,5.62180748072612,4.590402329863709,-3.023105920391234,1.8308870363269991,1.8912472945942227e-05
72.8,4.588405909897963,6.101765927134178,-3.023116848688348,5.621799831670138,4.590401833860782,-3.023136632373868,1.8308807771102382,1.9783685520025074e-05
72.83,4.588401858054681,6.101766163910733,-3.0230486367141003,5.621799831670138,4.590401833860782,-3.023136632373868,1.8308832595279987,8.79956597676923e-05
72.86,4.586098646125872,6.102229985691413,-3.0230655918263456,5.6217924940415,4.59040115404249,-3.023159350032449,1.832563276619727,9.375820610335595e-05
72.9,4.588052432444768,6.1018353670535,-3.0231997685604193,5.621785160589166,4.5904008732947466,-3.023178189858565,1.8311301379641585,2.157870185426347e-05
72.93,4.588255572737638,6.101793376330592,-3.0231745395710408,5.6217805221930215,4.590403211612519,-3.0231949972727223,1.8309762563051653,2.0457701681575458e-05
72.96000000000001,4.5883341432072315,6.101776466323347,-3.023185455629522,5.621769560398154,4.590403031826653,-3.023213016322689,1.8309119094065966,2.7560693167227868e-05
73.0,4.588370050452382,6.101771394122402,-3.023206854183714,5.62176437328633,4.590399493887119,-3.02322510514688,1.8308874480115485,1.8250963166099865e-05
73.03,4.5883681002453915,6.101770724100904,-3.0232110532263845,5.62176437328633,4.590399493887119,-3.02322510514688,1.830887995660256,1.4051920495639081e-05
73.06,4.586105592001426,6.102314616800811,-3.0232003898766084,5.62175439920873,4.590399940367703,-3.0232375311910356,1.832608643623548,3.714131442711377e-05
73.10000000000001,4.5880315711006725,6.101851959148947,-3.023223653039014,5.621749350530836,4.5903939947043355,-3.0232467316255383,1.8311410720621926,2.307858652406125e-05
73.13000000000001,4.588230108156828,6.101805140134248,-3.023237688369394,5.6217404724947535,4.590396573983353,-3.023258133778842,1.8309832132021895,2.044540944812212e-05
73.16,4.588335296471039,6.101778936108583,-3.0232514224556475,5.62173549557674,4.590391755332638,-3.0232674429666337,1.8309033785881665,1.6020510986258785e-05
73.2,4.588348746114909,6.101775505031714,-3.023254589943285,5.621727161788671,4.590408463224982,-3.023321436417635,1.83087445911511,6.684647435006852e-05
73.23,4.588358993364742,6.101776276164726,-3.0236155701890146,5.621727161788671,4.590408463224982,-3.023321436417635,1.830869311966884,0.00029413377137954555
73.26,4.586055317494122,6.102317952870511,-3.023491883013903,5.6215523974490775,4.590410451568942,-3.023531271736448,1.8325169835740116,3.9388722545385946e-05
73.3,4.588023519800155,6.101854663110483,-3.0235873790608543,5.621264653972198,4.59044161214067,-3.023511876096121,1.8308349603355871,7.55029647332428e-05
73.33,4.588223955769309,6.101798505487226,-3.02345329261974,5.6209717158315256,4.590463393194491,-3.0234737614945537,1.8304922172908626,2.0468874813772686e-05
73.36,4.588338323541184,6.10177465476842,-3.0235031066496965,5.620726788643607,4.59047918878771,-3.023146216302485,1.8302567930130422,0.0003568903472115359
73.4,4.588369728828325,6.101763266568327,-3.021538359039328,5.61914316784229,4.5900672958125535,-3.0191915466264145,1.8296771820668023,0.002346812412913568
73.43,4.588335975974222,6.101614608464915,-3.015406733705318,5.615367723139338,4.588240325889046,-3.009983849251723,1.8289603409716289,0.005422884453595067
73.46000000000001,4.586555167282925,6.102136887507074,-3.007288278824822,5.615367723139338,4.588240325889046,-3.009983849251723,1.8303928743214368,0.0026955704269009395
73.5,4.5889216701919,6.101479747437368,-2.9898691566073747,5.609006401744933,4.583782402542732,-2.994217776266015,1.8286547214408335,0.004348619658640196
73.53,4.5890514065668855,6.101028608081462,-2.973497004338589,5.600695513267222,4.577091004799476,-2.9735169351347333,1.8291554382606103,1.993079614415194e-05
73.56,4.589393270843516,6.101077646677591,-2.962900218831299,5.592326603037242,4.569802529379881,-2.9521748499710485,1.8304859337564778,0.010725368860250661
73.60000000000001,4.5900985257376705,6.1014874825708905,-2.936839736659022,5.584617511812867,4.563094588038547,-2.932018542908816,1.8318626344820834,0.004821193750206287
73.63000000000001,4.590262107253057,6.101547351839068,-2.9270241439660465,5.577721084349779,4.557162398117796,-2.912688049709994,1.8330848634827464,0.014336094256052423
73.66,4.588277206560679,6.102118629355726,-2.9078762595859335,5.577721084349779,4.557162398117796,-2.912688049709994,1.834635915852308,0.004811790124060522
73.7,4.590424931778798,6.10178296133554,-2.887171900935079,5.572518075525485,4.553667685884479,-2.8924252753340816,1.8333488072593185,0.005253374399002642
73.73,4.590982918685343,6.102233284761285,-2.8659912746959417,5.570253901318889,4.553731377216346,-2.8660068438739397,1.8321653350880711,1.5569177997942774e-05
73.76,4.590475081595554,6.101822332355591,-2.844345259840187,5.570493539788102,4.55763800705967,-2.8366198588637612,1.8289180979168311,0.0077254009764256
73.8,4.589724010779384,6.101825112608598,-2.8124343131894345,5.571948524526249,4.565878544798254,-2.8026223493926867,1.8231557406249308,0.009811963796747758
73.83,4.589727568744073,6.102536826276851,-2.7844414703219558,5.571948524526249,4.565878544798254,-2.8026223493926867,1.8237534592193119,0.01818087907073096
73.86,4.587028903209569,6.102387338040087,-2.7576333723848694,5.574069405118702,4.577422192191932,-2.7665985342070267,1.8165262586763555,0.008965161822157341
73.9,4.5888994613198015,6.101737551755548,-2.7245348075879545,5.576161708808724,4.58952905284413,-2.7326958197143547,1.8059516298884648,0.008161012126400191
73.93,4.589079941134994,6.101513613077157,-2.700996002384726,5.578289204238005,4.600878191792672,-2.7010155572244487,1.797342937177673,1.955483972260197e-05
73.96000000000001,4.5891739507041915,6.101384410562581,-2.6757408102115847,5.580128498585604,4.611715986497639,-2.667882237387496,1.7891626336426159,0.00785857282408875
74.0,4.58914857111699,6.101331207010274,-2.6436831558322607,5.581733925299117,4.622065422390452,-2.6356010350569057,1.7814188016532657,0.008082120775354973
74.03,4.589133315773607,6.101328523814607,-2.6275965602770155,5.581733925299117,4.622065422390452,-2.6356010350569057,1.7814250737163848,0.008004474779890192
74.06,4.586774030005024,6.10186725291895,-2.5951795159033972,5.583157841640928,4.632413824598037,-2.603185007884124,1.7754081440880514,0.008005491980726642
74.10000000000001,4.588742185457624,6.101419801237718,-2.563556764536924,5.584303260693135,4.6424975233995855,-2.5714504686557778,1.7662378286336442,0.007893704118853595
74.13000000000001,4.588905802562554,6.10133258796346,-2.5400524542596523,5.58519557061042,4.6523446559228505,-2.540073224258324,1.7584536755673132,2.0769998671621437e-05
74.16,4.5890225887851885,6.101326828735756,-2.5164381101993865,5.585941112312531,4.661865081794245,-2.5087449529145776,1.7509702063312909,0.007693157284808905
74.2,4.589000627891962,6.101297394986972,-2.4853206484906907,5.5864650142491135,4.670764505629112,-2.4773713517009672,1.7439494114180594,0.007949296789723448
74.23,4.588981014923854,6.101276508130544,-2.4694951495611743,5.5864650142491135,4.670764505629112,-2.4773713517009672,1.7439434962780682,0.007876202139792898
74.26,4.586595511233082,6.10170880431037,-2.4395305745871307,5.586552570800377,4.678054091202877,-2.4471222538889807,1.7397433325440996,0.007591679301850007
74.3,4.588059492160275,6.1010828068632454,-2.416993277256871,5.586559959421396,4.683231125989309,-2.4170151292522535,1.734158750540943,2.185199538251581e-05
74.33,4.588865313353923,6.100771119768229,-2.386698867500472,5.5865400796598195,4.68615762188966,-2.386720438778893,1.7310361890219872,2.1571278421284035e-05
74.36,4.588997503996067,6.101075715689442,-2.36374607289766,5.586356291388578,4.686608237161018,-2.355790803474612,1.730734756860108,0.007955269423047806
74.4,4.58898501720597,6.101087192007705,-2.3322719986053233,5.585386647343701,4.6852412821687555,-2.3241720121913167,1.731310442684619,0.008099986414006555
74.43,4.588876834076455,6.100842132846803,-2.3079948646859934,5.5832403076847745,4.682796938040428,-2.2915988168332575,1.7319384781682785,0.01639604785273585
74.46000000000001,4.586612420378872,6.101706801567341,-2.283415014671786,5.5832403076847745,4.682796938040428,-2.2915988168332575,1.7339470426082189,0.008183802161471299
74.5,4.588664194824471,6.1013477583281235,-2.2500608352236853,5.5799400055587896,4.6791343169002735,-2.2583359500783735,1.7335855346434537,0.008275114854688237
74.53,4.588755557478033,6.101289354945828,-2.2257797241197568,5.575661588653854,4.6753629309789435,-2.2258004453632267,1.7341423473689224,2.0721243469967732e-05
74.56,4.589107428227886,6.101456002896684,-2.2021806834526565,5.570539137286497,4.671661336702864,-2.1943137775320434,1.7342205704644387,0.007866905920613121
74.60000000000001,4.589188068751673,6.101560074678187,-2.1710730448158566,5.564741900015556,4.667995142598404,-2.1637930754045684,1.73401663549764,0.0072799694112881674
74.63000000000001,4.589129567424039,6.101614356494466,-2.1485614273961455,5.558248005282785,4.6644689303841185,-2.1337457543416827,1.733371720776495,0.014815673054462852
74.66,4.5869517485339255,6.102151735767245,-2.1262486791038056,5.558248005282785,4.6644689303841185,-2.1337457543416827,1.73503552334488,0.007497075237877127
74.7,4.589017453730639,6.101809376696044,-2.0963005611118053,5.55107258393582,4.661286872287874,-2.1038451711843438,1.7322399254319518,0.007544610072538482
74.73,4.589200125019485,6.101865676266874,-2.0744969031705094,5.543377996868155,4.6583986759727365,-2.0745176688428693,1.730333029235647,2.0765672359868148e-05
74.76,4.589481422199736,6.101896845571351,-2.0531686335672332,5.534833189105072,4.655202018658163,-2.0462967592239973,1.7281828275412352,0.006871874343235884
74.8,4.589680664695523,6.102053873484422,-2.0259680096587895,5.526390573144428,4.651348569998956,-2.018944003781733,1.7268385362121192,0.007024005877056538
74.83,4.589811284820172,6.10223203967612,-2.0048042595404936,5.526390573144428,4.651348569998956,-2.018944003781733,1.726917370895439,0.014139744241239427
74.86,4.587652817450805,6.102936041808839,-1.98403852747399,5.517742821227484,4.648010541290929,-1.9910350993386634,1.7268108255343415,0.006996571864673395
74.9,4.589813560363977,6.102742070171422,-1.955706340339122,5.510360223846504,4.645639141788057,-1.9627914752652038,1.7235298383121165,0.007085134926081871
74.93,4.590203275257937,6.102863241826686,-1.9328580336487893,5.504201397567628,4.643913132099236,-1.932881574259848,1.7216062239256045,2.3540611058692207e-05
74.96000000000001,4.590174414180037,6.1026628324428085,-1.9106971299865056,5.498079419215763,4.644093734046762,-1.9012059665389487,1.7180556780747178,0.00949116344755696
75.0,4.590071923464737,6.102682412926843,-1.8725934750150406,5.492330047865876,4.646931639783402,-1.8615391995040185,1.7126821177777232,0.011054275511022116
75.03,4.590109538183029,6.102940591617774,-1.8404475652895986,5.492330047865876,4.646931639783402,-1.8615391995040185,1.7128817577154012,0.02109163421441984
75.06,4.587734341551016,6.103008752055776,-1.8076906007221352,5.4872493984976645,4.650566489226289,-1.8186748153846484,1.7084249660219122,0.010984214662513203
75.10000000000001,4.58977091009994,6.102580449404958,-1.7680563446370097,5.483091450850694,4.6544738253888776,-1.778034520340019,1.70148005661144,0.009978175703009295
75.13000000000001,4.590002249118759,6.102415369214482,-1.7419957124250605,5.4788828371978235,4.657642037676644,-1.7420162313261875,1.6963132609829845,2.0518901127086764e-05
75.16,4.590001210787933,6.102476351287017,-1.7247558532521725,5.473885130997506,4.661949934963026,-1.7083568048156865,1.690079033812408,0.016399048436485986
75.2,4.589953495355032,6.102464267527087,-1.686364651869425,5.468590095158763,4.665409908412454,-1.6804808246880356,1.6843774830972513,0.005883827181389467
75.23,4.589941961010838,6.102277501837804,-1.6681677527815648,5.468590095158763,4.665409908412454,-1.6804808246880356,1.684224161053863,0.012313071906470796
75.26,4.587654892756992,6.102756790675037,-1.6498379253907272,5.463095021287632,4.668164945638221,-1.6559766811553087,1.680609764486652,0.0061387557645815605
75.3,4.589647949028428,6.102400537675605,-1.628217739147752,5.4575345414908565,4.670449211536352,-1.6335973793773255,1.6744287795567812,0.005379640229573601
75.33,4.589907243299401,6.102213545190981,-1.6129897624195255,5.452425516818987,4.67204179588297,-1.6130103168636982,1.6701284395740172,2.0554444172704578e-05
75.36,4.590011100915992,6.102290557716958,-1.5981391883096974,5.447571566866049,4.673415231194142,-1.593503556216294,1.666461716183772,0.004635632093403341
75.4,4.590064066412101,6.1022272984825605,-1.5842388942162051,5.443102879138586,4.6742352834375405,-1.5756740177275363,1.663381018002234,0.008564876488668771
75.43,4.590119676656355,6.102235888096958,-1.5675000911313697,5.439039695909225,4.674545308236597,-1.5594311680200132,1.661013422856753,0.00806892311135643
75.46000000000001,4.587720267179179,6.1027608856207625,-1.5553238382999888,5.439039695909225,4.674545308236597,-1.5594311680200132,1.6626919453753408,0.004107329720024477
75.5,4.589696726500077,6.102398818570609,-1.5411180105029645,5.435276137966139,4.67443045343003,-1.5446461854049096,1.6595475868252616,0.0035281749019451247
75.53,4.590009341997572,6.102343782508708,-1.532324868408051,5.432130577573897,4.674415236003642,-1.53234552044148,1.6577539350979282,2.065203342893618e-05
75.56,4.590039048585691,6.1023386097557815,-1.523545784196056,5.429314995247874,4.674167064887484,-1.5205042492500194,1.6565198689473073,0.0030415349460366503
75.60000000000001,4.5900701657855345,6.102307843140857,-1.5153900151260018,5.42681402679272,4.673928609090811,-1.5107876333683303,1.6554176286359312,0.00460238175767147
75.63000000000001,4.590084576208242,6.102320261537846,-1.5063727531493176,5.424684306659221,4.673838680555257,-1.5022160196369816,1.6544232642450851,0.0041567335123360305
75.66,4.587650041488601,6.10277359738272,-1.5001296783121456,5.424684306659221,4.673838680555257,-1.5022160196369816,1.6560438875822183,0.002086341324835983
75.7,4.58912850832262,6.102513698382333,-1.49445098169572,5.42270738356394,4.673762453113886,-1.4944718215766346,1.6541414274797432,2.083988091450273e-05
75.73,4.589955660454288,6.102381757340517,-1.48864464675694,5.421266289385281,4.673729282936351,-1.4886649885170575,1.6529141703049162,2.034176011744826e-05
75.76,4.590016089758554,6.10233872397866,-1.4844892339342497,5.419945345124275,4.673849256474065,-1.4833422674673846,1.6520789108524636,0.0011469664668650736
75.8,4.590063372727343,6.102379724154238,-1.4811564042385366,5.418963086851767,4.6739635452199115,-1.479388242543496,1.6514985668528126,0.00176816169504046
75.83,4.590016340540312,6.102367252004056,-1.478447614142538,5.418963086851767,4.6739635452199115,-1.479388242543496,1.651511385905357,0.000940628400958099
75.86,4.5876896869835635,6.102797286518992,-1.4748754757091094,5.418093518920032,4.674088941410579,-1.4757628282633188,1.6525065989209218,0.000887352554209464
75.9,4.589685139760853,6.102443855778374,-1.4720631967334998,5.417443608104625,4.674204417201603,-1.4728847199331023,1.6507731448690692,0.0008215231996024919
75.93,4.589926185231714,6.102406267515468,-1.4703313903135657,5.417010391410002,4.674364114590408,-1.4703531566241017,1.6502644256725674,2.176631053596445e-05
75.96000000000001,4.5900225723161165,6.102356197008513,-1.4685401280238626,5.4169965462551595,4.674352328083096,-1.468248120127078,1.6501760521951874,0.00029200789678451855
76.0,4.5900815896964735,6.102305939501837,-1.467657218421466,5.417108370514211,4.674051826885449,-1.4673272997015216,1.6504190699320505,0.0003299187199443665
76.03,4.5900413711876835,6.102256711252695,-1.4671107268013304,5.417108370514211,4.674051826885449,-1.4673272997015216,1.650396622968383,0.00021657290019128084
76.06,4.587674862815579,6.102696840898062,-1.4669178619194279,5.4172889307090175,4.673610687035065,-1.4670045205767002,1.6524366059881488,8.665865727230937e-05
76.10000000000001,4.589658005622684,6.102320645730925,-1.4651781412482305,5.417463161251274,4.673510073022088,-1.4656099891660028,1.6512907158855554,0.0004318479177722878
76.13000000000001,4.58988516009095,6.102189341077658,-1.465041200867665,5.417768853061296,4.673035831182517,-1.4650624660690317,1.651626823447663,2.126520136669363e-05
76.16,4.589942308153936,6.102089842185206,-1.465014510164696,5.4179482758247595,4.672427155249692,-1.465432816092532,1.652128711969552,0.0004183059278359824
76.2,4.589904847576202,6.101912913815917,-1.466621166445699,5.417969830494347,4.672045926684265,-1.4670293389794713,1.6523350800682577,0.0004081725337723441
76.23,4.589871389552064,6.101826281006526,-1.467656546284912,5.417969830494347,4.672045926684265,-1.4670293389794713,1.6522768803977526,0.0006272073054407468
76.26,4.587548015517955,6.102181368969138,-1.4679228924745,5.417945038332334,4.6719783262601275,-1.467929868815156,1.6537956218569136,6.9763406560507946e-06
76.3,4.589518961978748,6.101760887590119,-1.4680064805009978,5.417760458925382,4.671980982514974,-1.4679705756721209,1.6523481940018248,3.5904828876942574e-05
76.33,4.589690790759999,6.101634560951744,-1.4688084028325021,5.41751118785715,4.6717125101370245,-1.4688290138381188,1.652260173597445,2.0611005616677502e-05
76.36,4.589814612037686,6.101575560894178,-1.4694420379139377,5.417345184301345,4.671510399165573,-1.4695565181634151,1.6522388492045812,0.0001144802494774666
76.4,4.58983427851184,6.10153339964123,-1.46990989521585,5.417261601950765,4.671484400813689,-1.4700517368763686,1.65217314910422,0.00014184166051856018
76.43,4.589844225934464,6.1015452729305215,-1.470209839599207,5.41721133086731,4.671608230975594,-1.4703910632338084,1.6520460860035857,0.0001812236346014906
76.46000000000001,4.587483528095851,6.10193817872757,-1.4704575183411694,5.41721133086731,4.671608230975594,-1.4703910632338084,1.6535694681893844,6.645510736102977e-05
76.5,4.5894847627410345,6.1015778795455535,-1.4707645828921088,5.417173792689442,4.671799819642504,-1.4706811085253495,1.6520697415294139,8.34743667592619e-05
76.53,4.589698576740799,6.101545925044974,-1.4708617218342424,5.417165621725678,4.672008741062412,-1.470835708573036,1.6517500630921127,2.6013261206436766e-05
76.56,4.589790388792041,6.1015510930269645,-1.4708154532455564,5.417145682483075,4.672105910898483,-1.4709526373037858,1.6516144558306896,0.00013718405822937818
76.60000000000001,4.589830814338953,6.101556611029896,-1.47120851366779,5.417057667235193,4.672107164193716,-1.4712688247411665,1.6515538099659002,6.031107337656216e-05
76.63000000000001,4.589826753496814,6.101555019567524,-1.4713924125616813,5.416994925316074,4.67206792538336,-1.4715310531757693,1.6515570038330196,0.00013864061408797035
76.66,4.58750494747324,6.102016763746949,-1.4715504803710868,5.416994925316074,4.67206792538336,-1.4715310531757693,1.6531204746415435,1.9427195317556212e-05
76.7,4.589503509648555,6.101642234501869,-1.471729788927691,5.416976309870189,4.672054615377229,-1.4717142343837315,1.6517965963946915,1.5554543959517275e-05
76.73,4.589720517377891,6.101607648813067,-1.4718327469667707,5.416980952019203,4.672060547449961,-1.4718531525005532,1.6516551521847984,2.040553378246379e-05
76.76,4.589826405122308,6.1015871627735745,-1.471908121317501,5.416994836886415,4.672071750173547,-1.4719701909543281,1.6515816447781562,6.206963682720001e-05
76.8,4.589841158104497,6.101585949817752,-1.4720652007658137,5.4170050782566355,4.672087205282363,-1.4720517260806674,1.651564958283417,1.347468514634187e-05
76.83,4.589841970960593,6.101587464285146,-1.4720569081171488,5.4170050782566355,4.672087205282363,-1.4720517260806674,1.6515658620111606,5.18203648147697e-06
76.86,4.587465973792423,6.102024752237584,-1.4721275353892787,5.417014392106524,4.6721059977374075,-1.4721048566597805,1.6531237772165652,2.267872949812677e-05
76.9,4.589497489961889,6.1016624485486055,-1.472108821549862,5.4170195015326215,4.672123069410577,-1.4721455992682595,1.6517794998547508,3.677771839760702e-05
76.93,4.589711883513076,6.101629423823686,-1.4721430032087865,5.417020779682398,4.67214087158983,-1.4721634154024827,1.6516287508543035,2.0412193696195402e-05
76.96000000000001,4.589827734503476,6.101616087492631,-1.4722090593938066,5.417023105783631,4.67215367767776,-1.472185737823224,1.6515492615544505,2.332157058271278e-05
77.0,4.589846446207912,6.101621164215665,-1.4721657059260917,5.417023889238114,4.672159050123801,-1.4722372568109294,1.6515400261216693,7.155088483767891e-05
77.03,4.58984904244355,6.101623199153751,-1.4722210509117208,5.417023889238114,4.672159050123801,-1.4722372568109294,1.6515404871003103,1.6205899208587837e-05
77.06,4.587477343904674,6.1020763244608,-1.47220705214123,5.417024379008548,4.672173078723341,-1.4722460303137361,1.6531096683584388,3.8978172506087816e-05
77.10000000000001,4.589281728808818,6.10012660358672,-1.470978263911669,5.417088588147886,4.67195086998042,-1.471414239408297,1.6507422943726566,0.0004359754966278828
77.13000000000001,4.589394851016968,6.098524266322498,-1.4701883744624227,5.417253209144765,4.670921810804702,-1.4702088472128134,1.6502721691049904,2.0472750390743144e-05
77.16,4.5890784389673485,6.096971008712745,-1.469739099565454,5.417425317626698,4.669350387877873,-1.4696866169818175,1.6505330013112838,5.248258363654834e-05
77.2,4.588471544809607,6.093412329900074,-1.4693394190841376,5.417822411644089,4.666847572038301,-1.469147465557578,1.6501241979597552,0.00019195352655954068
77.23,4.588228325576313,6.090293702620615,-1.4689365030437613,5.417822411644089,4.666847572038301,-1.469147465557578,1.6475512842726292,0.00021096251381669262
77.26,4.585013290727149,6.087755943344263,-1.4687587247370002,5.418297648672526,4.663425411386042,-1.4688199616690243,1.6501758347112068,6.123693202408909e-05
77.3,4.585989925599754,6.081920288598052,-1.4684066186739377,5.418728410614419,4.659255835145966,-1.468390209307005,1.648462171704478,1.6409366932812475e-05
77.33,4.585790539047303,6.0773198966854745,-1.4683726200497094,5.4193273088694625,4.653930243993973,-1.468393248089837,1.649491330694039,2.0628040127590452e-05
77.36,4.584582374757528,6.072906095538152,-1.4674090525788084,5.419950986256946,4.648332276713667,-1.4675554348020043,1.6514391549066054,0.00014638222319596217
77.4,4.5831956537886445,6.065511301397416,-1.4673533261714917,5.420739432678061,4.641601017719695,-1.4671014646342377,1.6519685461653115,0.0002518615372539834
77.43,4.582654992152311,6.059482572174366,-1.466647048151895,5.4215324712949,4.633985735895088,-1.4667581261208953,1.6540122899346468,0.0001110779690003394
77.46000000000001,4.578536966678262,6.0540390440908896,-1.4667272138820888,5.4215324712949,4.633985735895088,-1.4667581261208953,1.6514214540575949,3.091223880646865e-05
77.5,4.5787384569881855,6.044323850973044,-1.4666718009951665,5.4224348718867965,4.625422752244974,-1.466659964235795,1.6507888927674832,1.183675937155293e-05
77.53,4.578266385406061,6.036771486894562,-1.4663859052104533,5.4234456640513375,4.615917637458903,-1.4664063978559352,1.6532252340523599,2.049264548187324e-05
77.56,4.576139162702375,6.0294338917179005,-1.4666134848792656,5.424487656951553,4.605850930790497,-1.4665249574558592,1.6571914839081452,8.852742340637043e-05
77.60000000000001,4.573952142083281,6.018135301593671,-1.4661983787827222,5.425684752862176,4.5946283027648676,-1.4664282835144047,1.6588612407247383,0.00022990473168249537
77.63000000000001,4.573123998116059,6.009164671394958,-1.4663781455084803,5.426971305384944,4.582762752000187,-1.4664081305555103,1.6624312496411424,2.9985047030001155e-05
77.66,4.568157900403336,6.000856801609135,-1.4664328773406505,5.426971305384944,4.582762752000187,-1.4664081305555103,1.6578755074228007,2.4746785140195016e-05
77.7,4.567499921846789,5.987206231984622,-1.46629777394009,5.428314434948969,4.5700916585548015,-1.4663792542427485,1.6580757944661413,8.148030265853201e-05
77.73,4.566729236536763,5.9766831014338875,-1.4662737161295356,5.429853818988292,4.5562718468624155,-1.4662942566052666,1.6620927100933418,2.0540475730967955e-05
77.76,4.5636882485320776,5.96640951363384,-1.4663207555404767,5.4313273484092335,4.542149389161829,-1.4663763097445388,1.6677273487583841,5.5554204062113755e-05
77.8,4.560691733396924,5.951212197546695,-1.4665404177341388,5.432936327319628,4.5265401084566435,-1.4665673113697075,1.6704793303299492,2.6893635568736585e-05
77.83,4.5595588024853475,5.939249928901161,-1.4665265642425687,5.432936327319628,4.5265401084566435,-1.4665673113697075,1.6608845046137417,4.074712713886264e-05
77.86,4.553749473622866,5.928062458726197,-1.466496379625934,5.434610872628905,4.510575559524304,-1.4665360324920764,1.6688876276334113,3.965286614238117e-05
77.9,4.552234585214247,5.910477900002881,-1.4671800646681654,5.4363437778916195,4.493750580647916,-1.4669506003963988,1.6699596887300427,0.00022946427176662176
77.93,4.551143609906107,5.896977211964195,-1.466877754515171,5.438194848377793,4.475799664141711,-1.4668980598976884,1.675292667598376,2.030538251740488e-05
77.96000000000001,4.547197600559891,5.883773722754778,-1.4668542760892616,5.440117545267178,4.457712786313435,-1.4670501447428135,1.6825444487739474,0.00019586865355192273
78.0,4.543408261849461,5.864692373508226,-1.4675555833629732,5.442136131564958,4.438149539382857,-1.467485714953326,1.6860415894626668,6.9868409647178e-05
78.03,4.541964412654392,5.849782786713384,-1.4673241641051369,5.442136131564958,4.438149539382857,-1.467485714953326,1.674221475341698,0.00016155084818914034
78.06,4.535197243524104,5.835667070055419,-1.467240311883478,5.444234488088876,4.418149660570495,-1.4672931982672874,1.6839549632335074,5.2886383809402915e-05
78.10000000000001,4.5331294114426965,5.8156269529675715,-1.4673211566738635,5.446318623859255,4.398193474633591,-1.4673161984090812,1.6861293554101773,4.958264782306543e-06
78.13000000000001,4.531330820965269,5.805790145798358,-1.4674125538158669,5.448418221552226,4.378321083004869,-1.4674381851138927,1.696678291706434,2.5631298025796667e-05
78.16,4.527431835469613,5.786180461473856,-1.4676148878186568,5.450468067300163,4.358487648626164,-1.467698113586249,1.7000890132957445,8.32257675922321e-05
78.2,4.523432082422153,5.766598712696132,-1.4685223961190583,5.452484035005632,4.338434634749494,-1.4682662161465307,1.7037576600374666,0.0002561799725275815
78.23,4.521941460339588,5.751818361417547,-1.4681863299286082,5.452484035005632,4.338434634749494,-1.4682662161465307,1.6922065601090734,7.988621792254236e-05
78.26,4.5152842307243635,5.7377637020729955,-1.4681882504403563,5.454498984479752,4.318498766547669,-1.4681890614943252,1.701892273583585,8.110539688743756e-07
78.3,4.513115545438173,5.717685027139826,-1.4682444198233966,5.456541433900472,4.298605883095409,-1.4681934286060445,1.7040651466662633,5.099121735208101e-05
78.33,4.511819285513562,5.702865536778768,-1.4681731134815534,5.458586921931686,4.278723993526445,-1.468193519648996,1.7101310162048604,2.040616744247714e-05
78.36,4.507401738315493,5.6882167799571555,-1.4681785061432548,5.460633841194438,4.258833996513906,-1.4681823925190778,1.7180764195934322,3.886375822936827e-06
78.4,4.505922820887081,5.673444381656543,-1.4681640453029448,5.462697073768359,4.238945702065529,-1.4682059529955775,1.7242979535813672,4.190769263279215e-05
78.43,4.501927044449758,5.653852322055286,-1.4682121990047146,5.464781415258858,4.219059022691616,-1.468266425634288,1.7279237110720695,5.422662957355051e-05
78.46000000000001,4.495278874451562,5.639870730949397,-1.4682732344923157,5.464781415258858,4.219059022691616,-1.468266425634288,1.7200700819891603,6.808858027618214e-06
78.5,4.493091370993173,5.619735234802217,-1.4682290240473097,5.466843933126331,4.199193292276834,-1.4682365027652402,1.722246632377221,7.4787179304980356e-06
78.53,4.4917918615212225,5.6049112357938355,-1.4681627736594114,5.468890202308723,4.179329098769263,-1.4681832120058318,1.7282955756968288,2.0438346420403875e-05
78.56,4.487372664145166,5.590218809953,-1.4674494167551826,5.47089030603378,4.15983853559366,-1.467235869071575,1.7358844089346621,0.00021354768360759557
78.60000000000001,4.483382964095214,5.570637849463603,-1.4671179089247943,5.4729290498916106,4.140222005344241,-1.4672118413170407,1.7393363513198579,9.39323922464208e-05
78.63000000000001,4.481900740637518,5.5558558998782,-1.4671148887340775,5.47497606688599,4.1205393660090905,-1.4671572249104932,1.7453745030799386,4.233617641569154e-05
78.66,4.475284272795105,5.541940033452599,-1.4671305730753261,5.47497606688599,4.1205393660090905,-1.4671572249104932,1.7377466848138436,2.6651835167035287e-05
78.7,4.473070520548249,5.521777946638222,-1.4670066398747519,5.477049786905999,4.100797720425882,-1.4670013691092212,1.7398733202629209,5.270765530696053e-06
78.73,4.471766558290175,5.506932596962477,-1.4670886490119843,5.479091844981315,4.080917900255238,-1.4671091182462077,1.7459158480386234,2.0469234223385868e-05
78.76,4.467337985930585,5.492283538430195,-1.4671508571625564,5.481139033575762,4.060995788010263,-1.4671625845651493,1.753960429630215,1.1727402592809355e-05
78.8,4.463344578055612,5.472695145930806,-1.4672305179218093,5.483217267088908,4.041110643558895,-1.4671923331421401,1.7577185466585485,3.818477966910372e-05
78.83,4.461857758000944,5.457931941217568,-1.467182023224262,5.483217267088908,4.041110643558895,-1.4671923331421401,1.7465846204245628,1.0309917878092989e-05
78.86,4.4553044983161,5.444035816450788,-1.467229591198877,5.485286135141871,4.021219966718921,-1.4672114865402703,1.7564928449744706,1.8104658606743484e-05
78.9,4.453019854394935,5.423827904457331,-1.467231743967888,5.487354605280136,4.001326228182125,-1.467230726846304,1.7587948703286926,1.0171215838461478e-06
78.93,4.451195570389693,5.413967043873688,-1.4671978646774146,5.489423653534933,3.981431012243458,-1.4672459121034298,1.7692023724125876,4.80474260151631e-05
78.96000000000001,4.4472786169572585,5.394339334335658,-1.4672075501355282,5.491492351687145,3.961534180169818,-1.4672574897327781,1.7729390665227995,4.9939597249970546e-05
79.0,4.4432785101878585,5.374738812623932,-1.4672276228476888,5.493560679593883,3.9416358841314745,-1.4672661619850833,1.7767601523632515,3.8539137394488776e-05
79.03,4.441790511043747,5.359965404466408,-1.467249192103029,5.493560679593883,3.9416358841314745,-1.4672661619850833,1.765751714059908,1.696988205424077e-05
79.06,4.435283091325831,5.346104031760148,-1.467276368765518,5.495629146648454,3.9217360733752913,-1.467272500742475,1.7757133321321017,3.8680230429744e-06
79.10000000000001,4.432956268006674,5.325859081814018,-1.467242128816669,5.4977004712610915,3.901838163891223,-1.467299233710209,1.7780651824512974,5.710489354004977e-05
79.13000000000001,4.43164567493971,5.311025492650609,-1.467345839517088,5.499783607167802,3.881956715273051,-1.467366262945756,1.7841401886454697,2.0423428668037147e-05
79.16,4.42720565614568,5.296369615090818,-1.4674622107120308,5.5018557194461355,3.862060762348332,-1.4674023616168737,1.7922373290407547,5.9849095157105126e-05
79.2,4.423204542226755,5.2767731719407855,-1.4674108853962653,5.503931993122807,3.842165287080445,-1.4674335723939642,1.79612683472625,2.2686997698917466e-05
79.23,4.421714804344917,5.262004174041997,-1.4674213823454998,5.503931993122807,3.842165287080445,-1.4674335723939642,1.7852553062838208,1.2190048464422176e-05
79.26,4.4152880008639315,5.248218360739208,-1.4675068210564055,5.505983219773791,3.8222767339965285,-1.4675323668322156,1.7952508413674075,2.5545775810043025e-05
79.3,4.412890942014267,5.2278978390717326,-1.4680616412844285,5.508081785213066,3.8024295176191374,-1.4679636206531517,1.7976103355542257,9.802063127684058e-05
79.33,4.411562314671452,5.213065712683489,-1.468122347724354,5.5101158565768955,3.7826434831929396,-1.4681428470499032,1.8035874359325386,2.049932554926137e-05
79.36,4.40712991548497,5.198411287087682,-1.4682683123504656,5.512130729299579,3.762775947646253,-1.4681140192026911,1.811649973472816,0.00015429314777448688
79.4,4.40313444209004,5.178815512505234,-1.4680231997575999,5.514189392852404,3.742881133511362,-1.4680571849243336,1.8155854825345117,3.398516673369656e-05
79.43,4.401649843971557,5.164043668033898,-1.468001065980211,5.516256015533725,3.722998331219533,-1.467990542496024,1.821800916796042,1.0523484186952814e-05
79.46000000000001,4.395245651320323,5.15028462088544,-1.4680273820091125,5.516256015533725,3.722998331219533,-1.467990542496024,1.8148857785938304,3.683951308852684e-05
79.5,4.392840101884313,5.129962234304026,-1.4680134773427747,5.518327530320825,3.703121709020293,-1.4679606729068733,1.8173045523963756,5.280443590138795e-05
79.53,4.391514478544642,5.115120858540756,-1.4678398816566602,5.520382162672711,3.6832761265413034,-1.467860327398416,1.8233270646878619,2.0445741755859004e-05
79.56,4.38708262708788,5.100459346645932,-1.4678446569142751,5.522474061871368,3.6634685728714045,-1.467874349502491,1.8314082543476822,2.9692588215946003e-05
79.60000000000001,4.383086696552194,5.080863454277699,-1.4678602045704408,5.524533628740646,3.643648851114156,-1.4678357184293584,1.8353438137169202,2.4486141082302737e-05
79.63000000000001,4.381594248139297,5.066092259127766,-1.467814966010295,5.526560431012821,3.6240118335364215,-1.467406197379584,1.8413428561236713,0.00040876863071104275
79.66,4.37527277748415,5.052345457871248,-1.4671981356141193,5.526560431012821,3.6240118335364215,-1.467406197379584,1.8345572227578555,0.00020806176546472877
79.7,4.3748908463402,5.0370356437096895,-1.4672830878480936,5.528566426139199,3.604309426110646,-1.467303601629591,1.8394759465728867,2.0513781497477623e-05
79.73,4.371470776013729,5.017146732327243,-1.4674328479403365,5.53062530174927,3.5844560337017564,-1.4674533515263966,1.842889538865846,2.0503586060094392e-05
79.76,4.3670275374159955,5.0024974769971955,-1.4674785635145249,5.532679746550408,3.5645466811381765,-1.4675386413808076,1.8510666017114357,6.007786628270395e-05
79.8,4.363021975486485,4.982901239564034,-1.4675406774620086,5.534744655567189,3.544658557597874,-1.4675618228779772,1.855121573171074,2.1145415968648607e-05
79.83,4.361016296985202,4.973110823823795,-1.4676052231925658,5.534744655567189,3.544658557597874,-1.4675618228779772,1.8488142515205617,4.340031458860416e-05
79.86,4.354892940988604,4.9608165084981035,-1.4675595434356297,5.536806402215484,3.524768629332704,-1.4675799546109443,1.8598798189895889,2.0411175314594132e-05
79.9,4.352726003440381,4.934072427969129,-1.46760570905879,5.538867448507102,3.504875332888699,-1.4675992588707159,1.8572926167654116,6.450188074103025e-06
79.93,4.351390967860087,4.919218709811206,-1.4675946116815004,5.540929047227466,3.4849805158462503,-1.467615019355288,1.8633410957988588,2.0407673787525837e-05
79.96000000000001,4.346943329053232,4.904555542819422,-1.4676291133818866,5.542990284249847,3.465084053818941,-1.467627211455153,1.8715251766087344,1.9019267336606305e-06
80.0,4.342937875589763,4.884955979952866,-1.4676525276342285,5.545051135598129,3.4451860405952774,-1.467636338117646,1.8756368966742192,1.6189516582443275e-05
80.03,4.341445884960981,4.870183595484249,-1.4676195182862377,5.545051135598129,3.4451860405952774,-1.467636338117646,1.8652837936359337,1.681983140833232e-05
80.06,4.335200529536103,4.856575850637867,-1.4676733158445203,5.547111668129009,3.4252866061668916,-1.4676429693619686,1.875451281474368,3.034648255173522e-05
80.10000000000001,4.332643600762977,4.836114870722476,-1.4676707351521268,5.549172711257311,3.4053855145585814,-1.467647480049267,1.8780121318216472,2.3255102859831567e-05
80.13000000000001,4.331301847518098,4.821250692686352,-1.4676571695460108,5.5512313052038795,3.3854805656148796,-1.4676775621230513,1.8840551317624323,2.0392577040562188e-05
80.16,4.326850356971051,4.806580469150953,-1.4676728158113392,5.55329735513283,3.3655761535647644,-1.4676740252535634,1.8922646952363877,1.209442224148205e-06
80.2,4.325364250427734,4.791804901307385,-1.467669473028645,5.555368170568785,3.3456772527011998,-1.4677083896976821,1.8984717063010468,3.8916669037103446e-05
80.23,4.321348804848796,4.772211991392786,-1.4676985979092152,5.555368170568785,3.3456772527011998,-1.4677083896976821,1.8862145041500018,9.791788466939622e-06
80.26,4.315139417884079,4.75866520863626,-1.4684063924138,5.5573870247388895,3.3256254458175003,-1.4681757636153772,1.8965184097593546,0.00023062879842283834
80.3,4.314671843552646,4.743232535408114,-1.4680463228735625,5.559391925046547,3.3055990757563647,-1.4680667501087508,1.9016093304315798,2.0427235188247295e-05
80.33,4.311210928263308,4.723320879701943,-1.4684746056469644,5.561406592585147,3.2853881546666606,-1.468494989339293,1.905423764105118,2.0383692328485026e-05
80.36,4.3067643444863375,4.708658045925971,-1.4683784320415243,5.563421517657285,3.2653627280305226,-1.4683554990935384,1.9137106953614804,2.293294798594303e-05
80.4,4.3027574683346295,4.6890537766341795,-1.4681576750300502,5.565416806443962,3.245489859916125,-1.4682481814461887,1.9178595844756385,9.050641613850274e-05
80.43,4.30126179894073,4.674307431622347,-1.4681994074533862,5.567439817622571,3.225654111555693,-1.4681922481990464,1.924007072942616,7.159254339805798e-06
80.46000000000001,4.295135597504016,4.660801279839544,-1.468170270943088,5.567439817622571,3.225654111555693,-1.4681922481990464,1.9179169489747563,2.1977255958427477e-05
80.5,4.292497829009289,4.640246578284067,-1.4681202881054942,5.569507021246841,3.2057782565874766,-1.4681120263007517,1.9205342597856045,8.261804742559775e-06
80.53,4.2911522571474165,4.625375493724747,-1.4680383703563646,5.571581677136676,3.185904411319775,-1.468058837434813,1.9265452231012312,2.046707844827189e-05
80.56,4.286696823941811,4.610703905257428,-1.4678791269670863,5.5736394290194315,3.166064816954201,-1.4679393787731716,1.9347359934155233,6.025180608526526e-05
80.60000000000001,4.2826949775512215,4.591106190570936,-1.4679344605596762,5.575732083048126,3.146271086770861,-1.4679257176367235,1.938941317669203,8.742922952720278e-06
80.63000000000001,4.281205496539933,4.576348314336972,-1.4678447356760755,5.577790275355628,3.1265557131302995,-1.4676790112507767,1.9450014589120894,0.00016572442529882991
80.66,4.275117938097981,4.562860535845209,-1.4674915580561547,5.577790275355628,3.1265557131302995,-1.4676790112507767,1.9390530580699457,0.00018745319462198928
80.7,4.274586718474153,4.547386273780541,-1.4676080474552438,5.5798454656022125,3.1068043288750777,-1.4676284799631432,1.9439590368477206,2.0432507899403873e-05
80.73,4.271086491866612,4.52742570874994,-1.467548473246782,5.581911701250602,3.087040544835247,-1.4675686716561533,1.9475554292451185,2.019840937128592e-05
80.76,4.269131541171548,4.517580870945636,-1.4674330385096102,5.583977284759154,3.0672777299103817,-1.4674706922326566,1.957600196752945,3.765372304642689e-05
80.8,4.262626047634502,4.493152364731466,-1.4675362785410235,5.5860281832502015,3.0473873511395353,-1.4675303772488575,1.9600075732197235,5.901292166043959e-06
80.83,4.261135862622669,4.4783769625162115,-1.4675172857064658,5.5860281832502015,3.0473873511395353,-1.4675303772488575,1.9501463865889093,1.3091542391707733e-05
80.86,4.25518639347645,4.471716691468492,-1.4675289534180118,5.588092082136344,3.027496718700659,-1.4675493979969183,1.9653012249025403,2.0444578906486655e-05
80.9,4.252373239351619,4.444360284750188,-1.4675708078192697,5.590152475044106,3.0076047646513455,-1.4675560911902366,1.9631402670172275,1.4716629033184603e-05
80.93,4.2510156388688,4.429485925434537,-1.4675509100829058,5.592217871939058,2.98771595700669,-1.4675713489951705,1.9691429790274446,2.043891226466421e-05
80.96000000000001,4.246557102129426,4.4148140307687065,-1.467573896461019,5.5942827360774015,2.9678258526798067,-1.4675867121484798,1.9774071841503729,1.2815687460809855e-05
81.0,4.242551675022803,4.39521619768422,-1.467644846629259,5.596346248699911,2.947934001974031,-1.4676014665189023,1.9817632304938164,4.338011035676104e-05
81.03,4.241058425946668,4.380447361834619,-1.4675817736682166,5.596346248699911,2.947934001974031,-1.4676014665189023,1.9720293123283683,1.9692850685704144e-05
81.06,4.235040424021869,4.367026793715789,-1.4675791395641575,5.598407688327245,2.928039539073126,-1.4676131294350563,1.9822852005711875,3.398987089875405e-05
81.10000000000001,4.2322950660243865,4.346411929355266,-1.4676000823410644,5.600463850771508,2.908142509134906,-1.4676200246430338,1.9850704644161692,1.9942301969333442e-05
81.13000000000001,4.230935535760435,4.331534910644136,-1.4676175118758181,5.602527709473467,2.888249517125041,-1.4676379547874325,1.991064493715964,2.044291161440448e-05
81.16,4.2264751349970195,4.316859059272296,-1.4676941806231323,5.604586592294119,2.8683527887740996,-1.4676439304570932,1.9993402922979695,5.025016603910082e-05
81.2,4.2224680319405286,4.297257714306401,-1.4676769931767264,5.606647107046063,2.848456103673584,-1.467647613186508,2.0037409560450317,2.937999021845883e-05
81.23,4.220968333421242,4.282483499247965,-1.4676657067445442,5.606647107046063,2.848456103673584,-1.467647613186508,1.9941264340387825,1.8093558036280655e-05
81.26,4.215022610786107,4.269192068432278,-1.468056138875809,5.608641766165647,2.828393072766116,-1.4679109147534237,2.0045139301470076,0.00014522412238537896
81.3,4.212216883198144,4.248490623220432,-1.4681478965951826,5.610606700036166,2.8081789207914016,-1.468092207529149,2.007483967554981,5.568906603370394e-05
81.33,4.210865351842543,4.233605116815503,-1.4677589736447505,5.612622839937661,2.7881197847513297,-1.4677791773877578,2.0135421278541474,2.0203743007263242e-05
81.36,4.206399791280083,4.2189342692036895,-1.4677660148367895,5.614636241306986,2.7680446876077314,-1.4682320974768144,2.0219323621644887,0.00046608264002490074
81.4,4.202393129453694,4.199332884355295,-1.468265255692191,5.6166547050158,2.7481168608608293,-1.4681967541651475,2.026367131335904,6.85015270434075e-05
81.43,4.200898030581319,4.184564798666045,-1.4681482687806113,5.6186703350697575,2.728236028281451,-1.468140222424058,2.0324792237128433,8.046356553270684e-06
81.46000000000001,4.194992302818682,4.1712603611862145,-1.4680129754442657,5.6186703350697575,2.728236028281451,-1.468140222424058,2.0271108417818526,0.00012724697979238364
81.5,4.192162211462459,4.150532713043479,-1.4680229483868323,5.620710931917315,2.70835634274825,-1.4680676203865208,2.029932050525615,4.467199968849478e-05
81.53,4.1907990593843865,4.135644242827487,-1.468003235494982,5.622782967388459,2.688481364938349,-1.4680236810170155,2.0358925089313993,2.04455220336186e-05
81.56,4.186338078859348,4.120962531384551,-1.467967109817295,5.624863304965272,2.6686180535317807,-1.4679546976929607,2.0441769269054326,1.2412124334337804e-05
81.60000000000001,4.184850660373142,4.106190825067982,-1.4678781910298044,5.626920977271619,2.6487803937720673,-1.4678830056922965,2.0502711928254316,4.8146624920253345e-06
81.63000000000001,4.180844536712836,4.086600255013704,-1.4678740236970873,5.629016017557495,2.629018394030381,-1.4678056192009552,2.054688667267968,6.840449613210176e-05
81.66,4.175008635855848,4.073349154771289,-1.4677788583224882,5.629016017557495,2.629018394030381,-1.4678056192009552,2.0494459769570135,2.6760878466980387e-05
81.7,4.172118026906508,4.052589195481511,-1.4675504694022692,5.631042453480726,2.6093080207222927,-1.4675525853204487,2.05219907218312,2.1159181795571413e-06
81.73,4.1707534231527665,4.037694110469586,-1.4674112583280057,5.633129039511461,2.58960733352846,-1.467431775419464,2.0580324965539805,2.0517091458227554e-05
81.76,4.166281998784819,4.022982303888959,-1.467334487559457,5.635215251517499,2.5700046265412055,-1.466885244180864,2.0661338368689197,0.00044924337859297836
81.8,4.1622748860273955,4.003377610112791,-1.4669474016651332,5.637230496902806,2.5502234123311323,-1.4669971606175176,2.070543691058779,4.975895238445993e-05
81.83,4.1607823447557495,3.988597578194096,-1.4670575201599092,5.637230496902806,2.5502234123311323,-1.4669971606175176,2.061266452208553,6.035954239158592e-05
81.86,4.155014147268102,3.9753705590091633,-1.467187400356573,5.639243798726143,2.530312751575965,-1.4671346880457032,2.0715042179756473,5.271231086978467e-05
81.9,4.154299187550414,3.959749316463975,-1.4671470731777585,5.641320820688476,2.5104284422437977,-1.4671674839277435,2.0764788305857893,2.0410749985044774e-05
81.93,4.150683701796781,3.9397193274456654,-1.4671672360281311,5.6433912060859095,2.4905409690058584,-1.4671876480669035,2.0804551444170514,2.0412038772343877e-05
81.96000000000001,4.146205089687727,3.925037078871822,-1.4671638846727144,5.645459678509561,2.470648129170694,-1.4672100410884477,2.0887823101309717,4.6156415733245026e-05
82.0,4.142195700604664,3.9054370376257195,-1.4672322469859007,5.64752817883575,2.450752931824621,-1.4672282282241285,2.093354178749426,4.018761772250912e-06
82.03,4.140704375851566,3.890666562752631,-1.4672152994252858,5.64752817883575,2.450752931824621,-1.4672282282241285,2.0841951054956454,1.2928798842626321e-05
82.06,4.134974904330744,3.8774807226215975,-1.4672963700764599,5.649596424902101,2.4308555703141836,-1.4672422479501777,2.094469546655271,5.41221262821967e-05
82.10000000000001,4.132193805674865,3.858192768428923,-1.4661319284167411,5.651546206689533,2.411630785250977,-1.4664659936991418,2.097849682328252,0.0003340652824006529
82.13000000000001,4.130452204560015,3.8493228806938333,-1.465627062008594,5.653311608999986,2.393420105371403,-1.4658252766318773,2.106834985679424,0.0001982146232832882
82.16,4.129140503603054,3.83610371006084,-1.4658081676703136,5.655154060053009,2.3756499975225585,-1.465689765704593,2.1122600268281104,0.00011840196572054928
82.2,4.123482322876972,3.815604463908035,-1.464532534858591,5.656646773606596,2.358980995792158,-1.4642330451135155,2.1147919899713528,0.0002994897450754319
82.23,4.1222331537665164,3.803896134974236,-1.4637016496287707,5.656646773606596,2.358980995792158,-1.4642330451135155,2.1076538890881253,0.0005313954847447899
82.26,4.117545213110546,3.800081537614809,-1.4635138537670418,5.658186613632234,2.3427442032590005,-1.4635341605795544,2.120709322634463,2.0306812512638217e-05
82.3,4.115437239850078,3.7783503281374156,-1.4623671634004103,5.659714057653046,2.327107731137825,-1.4626645781760246,2.119173415591508,0.00029741477561429086
82.33,4.1141001056336695,3.771442777427617,-1.461263498322714,5.661097552815068,2.312319217858083,-1.4609572084428408,2.1265565272704676,0.00030628987987313394
82.36,4.11132023437514,3.7577167516886223,-1.4601731454213633,5.6627200099092345,2.2978721352819695,-1.4599966220624712,2.1302552822557974,0.00017652335889217774
82.4,4.108739480569285,3.745521319214005,-1.4588700221073432,5.664246909274366,2.2840824975468457,-1.4586035651819478,2.134339895666243,0.00026645692539539745
82.43,4.107817298953975,3.736723397498476,-1.4581920857207473,5.665594609046392,2.2709598016530554,-1.4582215394165379,2.138956069381618,2.9453695790548906e-05
82.46000000000001,4.103901643584539,3.729511713108695,-1.4582486604236866,5.665594609046392,2.2709598016530554,-1.4582215394165379,2.136880576163285,2.712100714874488e-05
82.5,4.102658696130549,3.717926660350493,-1.45820070434321,5.666919235159134,2.2587225302372316,-1.4582221033282352,2.139202591458228,2.1398985025289363e-05
82.53,4.101979293260085,3.710462560936391,-1.4589751298380231,5.668045393292427,2.2476426025791354,-1.4589955441766886,2.1429897947117795,2.041433866550868e-05
82.56,4.0996959637103325,3.703029398383179,-1.4596598944615993,5.669204090399192,2.237287824700348,-1.4596886975234173,2.1474995042059017,2.880306181807235e-05
82.60000000000001,4.097894305342626,3.6946789942375537,-1.4601943568356262,5.670384640489844,2.2283137150241012,-1.4603674794596733,2.1501053430504644,0.0001731226240471173
82.63000000000001,4.0972673235103345,3.688875590265486,-1.4610062618687967,5.671372895275143,2.22002411736473,-1.4612113064758674,2.152982350253651,0.0002050446070707146
82.66,4.094282158334751,3.684508252717085,-1.4613845792329652,5.671372895275143,2.22002411736473,-1.4612113064758674,2.1521916678683435,0.00017327275709777545
82.7,4.0938335131991925,3.676835441400355,-1.4617455912817485,5.672245201484231,2.2125178674558175,-1.4615965354248361,2.153046542710501,0.00014905585691238343
82.73,4.09347451906831,3.6723518171325953,-1.4628388417698184,5.673128855922739,2.205914146616142,-1.4628593537295072,2.1553995605113987,2.051195968877373e-05
82.76,4.092123601869274,3.6679140392941827,-1.4632179740670561,5.673950270382093,2.1998912046804273,-1.4632709356040483,2.158070122161411,5.296153699219097e-05
82.8,4.09113126744738,3.6635022759300107,-1.4645862380751176,5.674891962485798,2.1947472460837143,-1.465145089132575,2.159985943668933,0.0005588510574574546
82.83,4.090831723254035,3.6606098798546594,-1.4661502799123387,5.674891962485798,2.1947472460837143,-1.465145089132575,2.158240047492605,0.0010051907797636872
82.86,4.088823477827481,3.659324483682038,-1.467329623438588,5.675841720331814,2.190275880238948,-1.4668680019336084,2.1625750163450133,0.0004616215049795258
82.9,4.089123541822288,3.655555888023921,-1.4692556510471872,5.6767722273863965,2.1864773807233413,-1.4686175007209348,2.163058022658186,0.0006381503262524735
82.93,4.089055028568927,3.6540127190211864,-1.4713895975173092,5.677776696828503,2.1835176219360077,-1.4714099097524738,2.1648076980990805,2.0312235164521297e-05
82.96000000000001,4.08861343762653,3.6525380352550414,-1.4735218129732577,5.678766162443189,2.1809741819794097,-1.4738486141106835,2.166583915409064,0.00032680113742578065
83.0,4.088424699057609,3.6520669231171117,-1.4764718600513014,5.6797340773861364,2.179435531050208,-1.4772314602271897,2.168157917324573,0.0007596001758882753
83.03,4.088387438141996,3.6521730817211693,-1.4788521762738491,5.6797340773861364,2.179435531050208,-1.4772314602271897,2.1682573692691385,0.001620716046659476
83.06,4.087282383960134,3.6537753154352313,-1.4808025943341108,5.680643582295046,2.1785628078484165,-1.4801725770700667,2.1714170145091534,0.0006300172640441026
83.10000000000001,4.088178920713707,3.6524502506183962,-1.4822319374186288,5.68128476020106,2.1780784436203575,-1.4818893974030447,2.170658527055641,0.00034254001558409186
83.13000000000001,4.088209230761542,3.65236943589579,-1.4830310886087703,5.681421365097151,2.17759755135465,-1.483051586886116,2.1710082948775784,2.0498277345737392e-05
83.16,4.088313572470609,3.6522548773535553,-1.4832560523588671,5.681418782492738,2.1774836602199676,-1.4831921569963444,2.170929375425496,6.389536252271455e-05
83.2,4.088338410253821,3.652247199492712,-1.4830593144219286,5.681406676474613,2.1775007377847126,-1.4830536866467874,2.1708854477286414,5.627775141237024e-06
83.23,4.088342478525186,3.6522618736762262,-1.4829677518820523,5.681406676474613,2.1775007377847126,-1.4830536866467874,2.1708924309426942,8.593476473506279e-05
83.26,4.087297398445062,3.6537793012088784,-1.482947165463242,5.681396154864267,2.177514663438333,-1.4829298275481708,2.172673037055749,1.7337915071191645e-05
83.3,4.0882093430914885,3.652471114571183,-1.4827676282904905,5.6813885318812085,2.1775178123001186,-1.4828243847368092,2.1711073606510083,5.6756446318750875e-05
83.33,4.088305266732966,3.6523388026381536,-1.4827058030600686,5.6813786710259855,2.1775318135784807,-1.4827261061189076,2.170930336617232,2.030305883904404e-05
83.36,4.088359479584589,3.6522738697040484,-1.4827107172818512,5.681371692403488,2.1775515158660066,-1.4826373992007946,2.1708279367789105,7.331808105659476e-05
83.4,4.088369172631577,3.652272744668764,-1.4825529063910687,5.681336339143688,2.1775439782057635,-1.4825163417985017,2.1707992371979286,3.656459256706768e-05
83.43,4.088364903739496,3.6522726619429418,-1.4824284760610305,5.6813068128163495,2.1775497903803753,-1.482392282184961,2.170776698235715,3.6193876069345876e-05
83.46000000000001,4.085488726235801,3.65635946971086,-1.48237181256191,5.6813068128163495,2.1775497903803753,-1.482392282184961,2.1756639062913954,2.0469623051022623e-05
83.5,4.088214133026501,3.652510389692984,-1.482295105402052,5.681305628408547,2.177567569670578,-1.4823091819821685,2.171035889844811,1.4076580116650916e-05
83.53,4.088316511078773,3.652370896804345,-1.4822185218325032,5.681324635805531,2.1775691316807713,-1.482239020780777,2.1708788846587157,2.0498948273717232e-05
83.56,4.0883668445029535,3.6522966794577045,-1.482223594390567,5.681336549468048,2.1775657244120037,-1.4821905119449934,2.170802586765223,3.308244557365114e-05
83.60000000000001,4.088373235905222,3.652285320727232,-1.4822547108123416,5.681339670105645,2.1775561191079174,-1.4821773381179653,2.1707989954387648,7.737269437635419e-05
83.63000000000001,4.088372538068341,3.652282891736317,-1.4821522263116735,5.681339875953377,2.1775510943516307,-1.4821673962417306,2.1708014220066296,1.5169930057012948e-05
83.66,4.087315373320024,3.6538280887623245,-1.482204807281857,5.681339875953377,2.1775510943516307,-1.4821673962417306,2.1726269535338503,3.7411040126444917e-05
83.7,4.088219493493652,3.6525086345956685,-1.482124048908711,5.68134033933583,2.1775487335781283,-1.4821585350780349,2.1710690313913488,3.448616932377746e-05
83.73,4.088314208356888,3.6523695890188144,-1.4821310319693568,5.681340839686958,2.177546993583278,-1.4821514850243114,2.170906616170775,2.045305495457228e-05
83.76,4.088365285343994,3.6522967358903866,-1.482235309912886,5.68134647597752,2.177531645159643,-1.4819983859754746,2.1708342052193355,0.00023692393741137074
83.8,4.088373964855057,3.6522810321654733,-1.4814517256754514,5.681445909823004,2.1774186694459297,-1.4809745447455924,2.1709668838585796,0.00047718092985893357
83.83,4.088395466172408,3.6522632231217367,-1.480209949717675,5.681445909823004,2.1774186694459297,-1.4809745447455924,2.170939007324377,0.0007645950279173697
83.86,4.087296853375589,3.653859642912548,-1.4790335159109982,5.68165113484682,2.1771150874725396,-1.479443259762733,2.173186613447486,0.00040974385173475625
83.9,4.088214469675385,3.652495043499106,-1.477286873828379,5.681762007607363,2.176592772038298,-1.477612157960888,2.172022391816494,0.000325284132508985
83.93,4.088303596655383,3.652313764136342,-1.4754752966103903,5.68184330825351,2.175850051379574,-1.475495611129212,2.1723981926727296,2.0314518821562544e-05
83.96000000000001,4.088368857634654,3.6522789087405085,-1.4735139657996077,5.682036125351627,2.174961538537691,-1.4725907275098635,2.1730720127265575,0.000923238289744166
84.0,4.088385127536213,3.6522743186261355,-1.470256151690865,5.682420504898905,2.174013632212679,-1.469290385197363,2.1739833120977274,0.000965766493501885
84.03,4.088424700168158,3.6522767108477185,-1.4673657441594996,5.682420504898905,2.174013632212679,-1.469290385197363,2.1739559230018366,0.0019246410378634948
84.06,4.087277562282771,3.6538483772311445,-1.4639769581426116,5.682925313726035,2.1730227454981175,-1.465116477289157,2.176909804811275,0.0011395191465453092
84.10000000000001,4.088211190030249,3.652507484049379,-1.4590770817031224,5.683302537637761,2.17185787791579,-1.460245163669915,2.176382242014464,0.0011680819667925224
84.13000000000001,4.088307029182804,3.652366519633408,-1.4550593276047188,5.683603450321247,2.1706748438812364,-1.4550800084398676,2.17724157899173,2.068083514883412e-05
84.16,4.088350458606079,3.6522999428742073,-1.4507623310581346,5.683996888170685,2.169351114656323,-1.4489844017483642,2.1783536800288132,0.0017779293097703874
84.2,4.088367982646181,3.652280337949069,-1.4432352784414466,5.684153160957696,2.1679150909292786,-1.4412652528800791,2.179419767249723,0.0019700255613674944
84.23,4.088339615410226,3.652228100639165,-1.4370913884879635,5.684153160957696,2.1679150909292786,-1.4412652528800791,2.17940496075117,0.004173864392115645
84.26,4.087317923773037,3.6538449692399553,-1.431312361941222,5.684241323113972,2.166205813209388,-1.433297739035262,2.182483585715582,0.0019853770940398974
84.3,4.088265962536947,3.652491685239162,-1.4225187324055417,5.685258739138878,2.1637156766724543,-1.4248015553774223,2.1833093991009527,0.002282822971880538
84.33,4.088548266030239,3.6522678270843674,-1.4141018311327025,5.687396381450111,2.1605000453663683,-1.4141220578880442,2.186706750058982,2.0226755341745672e-05
84.36,4.088429293085248,3.652352972212255,-1.405447027888182,5.68998448148164,2.157246582404745,-1.4017302677612367,2.1909637464647034,0.0037167601269454398
84.4,4.088420219703304,3.652450640274499,-1.3906894660944034,5.693076871578745,2.1538257797359406,-1.3865867127894553,2.19563190062276,0.004102753304948026
84.43,4.088347116341507,3.6526522721595955,-1.3776021207829225,5.697197466820309,2.149891983606055,-1.3676048038756592,2.2015194605293145,0.009997316907263354
84.46000000000001,4.0855864205628185,3.6569121762042087,-1.3675830120472856,5.697197466820309,2.149891983606055,-1.3676048038756592,2.2064451104248524,2.1791828373585176e-05
84.5,4.0882132472310655,3.6533878371040593,-1.3377528419531133,5.704879948936984,2.143994763678349,-1.3441319561251945,2.2117591809485506,0.006379114172081257
84.53,4.088340613832454,3.6533486264954806,-1.3137257618876674,5.7114797884839135,2.139802217409593,-1.3137417210873945,2.219325012868779,1.5959199727078044e-05
84.56,4.087993906295833,3.652954505610563,-1.285662850233097,5.707545961270536,2.1409143975158402,-1.2823332468624553,2.215674648331718,0.0033296033706415873
84.60000000000001,4.087575253873247,3.652979704374167,-1.2711122256001928,5.700158586200386,2.1442195667239625,-1.2627857932535171,2.2083437587163743,0.008326432346675627
84.63000000000001,4.087121296277042,3.6535754830247247,-1.251632533902993,5.6920834124198,2.1460230087293977,-1.243561298784136,2.2019577327931166,0.00807123511885699
84.66,4.086301841005196,3.6557488993905336,-1.2394832552017037,5.6920834124198,2.1460230087293977,-1.243561298784136,2.204043266369178,0.004078043582432356
84.7,4.086924069417124,3.6561181747027947,-1.2268433994999077,5.688223565123888,2.1496725534716967,-1.2268713841815502,2.198530983333436,2.7984681642445608e-05
84.73,4.086509054698252,3.658122848152874,-1.2210086897726562,5.688730271318529,2.1515930899359987,-1.2210360401893978,2.1992600436012926,2.7350416741622752e-05
84.76,4.085094194533204,3.6595848165218303,-1.2138364623009765,5.690235742080522,2.153597325928941,-1.2053361873679478,2.2010174259839164,0.00850027493302874
84.8,4.084004612806169,3.661074899118968,-1.190098055785423,5.688484817340376,2.1572807439429615,-1.1860593274859634,2.19903469456115,0.004038728299459615
84.83,4.08269320350641,3.6622592730042896,-1.1781409559200229,5.688484817340376,2.1572807439429615,-1.1860593274859634,2.200801463102724,0.007918371565940552
84.86,4.081240114580848,3.6645110219059953,-1.167638283858941,5.683189236280692,2.162142574897078,-1.1711627476385542,2.19621309054538,0.0035244637796132405
84.9,4.081116867299048,3.6647465977870306,-1.1544306078983377,5.675768756683058,2.1674214428844416,-1.1577804201330875,2.187440803272183,0.0033498122347497272
84.93,4.080252930761833,3.6660723057281888,-1.1420337710141666,5.667446400404517,2.1723894330788998,-1.1420184095123613,2.1795117880209354,1.536150180525553e-05
84.96000000000001,4.079258008466776,3.6675368226145904,-1.1277699928864495,5.659548758299565,2.1766233910879786,-1.1213084579510022,2.172588712645248,0.006461534935447322
85.0,4.077404479253901,3.6699767331535225,-1.1054099028108006,5.6527519036323435,2.17902083655073,-1.1015329395939175,2.169024894534507,0.0038769632168831336
85.03,4.076734557514374,3.671130333331299,-1.094779297284966,5.6527519036323435,2.17902083655073,-1.1015329395939175,2.1703044545979004,0.006753642308951591
85.06,4.0755911918184005,3.672343740077797,-1.0903975326441993,5.650511996325414,2.1810968432582682,-1.091965266611372,2.1689151315214925,0.0015677339671726909
85.10000000000001,4.076953581308117,3.670604954427308,-1.1056602555955601,5.65202896351987,2.1861221459505846,-1.1027381703479187,2.1643825143242217,0.0029220852476414816
85.13000000000001,4.077099531685923,3.6704006644809493,-1.1040215296067288,5.650410485263087,2.190298724447943,-1.1040117182676856,2.16009469920542,9.811339043208633e-06
85.16,4.076805608568139,3.670354394005289,-1.0973555451170642,5.6465902137002475,2.193056327403583,-1.0940906610970975,2.1556050853750803,0.0032648840199667184
85.2,4.0767259757014145,3.6704225450880053,-1.0855970842809244,5.643023104423145,2.1973270611748537,-1.0824884444136798,2.1501853408874454,0.0031086398672446336
85.23,4.076761149701104,3.6707061149098097,-1.0763533517945478,5.643023104423145,2.1973270611748537,-1.0824884444136798,2.1503540049942065,0.006135092619131921
85.26,4.0757588809933525,3.672074217572751,-1.066527799597046,5.639488469858242,2.2028726697977996,-1.0698063405286444,2.145647551457571,0.003278540931598517
85.3,4.076597671251744,3.6706573057586933,-1.0530059017182922,5.634981558955687,2.2075724383665705,-1.0564190296704994,2.1375634892669453,0.0034131279522071623
85.33,4.076628258899776,3.6705285701824995,-1.041528685095917,5.630201879702582,2.2127295106595577,-1.0415487277123734,2.1304387090926404,2.0042616456494855e-05
85.36,4.07675030307463,3.6704471292622936,-1.0294454649029983,5.624953907010039,2.2179415874886357,-1.0247598272774336,2.122900550690441,0.00468563762556462
85.4,4.07675018112365,3.670429575775288,-1.0109456795985996,5.619202696236545,2.2233552912057184,-1.0056911584125434,2.1149902473630053,0.0052545211860561825
85.43,4.076664722809924,3.670458340122079,-0.9951972405775003,5.612859100271218,2.228963027270867,-0.9840670200384943,2.106609100501492,0.01113022053900592
85.46000000000001,4.075658684295293,3.671956429205659,-0.9785170090462069,5.612859100271218,2.228963027270867,-0.9840670200384943,2.1083678703926174,0.0055500109922874685
85.5,4.076623149893849,3.670624402179111,-0.9549295446800786,5.606014757920559,2.2345911201977824,-0.9607286106558582,2.0979109317748916,0.005799065975779616
85.53,4.0765620221790595,3.6705083477505385,-0.936913979737748,5.598312164149492,2.240323873890492,-0.9369344560256606,2.0883369277627044,2.0476287912574165e-05
85.56,4.076742896987179,3.670420656910652,-0.9191562222886884,5.59048547342982,2.2457417817573853,-0.9133234811792098,2.0787319416036265,0.005832741109478623
85.60000000000001,4.076830158660488,3.6703667728688973,-0.8955988086932914,5.583095076316083,2.2505954346193295,-0.8893980604876026,2.0699238283267785,0.006200748205688833
85.63000000000001,4.076900793109563,3.670271666151512,-0.8768712757185728,5.576004186542364,2.2549522094289096,-0.8640053788892593,2.0616595618043494,0.012865896829313495
85.66,4.075729676427609,3.671831903198904,-0.8576371423983368,5.576004186542364,2.2549522094289096,-0.8640053788892593,2.063582242683296,0.006368236490922552
85.7,4.076760350845852,3.670547458556094,-0.8328398042416391,5.5702108896101095,2.2587674685300776,-0.8389664247937059,2.055119765846533,0.006126620552066808
85.73,4.077236612069697,3.670333699160949,-0.8156825862248027,5.56662079327971,2.2618670452668623,-0.8157029490538878,2.0498886687745324,2.0362829085129874e-05
85.76,4.077053364997042,3.6703270131186385,-0.7974554873527433,5.563842966059701,2.264398281060707,-0.7909179939489458,2.0462597385117274,0.006537493403797501
85.8,4.077040758159144,3.6703053061842077,-0.7729068536926835,5.564274039312686,2.2665081307509527,-0.767121588689709,2.0451184176778407,0.005785265002974493
85.83,4.077372073584193,3.670283588790367,-0.7554617939767705,5.564274039312686,2.2665081307509527,-0.767121588689709,2.0448625851829316,0.011659794712938543
85.86,4.074262864020657,3.674186574091487,-0.7437923433887712,5.564318448087667,2.267680401486698,-0.7438133985221979,2.0490303211969927,2.1055133426650663e-05
85.9,4.076415306066843,3.6706421199087673,-0.7161731092674519,5.564425137157171,2.268304699230604,-0.7215657063610768,2.044681759799248,0.005392597093624829
85.93,4.076439087286353,3.670563130764576,-0.7024270783605053,5.564672650757789,2.2691224470522147,-0.702448366470878,2.0442297154202262,2.128811037271916e-05
85.96000000000001,4.076405191281399,3.6705290843116463,-0.6894931232368385,5.565137454781374,2.2698205271383127,-0.6855729570952476,2.0440910484918136,0.003920166141590964
86.0,4.0764462042783185,3.6704951410853743,-0.6740959275484273,5.565423261523707,2.270674237078366,-0.6707663353064297,2.043661234230892,0.003329592241997581
86.03,4.076322111322194,3.670425979229857,-0.6637354061868965,5.565423261523707,2.270674237078366,-0.6707663353064297,2.0437042778219165,0.00703092911953318
86.06,4.075228304489544,3.6719355029763965,-0.6538484549442498,5.563965612275309,2.270709334512547,-0.6571862220751178,2.0444494483310387,0.0033377671308679746
86.10000000000001,4.076117544647147,3.670715068764888,-0.6447186820956249,5.562841239121017,2.2705718192776057,-0.6470228494353879,2.042241039347422,0.002304167339763019
86.13000000000001,4.076165127511805,3.6706513027490995,-0.6399406414905515,5.561844500623182,2.2708210498865036,-0.6399651560471977,2.041266258114794,2.451455664620461e-05
86.16,4.076119120871319,3.670602396969203,-0.635910862367714,5.560867211670389,2.271339633704795,-0.6351648920947147,2.0401992975662524,0.0007459702729992745
86.2,4.075900475687258,3.67064214179381,-0.6332768835660167,5.560031152373822,2.271817406472831,-0.6331753301312336,2.03944955947136,0.00010155343478313039
86.23,4.075735287728619,3.670680674586148,-0.6328858056753802,5.560031152373822,2.271817406472831,-0.6331753301312336,2.0395961994177974,0.00028952445585339603
86.26,4.074423387006088,3.6721765057134306,-0.6328460192967236,5.559254582349328,2.2722796199795874,-0.6328764131016655,2.040694727133813,3.0393804941963865e-05
86.3,4.0751628962714435,3.670942293314088,-0.6335376095117882,5.558737526006158,2.272703330056018,-0.6334380080337632,2.0386431468909647,9.960147802501318e-05
86.33,4.07516674772384,3.670894584705037,-0.6345071014540236,5.558392692702129,2.2732411528597285,-0.6345292920819076,2.0379878113977297,2.2190627884000058e-05
86.36,4.074998927468768,3.67081864050192,-0.6355269890673498,5.558137113989676,2.2739721696206816,-0.6359100970907644,2.037370595529909,0.00038310802341456895
86.4,4.074765854096834,3.670852499304525,-0.6373986891441165,5.557965772794666,2.274757869045336,-0.6378749754338259,2.0369001486238334,0.00047628628970941556
86.43,4.074602526812677,3.670916986479873,-0.638737338495226,5.5577137580198395,2.275429229949093,-0.639139462757497,2.0364196529105034,0.0004021242622710419
86.46000000000001,4.073270653002311,3.6723706186565064,-0.6394237786522622,5.5577137580198395,2.275429229949093,-0.639139462757497,2.0383857769121816,0.0002843158947651858
86.5,4.073766153996596,3.6713857196431245,-0.6390681175605244,5.55678290024936,2.2754013453576563,-0.6390910236769514,2.036691199695065,2.290611642696838e-05
86.53,4.073914750096799,3.6710418423832736,-0.6405689290363248,5.555526159264712,2.275765255531288,-0.6405952456828654,2.0351828226461266,2.6316646540625044e-05
86.56,4.073833509660338,3.670987105037509,-0.6418215367379569,5.554385479039811,2.2761658828667777,-0.6422798898101763,2.0340994016643554,0.00045835307221930854
86.60000000000001,4.073540393113997,3.671015832204053,-0.6416867054793141,5.5542647451938505,2.2761990456067243,-0.6411052350938485,2.0342218352519965,0.0005814703854655212
86.63000000000001,4.07356429114237,3.67103909036487,-0.6407154520782368,5.5544665514747,2.2764711913241937,-0.6410777842897837,2.0341807023202563,0.00036233221154691186
86.66,4.070531479928195,3.675050584416956,-0.6410533736198492,5.5544665514747,2.2764711913241937,-0.6410777842897837,2.0391389396873993,2.4410669934527007e-05
86.7,4.072877272485179,3.671338832873233,-0.6437577919051782,5.554552499983335,2.2771055949868795,-0.6431525711884937,2.0345141438212653,0.0006052207166845625
86.73,4.072832307159279,3.6712234294487516,-0.6440672992618306,5.554473811981861,2.2776299552541626,-0.644086796971342,2.0340512088270217,1.949770951137353e-05
86.76,4.0727081051838425,3.671111044269253,-0.6442823075485022,5.553826263481118,2.277545500121184,-0.644581334335701,2.0336508856425226,0.00029902678719873066
86.8,4.0724766296852675,3.671062081848758,-0.6454195023194393,5.552915170872942,2.277337972362467,-0.6463499455133561,2.0332646575390143,0.0009304431939167745
86.83,4.072377813706846,3.6711151087457976,-0.647073244967467,5.552915170872942,2.277337972362467,-0.6463499455133561,2.0333729544452206,0.0007232994541108706
86.86,4.071116653795697,3.672700518266449,-0.6474350931471352,5.552164743516627,2.2772136846879896,-0.6473435095476855,2.034916938539962,9.158359944971828e-05
86.9,4.072042892880914,3.6714118918918395,-0.6463334691899728,5.552430549189714,2.2770334194298982,-0.6464867515900771,2.033676212531572,0.00015328240010425986
86.93,4.072153683220567,3.671359942245675,-0.6473010544180093,5.552771797375061,2.2772963591398496,-0.6473228880917485,2.0336281060469887,2.1833673739202197e-05
86.96000000000001,4.07201416669128,3.6712636610710354,-0.6485973484373497,5.552980578393812,2.2778849927488203,-0.648981340199546,2.03341231085249,0.0003839917621962785
87.0,4.0718702493865475,3.671272978840742,-0.6487697310966412,5.552615542146546,2.2782623791402106,-0.6490458337250912,2.0329990538386697,0.00027610262845001454
87.03,4.071678009331941,3.67121061322924,-0.6494297328850269,5.552615542146546,2.2782623791402106,-0.6490458337250912,2.033096347680246,0.0003838991599357522
87.06,4.070493661794259,3.6726916110960235,-0.6504070649396079,5.551830209069452,2.2781794731319676,-0.6501156378877131,2.034458667366401,0.000291427051894777
87.10000000000001,4.0713358215916795,3.6714653386330864,-0.6516259504167556,5.551088333956177,2.278020471168914,-0.6513021207708852,2.0325737616409616,0.0003238296458704104
87.13000000000001,4.071444313707891,3.671356136108072,-0.6511254312014829,5.551054766938602,2.2778225026115226,-0.6511499182801463,2.0325312004974694,2.4487078663426587e-05
87.16,4.07144299856126,3.6712932759423054,-0.6513592636853587,5.55128981418688,2.277851295515658,-0.6517196668706212,2.0326404380835847,0.0003604031852625367
87.2,4.071353215288509,3.6713177727004895,-0.6524292132025384,5.551520961888101,2.278119072435954,-0.652710238949301,2.0327073514139964,0.0002810257467625865
87.23,4.071281107859473,3.6713857714133122,-0.6527837973973712,5.551520961888101,2.278119072435954,-0.652710238949301,2.0328064639640333,7.355844807022116e-05
87.26,4.070057439071533,3.672814986211582,-0.6524721580758096,5.551409811109384,2.2784147518692657,-0.6525782141539184,2.034393487916257,0.00010605607810876272
87.3,4.070910924129536,3.67152567779908,-0.653457949356389,5.5508750484451355,2.278406578474732,-0.6532193836759169,2.03250452254442,0.00023856568047209148
87.33,4.070931011392489,3.6713883338144235,-0.6541556977728162,5.5502795024103,2.278345783548008,-0.6541799697878916,2.032003815136535,2.427201507537724e-05
87.36,4.070920429740342,3.6713565521711677,-0.6540180395113255,5.550336577950699,2.2782082799841707,-0.6540506490812569,2.032125549242266,3.260956993134112e-05
87.4,4.070999796410367,3.6713504123514475,-0.6547929192785973,5.550630894011896,2.2781555290188855,-0.6558349445154759,2.032313993440368,0.0010420252368785743
87.43,4.070938059650791,3.671351405150922,-0.6567789229419851,5.550925638706329,2.278136551656824,-0.6573678901013522,2.0325872335905424,0.0005889671593670709
87.46000000000001,4.069772107429833,3.6727929045127206,-0.6577039486266836,5.550925638706329,2.278136551656824,-0.6573678901013522,2.034424273787094,0.00033605852533136193
87.5,4.070719418662209,3.6715459104833705,-0.6583685304619701,5.5508979260757005,2.278010528474924,-0.6581309865095374,2.032945959615813,0.000237543952432695
87.53,4.070790435670978,3.6714006258368252,-0.6591700318743814,5.5507332761774455,2.2778581299892746,-0.6591910816697675,2.032779254837911,2.1049795386085535e-05
87.56,4.070887096793287,3.6713474313613097,-0.6598287692217096,5.550622224945316,2.2777543107322495,-0.6599621224908407,2.0326627451084316,0.000133353269131109
87.60000000000001,4.070894651376814,3.6713488163039774,-0.6603101732760792,5.55068760472838,2.277728387262304,-0.6602991845934427,2.032723563358099,1.0988682636492442e-05
87.63000000000001,4.070907764145404,3.6713517272288163,-0.6604463533460079,5.550798324491134,2.2777885481999607,-0.6607395453028881,2.032755372528974,0.00029319195688026767
87.66,4.069813607700123,3.6728334852929643,-0.6608547088001191,5.550798324491134,2.2777885481999607,-0.6607395453028881,2.03456779387598,0.00011516349723095232
87.7,4.070748620662085,3.671561247961793,-0.6613089696981662,5.550888243441106,2.277847271424829,-0.6611981071465985,2.0330400761703884,0.00011086255156766978
87.73,4.070845929604488,3.6714220770826667,-0.6615561426740508,5.550969615777004,2.2778712554435385,-0.6615764173485875,2.0329166286053164,2.0274674536691073e-05
87.76,4.070904028403391,3.6713496044469567,-0.6616710785984297,5.550970802170842,2.277847302096861,-0.6617502111321387,2.0328419322380697,7.91325337090587e-05
87.8,4.070911094162477,3.6713331815359913,-0.6618539010270243,5.5508721194488615,2.277781505097918,-0.6619520830344379,2.0327987876988938,9.818200741351646e-05
87.83,4.070903913440383,3.6713339563421488,-0.6620919353966435,5.5508721194488615,2.277781505097918,-0.6619520830344379,2.032804546719816,0.00013985236220559472
87.86,4.069827644172102,3.6728042128189258,-0.6623825288653418,5.550840407037208,2.2777510317405696,-0.6622532192402337,2.034593861635824,0.00012930962510804278
87.9,4.070769694220583,3.671554734689249,-0.662490774430522,5.550868192569958,2.2777586308935485,-0.6624710298980888,2.033066438602573,1.9744532433141337e-05
87.93,4.070871682160524,3.6714213072846458,-0.6625674095489926,5.550877152542988,2.2777682436487474,-0.6625877931518588,2.032900650337774,2.038360286615859e-05
87.96000000000001,4.07091290483506,3.671350961410959,-0.6626502041634724,5.550847791878129,2.2777876674761113,-0.6627006509704803,2.0327877223383966,5.044680700783122e-05
88.0,4.070913572611677,3.6713424328702735,-0.6628061140953574,5.550840943348297,2.277808632631195,-0.662773271176006,2.032762031095665,3.28429193513502e-05
88.03,4.070914276733425,3.671340695043045,-0.6627514424734615,5.550840943348297,2.277808632631195,-0.662773271176006,2.032760327123597,2.182870254452407e-05
88.06,4.069807599273988,3.6728072937512226,-0.6628031415205413,5.550854921808343,2.2778089370132517,-0.6627824812895293,2.0345814279324927,2.066023101199299e-05
88.10000000000001,4.070755327146809,3.671552559552883,-0.6627069760332418,5.550861964653782,2.2778069532215874,-0.6627939170740752,2.033037745237404,8.694104083339926e-05
88.13000000000001,4.070857107389676,3.6714186828571878,-0.6627703214301022,5.550872584816067,2.27780671134533,-0.6627907871185091,2.032879765397559,2.0465688406967608e-05
88.16,4.070911566109344,3.671350132861644,-0.6628501925734313,5.550874114242224,2.2778038425379212,-0.6627945397188792,2.0327962040379197,5.565285455200186e-05
88.2,4.0709197055544974,3.671340158024621,-0.6627720006177341,5.550872408383516,2.2778016620912886,-0.6628011507482711,2.0327836929341627,2.9150130536947927e-05
88.23,4.070921705305768,3.671337882572118,-0.6627835869129836,5.550872408383516,2.2778016620912886,-0.6628011507482711,2.0327806771347263,1.7563835287504048e-05
88.26,4.069823485273237,3.672821799300814,-0.6627692262769017,5.550871977981297,2.2778010037064247,-0.6628065932490013,2.0345976648697937,3.7366972099550644e-05
88.3,4.070762653087308,3.671554938111188,-0.662721094737992,5.550871900804815,2.2778007124617576,-0.6628108735015782,2.0330455545054877,8.977876358617909e-05
88.33,4.070861116052278,3.6714203888258226,-0.6627938233000661,5.550871763312501,2.2778004960959928,-0.66281427593343,2.0328816791480824,2.0452633363921002e-05
88.36,4.070913584898069,3.6713502017977078,-0.6626995306061061,5.550871559419386,2.2778003249542826,-0.6628169726956702,2.0327953329343234,0.00011744208956410152
88.4,4.070921947462998,3.671339722865932,-0.6627801453157934,5.550871306875013,2.277800188145568,-0.6628191075770117,2.032781970909001,3.8962261218244976e-05
88.43,4.070922317588537,3.671338394420892,-0.6627995537433825,5.550871016785082,2.27780007090599,-0.6628208068469956,2.032780659923315,2.125310361311694e-05
88.46000000000001,4.069766507054571,3.6728221887311436,-0.6628075456194664,5.550871016785082,2.27780007090599,-0.6628208068469956,2.034639348377356,1.3261227529204334e-05
88.5,4.070754693353455,3.6715550563138626,-0.662849727843144,5.550870695818611,2.2777999676218723,-0.6628221657250362,2.0330510637975263,2.756211810783782e-05
88.53,4.070858416937418,3.6714210963234786,-0.662802807670301,5.5508703526788326,2.2777998786306477,-0.6628232587552606,2.0328835255224775,2.045108495962733e-05
88.56,4.0709143578908495,3.671350324666109,-0.6628934342537387,5.55086999402034,2.277799801332188,-0.662824143286438,2.0327940736817616,6.929096730068363e-05
88.60000000000001,4.070920841551641,3.6713420583083374,-0.6628040713214643,5.550869623056739,2.2777997341466185,-0.6628248650584245,2.032783462424975,2.07937369601785e-05
88.63000000000001,4.070924492992032,3.671337871173671,-0.6628047258354378,5.550869243611178,2.277799675630909,-0.662825460208623,2.0327776974676164,2.0734373185171684e-05
88.66,4.069800619053457,3.6728313172069207,-0.6627589229320074,5.550869243611178,2.277799675630909,-0.662825460208623,2.0346197560349113,6.653727661554143e-05
88.7,4.070761509996875,3.6715556911011435,-0.6627964220372,5.550868858095352,2.277799624158951,-0.662825956819692,2.0330454338339994,2.9534782492013356e-05
88.73,4.070865272201691,3.671420245431498,-0.6628059264094053,5.550868468112379,2.2777995783721336,-0.6628263765808565,2.032876785139926,2.045017145124728e-05
88.76,4.070916559939235,3.671350004241992,-0.6627931392351241,5.550868074817355,2.277799537200712,-0.6628267362755729,2.0327910346567877,3.359704044880729e-05
88.8,4.0709240133791695,3.6713398963586297,-0.6627775956359812,5.550867679016298,2.27779949980811,-0.6628270489094492,2.0327784164236,4.945327346805861e-05
88.83,4.070924883044277,3.671339686562525,-0.6628067403607605,5.550867679016298,2.27779949980811,-0.6628270489094492,2.0327776394502703,2.030854868873e-05
88.86,4.069816429175601,3.6728143446456327,-0.6628146094041362,5.550867281248844,2.277799465551484,-0.6628273245582423,2.03459532569033,1.2715154106168747e-05
88.9,4.0707636460692065,3.6715533014175317,-0.6627891586753698,5.550866881914021,2.27779943399321,-0.6628275709078068,2.033040932130621,3.841223243694625e-05
88.93,4.070863339755188,3.671420621420716,-0.6628073436312572,5.55086648117048,2.2777994047316725,-0.6628277940777513,2.0328771222592343,2.045044649412464e-05
88.96000000000001,4.070901583094583,3.671370544328906,-0.6628074482059749,5.550866079012614,2.2777993774607515,-0.6628279988312132,2.0328146758384498,2.0550625238313636e-05
89.0,4.070924009571036,3.6713394459318502,-0.6628634888741777,5.550865675363185,2.277799351988015,-0.6628281888350008,2.0327767530096934,3.530003917684432e-05
89.03,4.070924512523292,3.6713386171581686,-0.6628078294673144,5.550865675363185,2.277799351988015,-0.6628281888350008,2.0327758186870644,2.035936768640667e-05
89.06,4.069813439984241,3.67280959559447,-0.6627799792797674,5.5508652699000605,2.2777993284447438,-0.6628283670378842,2.0345928753316103,4.838775811677465e-05
89.10000000000001,4.0705013464712945,3.671899386747861,-0.6628080859295546,5.550864862488591,2.277799307077866,-0.6628285356786433,2.033467770015295,2.044974908865793e-05
89.13000000000001,4.070864643723244,3.671419417466063,-0.6628082474448092,5.550864452965584,2.2777992879663795,-0.6628286970706475,2.0328739510122307,2.0449625838359076e-05
89.16,4.070917464593807,3.671349521713092,-0.6628757945868071,5.5508630681994156,2.2777998754918083,-0.6628435092834674,2.032786168320474,3.228530333976298e-05
89.2,4.070925081872829,3.6713391319295847,-0.6629188254844038,5.550875127846425,2.2778013153827823,-0.6628308220451259,2.0327812928899354,8.800343927795051e-05
89.23,4.070927016626539,3.671337724547347,-0.6628444542064345,5.550875127846425,2.2778013153827823,-0.6628308220451259,2.0327789195017183,1.3632161308563262e-05
89.26,4.069822941758289,3.6728162871263073,-0.6628118827886613,5.550874254641511,2.2777989921717694,-0.6628310522816552,2.03459731755829,1.916949299385351e-05
89.3,4.070767318277335,3.671552737387172,-0.6627882058344693,5.550872101707205,2.277797366991922,-0.6628328107555026,2.0330430891738582,4.460492103330882e-05
89.33,4.070867660592708,3.67141945868267,-0.6628136885449071,5.550871016098426,2.2777967189889936,-0.6628341389214517,2.0328783222070843,2.0450376544633997e-05
89.36,4.0709198007723995,3.6713495978931734,-0.6629086027893726,5.550878880850772,2.277798298234242,-0.662840348937702,2.0327971132131015,6.825385167053e-05
89.4,4.070930299525132,3.671338646889862,-0.6628271474049199,5.55088355727518,2.2777976191121065,-0.6628372760981148,2.0327858326013737,1.0128693194944027e-05
89.43,4.070930489517206,3.6713370986064797,-0.6628174115341818,5.550880381672208,2.2777944583883647,-0.6628387852952241,2.032784487690635,2.137376104227595e-05
89.46000000000001,4.069807782047099,3.672803214157759,-0.6628091845117329,5.550880381672208,2.2777944583883647,-0.6628387852952241,2.0346069581207944,2.960078349123485e-05
89.5,4.070767661622643,3.6715510628943417,-0.662721372253448,5.550882663466825,2.2777942647454883,-0.6628472442923282,2.033051507234961,0.00012587203888025922
89.53,4.070874447165048,3.6714184428753476,-0.6628206166111608,5.550891655339112,2.2777947010382658,-0.6628410700634388,2.0328890944425226,2.045345227807971e-05
89.56,4.070911897292307,3.6713670275852097,-0.6628196417855476,5.550888106523969,2.27779157693269,-0.6628578250346424,2.032826140267065,3.818324909476978e-05
89.60000000000001,4.070935276419559,3.671338005516466,-0.6627640292111834,5.5509002898656075,2.2777914657019442,-0.6628535922536827,2.0327981699257283,8.956304249929659e-05
89.63000000000001,4.070937677047632,3.671336414097144,-0.6628361439081254,5.550899999878548,2.2777878278568244,-0.6628604085861947,2.032797613932945,2.4264678069263468e-05
89.66,4.069813532420158,3.672854480504167,-0.6629362340075242,5.550899999878548,2.2777878278568244,-0.6628604085861947,2.034656749777966,7.582542132955616e-05
89.7,4.0707763734271065,3.671557978523925,-0.662902133987355,5.550899188294572,2.2777855177895523,-0.6628673265561282,2.033067932803215,3.4807431226746566e-05
89.73,4.070879925142373,3.671420945082199,-0.6628520623090224,5.550898889392611,2.277783833416571,-0.6628725186028498,2.032899538479967,2.0456293827408878e-05
89.76,4.070934170733981,3.671348544716262,-0.6629234713958208,5.550898842112174,2.277782620062031,-0.6628766161850972,2.0328112098483135,4.6855210723562024e-05
89.8,4.0709428846047775,3.671338293755343,-0.6629155044239036,5.5508990001535405,2.2777817184593077,-0.6628798117268466,2.0327985715512984,3.569269705694378e-05
89.83,4.070945625436182,3.671336195590046,-0.6628606949477969,5.5508990001535405,2.2777817184593077,-0.6628798117268466,2.032795137752062,1.911677904975484e-05
89.86,4.069814289039572,3.6728084589283805,-0.6628809679334302,5.550899261739832,2.277780979513018,-0.6628823504946353,2.034628802676918,1.3825612050766267e-06
89.9,4.0707816746273044,3.6715505064776264,-0.6626905251549965,5.550906215302222,2.277781297674756,-0.6628804204204156,2.033066959870017,0.0001898952654191266
89.93,4.070883637743541,3.6714160922289536,-0.6628574719510474,5.550908733809754,2.2777782744439796,-0.6628779269099377,2.0329044867249095,2.0454958890359087e-05
89.96000000000001,4.070922990174813,3.671364711436249,-0.6628667149156048,5.55091489950595,2.277777552386784,-0.6628774400599754,2.032845597076469,1.072514437061578e-05
90.0,4.070948723360109,3.671336214170429,-0.6627968950394512,5.550918286133149,2.2777763131039257,-0.6628757158758626,2.0328106415982545,7.882083641141957e-05
90.03,4.070949307107485,3.6713359536084487,-0.6628578054923482,5.550918286133149,2.2777763131039257,-0.6628757158758626,2.0328100379822414,1.7910383514396777e-05
90.06,4.069839726837996,3.6728265976325982,-0.6629215860850528,5.550918855903795,2.277775992322799,-0.6628802354784901,2.0346404050665914,4.135060656274003e-05
90.10000000000001,4.070791908538118,3.671551954458822,-0.6629001343934156,5.5509197234627,2.27777444010562,-0.6628807623960893,2.0330750374814026,1.9371997326267376e-05
90.13000000000001,4.070893898290016,3.6714173636923126,-0.6628718923092856,5.550917005120422,2.27777207165044,-0.6628923589657733,2.0329081624073444,2.04666564876943e-05
90.16,4.07094697464736,3.6713463937604343,-0.6628780624236468,5.550929208484414,2.277770584442857,-0.6628802220734549,2.032830772294746,2.1596498080977966e-06
90.2,4.070957052304818,3.671335244986908,-0.6628923805519745,5.5509312342385915,2.2777692125860836,-0.6628818045371566,2.032818207772628,1.057601481790904e-05
90.23,4.0709583572178,3.6713330826315964,-0.6628621310795193,5.5509312342385915,2.2777692125860836,-0.6628818045371566,2.0328157753749907,1.9673457637314762e-05
90.26,4.0698388437362985,3.672784823200195,-0.662913591595589,5.550933066200904,2.2777675691342587,-0.6628833444170765,2.034628525053087,3.0247178512521344e-05
90.3,4.070800428251862,3.6715442160090723,-0.6629376652921364,5.550934715047099,2.2777660098620767,-0.662884697264199,2.0330802234238528,5.296802793741673e-05
90.33,4.070902815230136,3.6714124049619983,-0.6628659336304827,5.5509357403380575,2.2777647129195606,-0.6628863912958967,2.0329169557408693,2.0457665413919912e-05
90.36,4.070957914662229,3.671343687175069,-0.6628406323305724,5.550936514391618,2.2777636072121266,-0.6628882441609156,2.032831054201624,4.761183034318606e-05
90.4,4.070967418620578,3.671333851985873,-0.6629669558443809,5.5509369306657055,2.2777623304933856,-0.6628894602641691,2.032818570875911,7.749558021186154e-05
90.43,4.070968730249481,3.6713319877881068,-0.6628698894402775,5.550937716414706,2.2777614093854233,-0.6628919754652405,2.0328175414927214,2.2086024963008377e-05
90.46000000000001,4.0698532186205965,3.6728007801526,-0.6628829392230191,5.550937716414706,2.2777614093854233,-0.6628919754652405,2.0346366102074613,9.036242221371893e-06
90.5,4.07081023091425,3.6715458236301264,-0.6627436531731852,5.550939580406757,2.2777599411811043,-0.6628904574172156,2.0330818914503443,0.00014680424403046288
90.53,4.070908616823198,3.671414051070614,-0.6628724216775979,5.550941747484616,2.2777570856603955,-0.6628928815518914,2.032923462674347,2.045987429355467e-05
90.56,4.0709664777315755,3.6713432764528324,-0.6628946477671294,5.550949573728234,2.277755536661495,-0.6628870909200826,2.0328395787500257,7.55684704678572e-06
90.60000000000001,4.070976379572301,3.671332224914719,-0.6629325405588798,5.550951352547069,2.2777540239395124,-0.6628884859554409,2.0328271256712807,4.405460343892553e-05
90.63000000000001,4.0709794903847305,3.6713304028888754,-0.6628686449072747,5.550953145792383,2.2777524347703797,-0.6628896852646066,2.032826006800869,2.1040357331858495e-05
90.66,4.069866456974231,3.6727983549554937,-0.6629749248616119,5.550953145792383,2.2777524347703797,-0.6628896852646066,2.0346426957132913,8.523959700534878e-05
90.7,4.070821491459455,3.671544373565768,-0.6629632895472296,5.550954913103513,2.2777508482309834,-0.6628907404385386,2.0330900956752784,7.254910869103348e-05
90.73,4.07092355118526,3.6714104354175134,-0.6628711712099693,5.550956689510609,2.277749271294301,-0.6628916280347399,2.0329263466555916,2.045682477058719e-05
90.76,4.070978495042335,3.6713412105893397,-0.6628943619642951,5.550958485880472,2.27774770941549,-0.6628923575889254,2.032841267732245,2.0043753696796784e-06
90.8,4.070988583006217,3.6713312939724743,-0.66290255545815,5.550960300508525,2.2777461625162796,-0.6628929530867924,2.0328295066784396,9.602371357608774e-06
90.83,4.070991385718161,3.6713286521726087,-0.6628727522548826,5.550960300508525,2.2777461625162796,-0.6628929530867924,2.032825655146673,2.0200831909789052e-05
90.86,4.069892541612294,3.672837625634329,-0.6627719418950644,5.550962129252366,2.2777446277625963,-0.6628934435172603,2.0346625263524842,0.00012150162219592975
90.9,4.070574283424778,3.6719024649201444,-0.6628733944084089,5.550963967965511,2.2777431028603883,-0.6628938520193824,2.033527463525752,2.0457610973578788e-05
90.93,4.0709353449544325,3.6714112163470465,-0.662873739560899,5.5509658137063385,2.2777415859289363,-0.6628941967961035,2.032930207160034,2.045723520449627e-05
90.96000000000001,4.070990162989389,3.6713400885568426,-0.6628535881076609,5.550967664424823,2.277740075343976,-0.6628944920477572,2.0328439196313055,4.090394009625964e-05
91.0,4.071000319669361,3.671329953360167,-0.6628153250651581,5.550969518731137,2.2777385697812673,-0.6628947487121117,2.0328319592521433,7.94236469536802e-05
