t,x_filtered,y_filtered,yaw_filtered,x_gt,y_gt,yaw_gt,pos_error,yaw_error
0.0,4.650105938705606,2.9997316924305304,-7.604806227672736e-05,4.650105938705606,2.9997316924305304,-7.604806227672736e-05,0.0,0.0
0.030000000000001137,4.650105892270809,2.9997313269205064,-7.604832084944615e-05,4.650105938705606,2.9997316924305304,-7.604806227672736e-05,3.6844778189651973e-07,2.5857271879203836e-10
0.060000000000002274,4.6501068186044305,2.9997308249592747,-7.604863489023952e-05,4.650106333854851,2.9997316941439007,-7.604834306073748e-05,9.95220613052059e-07,2.918295020378327e-10
0.10000000000000142,4.650107387106995,2.999730795860195,-7.60489657806657e-05,4.650106729015776,2.999731695857267,-7.604862383441749e-05,1.114934429418117e-06,3.4194624821297977e-10
0.13000000000000256,4.65010737928483,2.999731181926147,-7.604931461185186e-05,4.650107124188382,2.9997316975706285,-7.604890459802267e-05,5.752942111214181e-07,4.1001382919002207e-10
0.16000000000000014,4.650107717177789,2.999730855160034,-7.604946720134845e-05,4.650107519372669,2.9997316992839864,-7.604918535143795e-05,8.669902611881737e-07,2.818499105031744e-10
0.20000000000000284,4.650108258316622,2.999730560008113,-7.60496355600088e-05,4.650107914568636,2.9997317009973394,-7.604946609454054e-05,1.1916455399866177e-06,1.694654682560118e-10
0.23000000000000043,4.650108411472122,2.999730172961527,-7.604984589620171e-05,4.650107914568636,2.9997317009973394,-7.604946609454054e-05,1.6068000866010375e-06,3.798016611633462e-10
0.26000000000000156,4.650108820099909,2.9997303736707996,-7.60499669473708e-05,4.650108309776284,2.999731702710688,-7.60497468271778e-05,1.4236492641224295e-06,2.2012019300127108e-10
0.3000000000000007,4.650109437380212,2.999730378598835,-7.605031830364821e-05,4.6501087049956125,2.999731704424032,-7.605002754905447e-05,1.5146615643831426e-06,2.9075459374123744e-10
0.33000000000000185,4.650109747212692,2.9997303213767865,-7.605054126263281e-05,4.650109100226622,2.9997317061373723,-7.605030826066372e-05,1.528447858024487e-06,2.330019690914304e-10
0.360000000000003,4.650110420096667,2.9997308432680776,-7.60507969092478e-05,4.650109495469314,2.999731707850708,-7.605058896203523e-05,1.2658747439270418e-06,2.079472125634911e-10
0.40000000000000213,4.650110752308706,2.999731097282538,-7.605079168764687e-05,4.650109890723688,2.9997317095640392,-7.605086965307037e-05,1.0569850419976912e-06,7.796542350526486e-11
0.4299999999999997,4.650111307390148,2.9997307392996193,-7.605113523061872e-05,4.650109890723688,2.9997317095640392,-7.605086965307037e-05,1.717078012960453e-06,2.655775483426451e-10
0.46000000000000085,4.650110803746907,2.9997306813818776,-7.605152529992889e-05,4.650110285989744,2.9997317112773656,-7.60511503332345e-05,1.1527173098485762e-06,3.7496669438581536e-10
0.5,4.6501111191054045,2.9997305607580516,-7.605160507655865e-05,4.650110681267482,2.999731712990688,-7.605143100306685e-05,1.2326159558747803e-06,1.7407349179991444e-10
0.5300000000000011,4.65011130359993,2.999730707671971,-7.605166408002743e-05,4.650111076556905,2.9997317147040063,-7.605171166261516e-05,1.0323090893350027e-06,4.758258773161859e-11
0.5600000000000023,4.6501119785958,2.9997304044829565,-7.605205213850167e-05,4.6501114718580085,2.9997317164173207,-7.605199231169292e-05,1.4063978687527079e-06,5.982680874956538e-11
0.6000000000000014,4.6501119685484325,2.9997304098571704,-7.605224924261248e-05,4.650111867170796,2.9997317181306298,-7.605227295056894e-05,1.3121954387657238e-06,2.3707956455757025e-11
0.6300000000000026,4.650111824086108,2.999730507524842,-7.605230730638848e-05,4.650111867170796,2.9997317181306298,-7.605227295056894e-05,1.2113722233113258e-06,3.4355819540166435e-11
0.6600000000000001,4.650112701110761,2.9997306909379438,-7.60527587306198e-05,4.650112262495268,2.999731719843935,-7.605255357948936e-05,1.1184950105456773e-06,2.0515113044493934e-10
0.7000000000000028,4.650113348447903,2.9997306966208725,-7.605270761861629e-05,4.650112657831424,2.9997317215572354,-7.605283419835488e-05,1.2358987291000581e-06,1.265797385934268e-10
0.7300000000000004,4.650113586707615,2.999730929812586,-7.605314148933345e-05,4.650113053179264,2.999731723270532,-7.60531148061133e-05,9.561527146368835e-07,2.6683220140811398e-11
0.7600000000000016,4.650113513527976,2.9997310597268454,-7.605334851617356e-05,4.6501134485387885,2.9997317249838242,-7.605339540379984e-05,6.684238493402917e-07,4.688762628211971e-11
0.8000000000000007,4.650114160212509,2.9997308168387744,-7.605366733891954e-05,4.650113843909997,2.999731726697112,-7.605367599125566e-05,9.63270197630011e-07,8.652336117541404e-12
0.8300000000000018,4.650114239848249,2.9997304658597095,-7.605396957138081e-05,4.650113843909997,2.999731726697112,-7.605367599125566e-05,1.3215438149636758e-06,2.9358012514893363e-10
0.860000000000003,4.6501141144621085,2.9997311238655118,-7.605417543248675e-05,4.650114239292891,2.999731728410395,-7.605395656893462e-05,6.172983393681814e-07,2.188635521324341e-10
0.9000000000000021,4.650114157240685,2.999731083712191,-7.605448229901892e-05,4.650114634687471,2.999731730123674,-7.605423713592835e-05,8.03618839330896e-07,2.451630905665053e-10
0.9299999999999997,4.6501141718901815,2.9997306492270774,-7.605454067232512e-05,4.650115030093736,2.999731731836949,-7.605451769203221e-05,1.3815055102274744e-06,2.2980292907308353e-11
0.9600000000000009,4.650115065138394,2.9997306731177384,-7.605485684963168e-05,4.650115425511686,2.9997317335502194,-7.60547982378357e-05,1.1199937304658986e-06,5.86117959857713e-11
1.0,4.650116150620705,2.999731274869743,-7.605500091572407e-05,4.650115820941323,2.999731735263485,-7.605507877321275e-05,5.662604454837802e-07,7.785748868532893e-11
1.0300000000000011,4.650116223610532,2.9997317222456616,-7.605518490321599e-05,4.650115820941323,2.999731735263485,-7.605507877321275e-05,4.02879578725938e-07,1.0613000323673408e-10
1.0600000000000023,4.6501165276998435,2.9997313143396998,-7.605554905592395e-05,4.6501162163826475,2.999731736976747,-7.605535929828067e-05,5.249194892095545e-07,1.8975764328724078e-10
1.1000000000000014,4.65011652658102,2.999730948324292,-7.605579160679224e-05,4.650116611835657,2.9997317386900044,-7.605563981297516e-05,7.949505094920165e-07,1.5179381708562475e-10
1.1300000000000026,4.650116967196478,2.9997311252879304,-7.605586933972345e-05,4.650117007300354,2.999731740403257,-7.605592031724277e-05,6.164212731256125e-07,5.0977519324953494e-11
1.1600000000000001,4.650117651800843,2.999731793817689,-7.605625683553666e-05,4.650117402776738,2.999731742116506,-7.605620081113328e-05,2.5433445962146887e-07,5.602440337820411e-11
1.2000000000000028,4.650117652032538,2.9997308358547787,-7.605649923452643e-05,4.6501177982648105,2.9997317438297504,-7.605648129490911e-05,9.196751745444544e-07,1.7939617320958043e-11
1.2300000000000004,4.650118053233971,2.9997303346995596,-7.605664772241508e-05,4.6501177982648105,2.9997317438297504,-7.605648129490911e-05,1.4320115807066881e-06,1.6642750597247423e-10
1.2600000000000016,4.650118496454174,2.9997303541558695,-7.605695474659892e-05,4.65011819376457,2.99973174554299,-7.605676176886295e-05,1.423930867653155e-06,1.9297773597745475e-10
1.3000000000000007,4.6501187991618425,2.9997308094897996,-7.605727615172367e-05,4.650118589276017,2.9997317472562255,-7.60570422319853e-05,9.609671841684295e-07,2.3391973836997364e-10
1.3300000000000018,4.650119087869919,2.9997305450182004,-7.605753507394066e-05,4.650118984799153,2.999731748969457,-7.605732268479377e-05,1.2083551674075512e-06,2.1238914689198762e-10
1.360000000000003,4.650119719699999,2.9997301406991266,-7.605766417555897e-05,4.650119380333977,2.999731750682684,-7.60576031270284e-05,1.6453620734784543e-06,6.104853056995534e-11
1.4000000000000021,4.65012027178628,2.9997307420557675,-7.605784474756075e-05,4.65011977588049,2.9997317523959066,-7.605788355927114e-05,1.1254820076103104e-06,3.881171038310101e-11
1.4299999999999997,4.65012032228857,2.999731186586969,-7.605805938031675e-05,4.65011977588049,2.9997317523959066,-7.605788355927114e-05,7.865758350175221e-07,1.7582104561598023e-10
1.4600000000000009,4.650120875020712,2.999731232706389,-7.60582478357902e-05,4.650120171438693,2.999731754109125,-7.605816398090135e-05,8.757216858740075e-07,8.385488885296472e-11
1.5,4.65012115713577,2.9997308727799266,-7.605850305208276e-05,4.650120567008584,2.999731755822339,-7.605844439249029e-05,1.062080033328808e-06,5.865959246933918e-11
1.5300000000000011,4.65012122989425,2.9997310338143897,-7.605862378617215e-05,4.650120962590166,2.999731757535548,-7.605872479382851e-05,7.715074779525876e-07,1.0100765635413875e-10
1.5600000000000023,4.650121477336574,2.999731317811347,-7.605912796287253e-05,4.650121358183437,2.9997317592487533,-7.605900518433679e-05,4.5723566534989855e-07,1.2277853573780008e-10
1.6000000000000014,4.650122270832841,2.999731087820347,-7.605930722836387e-05,4.650121753788397,2.999731760961955,-7.605928556426016e-05,8.487959595216428e-07,2.1664103711373055e-11
1.6300000000000026,4.65012283291439,2.999731085261424,-7.605946327997997e-05,4.650121753788397,2.999731760961955,-7.605928556426016e-05,1.2732180160888098e-06,1.7771571981216056e-10
1.6600000000000001,4.650123290958185,2.9997316042100555,-7.605970177187286e-05,4.650122149405049,2.9997317626751516,-7.605956593382802e-05,1.1524993492705769e-06,1.3583804483259694e-10
1.7000000000000028,4.650122723911338,2.9997317366440073,-7.605995633935107e-05,4.650122545033391,2.9997317643883443,-7.605984629323524e-05,1.810167613424253e-07,1.1004611582881782e-10
1.7300000000000004,4.650123059534962,2.999731503539102,-7.60599240625032e-05,4.650122940673425,2.999731766101532,-7.606012664282208e-05,2.882136265760435e-07,2.0258031888000915e-10
1.7600000000000016,4.65012373409506,2.999731243335014,-7.606021654232135e-05,4.65012333632515,2.999731767814716,-7.606040698259233e-05,6.582551627370905e-07,1.9044027098835074e-10
1.8000000000000007,4.650123950191958,2.999730936833831,-7.606041173640447e-05,4.650123731988566,2.9997317695278953,-7.606068731181614e-05,8.608089943955509e-07,2.7557541167901826e-10
1.8300000000000018,4.650124126341554,2.99973073938119,-7.606070365711429e-05,4.650123731988566,2.9997317695278953,-7.606068731181614e-05,1.1030487356461052e-06,1.6345298148290853e-11
1.860000000000003,4.650124267328898,2.999730306066945,-7.606082919402849e-05,4.650124127663675,2.9997317712410703,-7.606096762998058e-05,1.471815746398492e-06,1.38435952087043e-10
1.9000000000000021,4.650124899842519,2.99973118213799,-7.606125768327258e-05,4.650124523350476,2.999731772954241,-7.606124793753945e-05,7.005784044871712e-07,9.745733124048687e-12
1.9299999999999997,4.650125073151544,2.9997310218375675,-7.606137641007873e-05,4.650124919048969,2.9997317746674073,-7.606152823463645e-05,7.684402197703717e-07,1.5182455772731925e-10
1.9600000000000009,4.650124905588375,2.999730823835003,-7.606175628132431e-05,4.650125314759154,2.9997317763805693,-7.606180852202773e-05,1.0367081472290955e-06,5.224070342166407e-11
2.0,4.650125408802235,2.9997305345400083,-7.606199463643772e-05,4.650125710481033,2.999731778093727,-7.606208879881211e-05,1.2796233620110358e-06,9.416237439026278e-11
2.030000000000001,4.650125958614221,2.9997303139580405,-7.606210651938507e-05,4.650125710481033,2.999731778093727,-7.606208879881211e-05,1.4850129249492002e-06,1.7720572960942295e-11
2.0600000000000023,4.650126792131344,2.999729769209119,-7.606233201722771e-05,4.650126106214605,2.999731779806881,-7.606236906461268e-05,2.1243787640098493e-06,3.704738497586641e-11
2.1000000000000014,4.650126848372256,2.999730237907052,-7.606252185426269e-05,4.65012650195987,2.99973178152003,-7.606264931992353e-05,1.582005868496528e-06,1.274656608426161e-10
2.1300000000000026,4.650127337381878,2.999730362114013,-7.606264124231769e-05,4.650126897716829,2.999731783233175,-7.60629295654414e-05,1.487576898136231e-06,2.8832312371754234e-10
2.16,4.65012753442594,2.999730626587506,-7.606283720689558e-05,4.6501272934854825,2.9997317849463156,-7.606320980060798e-05,1.1831514849582337e-06,3.72593712393704e-10
2.200000000000003,4.6501272434953185,2.9997307900211387,-7.606328106873176e-05,4.65012768926583,2.999731786659452,-7.606349002625488e-05,1.091787193545123e-06,2.0895752311886773e-10
2.2300000000000004,4.650127382389584,2.9997308810584586,-7.606355405170132e-05,4.65012768926583,2.999731786659452,-7.606349002625488e-05,9.561831357062317e-07,6.40254464435953e-11
2.2600000000000016,4.65012740825216,2.9997305891856114,-7.606357468275374e-05,4.650128085057873,2.9997317883725834,-7.60637702413076e-05,1.3769950495812847e-06,1.9555855386107525e-10
2.3000000000000007,4.6501280775961025,2.99973078136641,-7.606394233799333e-05,4.65012848086161,2.999731790085711,-7.606405044633261e-05,1.0863414276680245e-06,1.0810833928369054e-10
2.330000000000002,4.650128725687165,2.99973079667266,-7.606401380304942e-05,4.6501288766770426,2.9997317917988346,-7.606433064076329e-05,1.0065157956383247e-06,3.168377138613749e-10
2.360000000000003,4.650129819433218,2.999730016121932,-7.606443001855592e-05,4.650129272504169,2.9997317935119536,-7.606461082466214e-05,1.8596361671108933e-06,1.8080610622518874e-10
2.400000000000002,4.650130281886775,2.9997302609774255,-7.606470994796893e-05,4.650129668342992,2.999731795225068,-7.606489099793015e-05,1.6523776210910587e-06,1.8104996122377415e-10
2.4299999999999997,4.650130635654027,2.999730635700688,-7.606490714533846e-05,4.650129668342992,2.999731795225068,-7.606489099793015e-05,1.5100289487523977e-06,1.6147408307383773e-11
2.460000000000001,4.650130316886477,2.9997307299257123,-7.606519144814199e-05,4.650130064193511,2.9997317969381783,-7.606517116103544e-05,1.0965260314229308e-06,2.028710654870293e-11
2.5,4.6501306374662885,2.999730649495747,-7.606543961540651e-05,4.650130460055727,2.999731798651285,-7.606545131354355e-05,1.1627695204045674e-06,1.1698137047260783e-11
2.530000000000001,4.650131135262819,2.9997307325727283,-7.606554516963852e-05,4.650130855929637,2.9997318003643865,-7.606573145638042e-05,1.1037237206856196e-06,1.8628674190517783e-10
2.5600000000000023,4.650131669412342,2.9997312330039234,-7.606590631675074e-05,4.650131251815246,2.9997318020774837,-7.60660115886304e-05,7.058555455844549e-07,1.0527187966019678e-10
2.6000000000000014,4.6501315910063195,2.999730728792087,-7.606598996006523e-05,4.650131647712551,2.999731803790577,-7.606629171046923e-05,1.0764930792835906e-06,3.0175040400127594e-10
2.6300000000000026,4.650131875881561,2.999730874079634,-7.606622486593776e-05,4.650131647712551,2.999731803790577,-7.606629171046923e-05,9.573001276651526e-07,6.684453146977697e-11
2.66,4.650132695714635,2.999730734112067,-7.606656882679755e-05,4.6501320436215545,2.999731805503666,-7.606657182245882e-05,1.2542349638364523e-06,2.9956612684163206e-12
2.700000000000003,4.650133636748495,2.999730230810139,-7.606676659038084e-05,4.650132439542254,2.9997318072167505,-7.6066851923789e-05,1.979484929905143e-06,8.533340815919128e-11
2.7300000000000004,4.6501337514022,2.999729673586984,-7.60669386651797e-05,4.650132835474652,2.999731808929831,-7.606713201476662e-05,2.323491413243715e-06,1.9334958692429887e-10
2.7600000000000016,4.650133401076183,2.9997297298428927,-7.606722815094839e-05,4.6501332314187485,2.9997318106429076,-7.60674120951237e-05,2.0877050432049935e-06,1.8394417532121426e-10
2.8000000000000007,4.650134201473225,2.999730131127936,-7.606752589944091e-05,4.650133627374543,2.999731812355979,-7.606769216598173e-05,1.7765463770149531e-06,1.6626654081850802e-10
2.830000000000002,4.650134628247902,2.9997301801846006,-7.606776907647498e-05,4.650133627374543,2.999731812355979,-7.606769216598173e-05,1.914609853245185e-06,7.691049324644837e-11
2.860000000000003,4.65013520675768,2.999730664304506,-7.606790309416082e-05,4.650134023342037,2.999731814069047,-7.606797222652937e-05,1.6499791159850892e-06,6.913236855806554e-11
2.900000000000002,4.650135271487442,2.9997312580520954,-7.606822798183314e-05,4.65013441932123,2.99973181578211,-7.606825227709858e-05,1.018454722864352e-06,2.4295265438670742e-11
2.9299999999999997,4.65013523000173,2.9997313628166644,-7.606837165135386e-05,4.650134815312121,2.9997318174951686,-7.606853231663106e-05,6.153860689614846e-07,1.6066527719783147e-10
2.960000000000001,4.650135815488496,2.9997314106325716,-7.60687109355102e-05,4.650135211314713,2.999731819208223,-7.6068812345235e-05,7.293558960442792e-07,1.0140972480157662e-10
3.0,4.650135705637337,2.9997308635848743,-7.606908356898982e-05,4.6501356073290046,2.9997318209212733,-7.606909236375246e-05,9.623707752741683e-07,8.794762647638087e-12
3.030000000000001,4.6501357792381,2.9997305798495995,-7.606906781092828e-05,4.6501356073290046,2.9997318209212733,-7.606909236375246e-05,1.2529212413108911e-06,2.4552824183510236e-11
3.0600000000000023,4.650136136719737,2.9997312809707357,-7.606937693032504e-05,4.650136003354994,2.9997318226343195,-7.60693723718205e-05,5.578401137253066e-07,4.558504534133215e-12
3.1000000000000014,4.6501367919123116,2.99973222579513,-7.606967202760498e-05,4.650136399392687,2.999731824347361,-7.606965237003221e-05,5.614552225551681e-07,1.9657572770080678e-11
3.1300000000000026,4.650136684756821,2.99973161029658,-7.606967074329899e-05,4.650136795442078,2.999731826060399,-7.606993235714184e-05,2.424979416711733e-07,2.616138428530564e-10
3.16,4.650136529346138,2.999730356923752,-7.607002977210569e-05,4.650137191503171,2.9997318277734317,-7.607021233453604e-05,1.6130253302727614e-06,1.8256243035591566e-10
3.200000000000003,4.65013756892614,2.999730061496433,-7.6070259126419e-05,4.650137587575965,2.9997318294864606,-7.607049230154767e-05,1.7680883897744337e-06,2.331751286738064e-10
3.2300000000000004,4.650138140627094,2.999730369532227,-7.607046484808092e-05,4.650137587575965,2.9997318294864606,-7.607049230154767e-05,1.5611956685810192e-06,2.7453466746023975e-11
3.2600000000000016,4.6501389373917,2.9997312110003036,-7.607073333109452e-05,4.650137983660461,2.999731831199485,-7.607077225814168e-05,1.1376512217007265e-06,3.892704715968871e-11
3.3000000000000007,4.650139244505486,2.9997313405239323,-7.607091918909018e-05,4.650138379756657,2.999731832912506,-7.607105220456616e-05,9.95106549330243e-07,1.33015475980232e-10
3.330000000000002,4.6501395132805845,2.9997312512595338,-7.607099125499898e-05,4.650138775864557,2.9997318346255217,-7.607133214082202e-05,9.40265001986131e-07,3.4088582304137027e-10
3.360000000000003,4.650139487742234,2.9997310836238382,-7.607156240434901e-05,4.650139171984159,2.9997318363385337,-7.607161206647968e-05,8.162613399677262e-07,4.966213066324478e-11
3.400000000000002,4.650139413219687,2.9997309614420082,-7.607166785910505e-05,4.6501395681154625,2.999731838051541,-7.607189198177915e-05,8.901892913825235e-07,2.2412267410064444e-10
3.4299999999999997,4.650139199035369,2.999730897828875,-7.607190290397752e-05,4.6501395681154625,2.999731838051541,-7.607189198177915e-05,1.0100686995865578e-06,1.092219836709013e-11
3.460000000000001,4.650139692686034,2.9997302863009896,-7.607207729159297e-05,4.650139964258469,2.9997318397645443,-7.60721718871264e-05,1.5770227021347385e-06,9.459553343275136e-11
3.5,4.650140372861594,2.9997299143926326,-7.607248520351941e-05,4.65014036041318,2.9997318414775433,-7.607245178216628e-05,1.9271251169293364e-06,3.342135312803859e-11
3.530000000000001,4.650140419220804,2.9997297696803913,-7.607251219614978e-05,4.650140756579592,2.999731843190538,-7.607273166705036e-05,2.100774923759018e-06,2.1947090058673218e-10
3.5600000000000023,4.650141259585919,2.9997302053289454,-7.607288580218478e-05,4.650141152757709,2.999731844903528,-7.607301154143899e-05,1.643051149167363e-06,1.2573925421374178e-10
3.6000000000000014,4.650142642177481,2.999730532744263,-7.607319644791612e-05,4.65014154894753,2.999731846616514,-7.607329140550918e-05,1.709213859563604e-06,9.495759305819598e-11
3.6300000000000026,4.6501426907842065,2.9997307228645083,-7.607327828378754e-05,4.65014154894753,2.999731846616514,-7.607329140550918e-05,1.602064158096848e-06,1.3121721645446144e-11
3.66,4.650142301963909,2.9997311754489426,-7.607338612729943e-05,4.6501419451490555,2.999731848329496,-7.607357125918565e-05,7.616331654768956e-07,1.8513188622089685e-10
3.700000000000003,4.6501422139093735,2.999730517965348,-7.607379348056168e-05,4.650142341362285,2.999731850042474,-7.607385110245086e-05,1.3381605711025126e-06,5.7621889180156476e-11
3.7300000000000004,4.650142784434579,2.9997302481585097,-7.607407304893014e-05,4.650142737587218,2.999731851755447,-7.60741309352343e-05,1.604281089185053e-06,5.788630416203675e-11
3.7600000000000016,4.650143801236215,2.99973051286465,-7.607426875415992e-05,4.650143133823858,2.9997318534684165,-7.607441075745664e-05,1.497550571425831e-06,1.420032967217955e-10
3.8000000000000007,4.650144033657049,2.99973027977396,-7.607458497987222e-05,4.650143530072201,2.999731855181381,-7.607469057024796e-05,1.6539365890968902e-06,1.0559037574419533e-10
3.830000000000002,4.650143877016997,2.9997301770975864,-7.607453053853189e-05,4.650143530072201,2.999731855181381,-7.607469057024796e-05,1.713574017316578e-06,1.6003171606892436e-10
3.860000000000003,4.650142086089613,2.9997319223805876,-7.607478528453396e-05,4.650143926332252,2.9997318568943414,-7.60749703723841e-05,1.8414074552259677e-06,1.850878501299339e-10
3.900000000000002,4.650144566205112,2.9997308773809968,-7.607513484802323e-05,4.6501443226040085,2.9997318586072974,-7.607525016464488e-05,1.0110126363398682e-06,1.1531662164878873e-10
3.9299999999999997,4.650145074643218,2.999730462148744,-7.607533537250913e-05,4.6501447188874705,2.99973186032025,-7.607552994639777e-05,1.44272163330508e-06,1.945738886308633e-10
3.960000000000001,4.650145600790627,2.9997301048033207,-7.607548229542741e-05,4.650145115182638,2.9997318620331974,-7.60758097177291e-05,1.8230940620226908e-06,3.274223016872706e-10
4.0,4.650146348798902,2.9997304584019555,-7.607587339502458e-05,4.650145511489513,2.999731863746141,-7.607608947826553e-05,1.6358726394271217e-06,2.1608324095420857e-10
4.030000000000001,4.650146659199136,2.9997304437482364,-7.607589962426556e-05,4.650145511489513,2.999731863746141,-7.607608947826553e-05,1.8258234927068653e-06,1.8985399996638685e-10
4.060000000000002,4.650146715921103,2.999730586849302,-7.60760971356062e-05,4.650145907808095,2.9997318654590805,-7.6076369228696e-05,1.512577138593776e-06,2.7209308981271385e-10
4.100000000000001,4.650146414021377,2.9997304130939537,-7.607632132382973e-05,4.650146304138383,2.9997318671720152,-7.607664896860753e-05,1.458224016126175e-06,3.2764477779110776e-10
4.130000000000003,4.650146636011905,2.999730455287007,-7.607664336799883e-05,4.650146700480381,2.999731868884946,-7.607692869801748e-05,1.4150672481166807e-06,2.8533001864548303e-10
4.16,4.6501473907067155,2.999730684358661,-7.607679945114523e-05,4.650147096834086,2.9997318705978726,-7.607720841636608e-05,1.2220984370191822e-06,4.0896522085986323e-10
4.200000000000003,4.6511677982994195,2.9997312596350674,-0.00025903931953401966,4.65156715628575,2.999725836099403,-0.0002610968676957159,0.00039939481216560107,2.0575481616962347e-06
4.23,4.652253460353971,2.999730440166575,-0.0002589299205819002,4.65156715628575,2.999725836099403,-0.0002610968676957159,0.0006863195112274915,2.166947113815712e-06
4.260000000000002,4.654409448985485,2.999731505921138,-0.00020137600129326694,4.653617088392361,2.999737630133101,-0.00021221292087542052,0.0007923842600076517,1.0836919582153578e-05
4.300000000000001,4.657411949497775,2.999727806495401,-0.0003715864555515131,4.656001410960965,2.999678815359613,-0.00024041785427768845,0.0014113890658545,0.00013116860127382465
4.330000000000002,4.659468767122276,2.9997241565967703,-0.00043230102272311783,4.6598606279298815,2.9996059283465573,-0.00038964208966928414,0.0004093077224845039,4.265893305383368e-05
4.360000000000003,4.663639925969635,2.9997308678089936,-0.0003139957926440657,4.6638966686815495,2.999614776115941,-0.00028076056858589,0.0002817695890563401,3.3235224058175716e-05
4.400000000000002,4.668647745762237,2.9997349520290792,-0.0006691200361447697,4.669318899390196,2.999547770104871,-0.0006706890630326494,0.0006967670091735223,1.569026887879711e-06
4.43,4.671723269480833,2.9997304326322807,-0.0006582863944139467,4.669318899390196,2.999547770104871,-0.0006706890630326494,0.00241129864008422,1.240266861870273e-05
4.460000000000001,4.677859473979011,2.9997318147496057,-0.0005907074227597326,4.675339228013109,2.999535636202043,-0.000604735672339871,0.0025278698050277687,1.4028249580138371e-05
4.5,4.684841447718435,2.999733458135151,-0.0006678279384310576,4.68186664801733,2.999531159127581,-0.000655389559469826,0.0029816703624244625,1.2438378961231677e-05
4.530000000000001,4.688921655042371,2.9997317737771,-0.0006441436271277729,4.689873981941853,2.9995258723294853,-0.0006315032655848222,0.000974331529617056,1.2640361542950703e-05
4.560000000000002,4.697064683252795,2.999732194271043,-0.0005918402844033372,4.697897440060612,2.9995264326307245,-0.0005819729310764951,0.0008578005325205704,9.86735332684206e-06
4.600000000000001,4.706046588959077,2.9997313455723007,-0.0007757345927651909,4.707387835503935,2.999484355638793,-0.0007597904507792887,0.0013637984900081949,1.594414198590225e-05
4.630000000000003,4.71112323376936,2.9997288652335365,-0.0007318609399779503,4.707387835503935,2.999484355638793,-0.0007597904507792887,0.0037433921973607166,2.7929510801338398e-05
4.66,4.721273976217157,2.99973380836663,-0.0006559138508652124,4.717441232499176,2.9994877772701964,-0.000671017206301798,0.0038406322016215004,1.510335543658558e-05
4.700000000000003,4.732264693451194,2.999734191880476,-0.0008162156026222873,4.728001937435015,2.9994801152155186,-0.0007552704773335712,0.004270321276572514,6.094512528871611e-05
4.73,4.7383458309278135,2.9997312653371204,-0.0007951894708417213,4.740020826614761,2.99944683010307,-0.0007748625596532682,0.001698974382873979,2.0326911188453013e-05
4.760000000000002,4.7504890117102265,2.999734346040568,-0.0007158153335233214,4.752112937142478,2.9994439435099656,-0.0006442508652246669,0.001649687073142203,7.15644682986545e-05
4.800000000000001,4.7634668464047145,2.9997364528911254,-0.0008666830034948431,4.765781879052777,2.999415367645477,-0.0008537141282372703,0.0023371931662931698,1.2968875257572828e-05
4.830000000000002,4.770548936796559,2.9997348473421623,-0.0008344519698306115,4.765781879052777,2.999415367645477,-0.0008537141282372703,0.00477775122930754,1.926215840665881e-05
4.860000000000003,4.78467785810794,2.9997309968699564,-0.0011573337340217635,4.779997749828099,2.9993622081994586,-0.0011631628423195476,0.004694615915548432,5.829108297784099e-06
4.900000000000002,4.7996492566708255,2.9997304577990986,-0.0014422608238965837,4.794594558119319,2.9993084331899125,-0.0013798634815105379,0.005072285699501085,6.239734238604579e-05
4.93,4.807704431666016,2.9997306511793878,-0.0013850917844976868,4.810723166136718,2.9992272168460192,-0.001378027094393816,0.003060425449609694,7.064690103870735e-06
4.960000000000001,4.823847611739263,2.9997339368654994,-0.00129164383000762,4.827164890717058,2.999208430668579,-0.001287512714841287,0.0033586450511368564,4.13111516633295e-06
5.0,4.840835053032651,2.9997383615640034,-0.0013435432530552389,4.84482219821641,2.9991916487359256,-0.001366731790827784,0.004024452960683663,2.3188537772545186e-05
5.030000000000001,4.849887661631232,2.999736358838211,-0.0013585803188704208,4.84482219821641,2.9991916487359256,-0.001366731790827784,0.005094666691986215,8.151471957363243e-06
5.060000000000002,4.858971483525047,2.99973327358381,-0.0012959740805781814,4.863012030970199,2.999178896251794,-0.0012518665497525134,0.004078401388139563,4.410753082566797e-05
5.100000000000001,4.886988368261461,2.9997386569882902,-0.0014155617088750722,4.881768634868386,2.999216376437426,-0.0013437434729990673,0.005245797715180134,7.18182358760049e-05
5.130000000000003,4.8970174467074665,2.9997351415639213,-0.0015165188934970692,4.901377295144462,2.9991952593812723,-0.001510679590644685,0.0043931482065498835,5.8393028523841175e-06
5.16,4.917126123340555,2.9997310125469734,-0.0014601455898603439,4.921147669975175,2.9991672730388452,-0.0014074547331113815,0.004060866849263659,5.269085674896234e-05
5.200000000000003,4.927150153893529,2.999732105216922,-0.0013388827024933198,4.940733378132053,2.9991650699710912,-0.0011319608923740945,0.013595054603936861,0.00020692181011922528
5.23,4.947157941208254,2.999736942596192,-0.0011462885004611051,4.940733378132053,2.9991650699710912,-0.0011319608923740945,0.006449965040171416,1.4327608087010609e-05
5.260000000000002,4.967172066567409,2.999739117902237,-0.0009896210450985252,4.960143555591918,2.9991543287178737,-0.0009571952176476263,0.007052796957431112,3.242582745089891e-05
5.300000000000001,4.987172402331469,2.9997322964895203,-0.0010267644732397314,4.979461761515142,2.9990594651533455,-0.0012669078015391168,0.007739940814072145,0.00024014332829938546
5.330000000000002,4.997181517221311,2.999731947420168,-0.0010946936367663346,4.9987244763834235,2.99897053189339,-0.0010977612596333195,0.00172060355118889,3.067622866984813e-06
5.360000000000003,5.017203595070754,2.9997349466259147,-0.0009346715841864123,5.0182440268372295,2.9988612176504703,-0.0009377415087866687,0.0013586392395417582,3.0699246002563506e-06
5.400000000000002,5.037235049094931,2.9997370220581807,-0.0009582586310278792,5.037841746701872,2.9988340381188716,-0.0010800443281755731,0.001087870387922494,0.00012178569714769397
5.43,5.047240007568222,2.9997391118840238,-0.0011206104936313727,5.037841746701872,2.9988340381188716,-0.0010800443281755731,0.009441740614544022,4.056616545579958e-05
5.460000000000001,5.067229461378625,2.9997324246187307,-0.0010086053509920573,5.05756672794972,2.998728097015904,-0.0009483619019469545,0.009714787246867047,6.024344904510283e-05
5.5,5.087226975501164,2.999724582016459,-0.0011662955722097565,5.077454215994333,2.9986721975975907,-0.0011764502083362635,0.00982925945040753,1.0154636126507004e-05
5.530000000000001,5.097206746312509,2.999725024669577,-0.0012201356345879417,5.097346106666767,2.998637696730595,-0.0012074954295353147,0.001096222311043445,1.2640205052626965e-05
5.560000000000002,5.117193809555213,2.9997252084452035,-0.0013366452258773349,5.117231225220404,2.998601723254053,-0.0013461311689847413,0.0011241080494046507,9.485943107406455e-06
5.600000000000001,5.137179679378883,2.9997214471487137,-0.0014313044843578466,5.137175814488235,2.9985564695903215,-0.0013776752943914104,0.0011649839693906163,5.362918996643616e-05
5.630000000000003,5.147183825061148,2.999719830835861,-0.0013840021799555384,5.137175814488235,2.9985564695903215,-0.0013776752943914104,0.010075399992812479,6.326885564127962e-06
5.66,5.167175951520339,2.999717400146975,-0.0014029071550617984,5.157159306605003,2.998521913531614,-0.0014039394646689527,0.010087733323568956,1.0323096071543532e-06
5.700000000000003,5.177176580203813,2.99971625805116,-0.0014030586721784297,5.177159806456253,2.998493586296623,-0.0014028423664455216,0.0012227868080532682,2.163057329081057e-07
5.73,5.197171318833091,2.999712907711989,-0.0014009005789911637,5.197161101315159,2.9984634143213276,-0.0014001421536672472,0.0012495351659632782,7.584253239165031e-07
5.760000000000002,5.217168922815648,2.99970947158227,-0.0013978591213205588,5.2171631993012,2.9984344582741356,-0.0013971015321123537,0.0012750261544522048,7.575892082051141e-07
5.800000000000001,5.237167877521986,2.999706239971249,-0.0013947798714570232,5.237166166294605,2.9984059356803976,-0.0013939920080103252,0.0013003054168561142,7.878634466979614e-07
5.830000000000002,5.247167841080706,2.9997043125200293,-0.001393187733894789,5.237166166294605,2.9984059356803976,-0.0013939920080103252,0.010085597698927645,8.042741155361247e-07
5.860000000000003,5.267169089193463,2.999701281896553,-0.001389899583187519,5.257170197231587,2.9983777387626147,-0.0013907336447591902,0.010086109601460332,8.3406157167106e-07
5.900000000000002,5.287171327447501,2.9996987901949717,-0.001386572803311052,5.277175579119718,2.998350027974724,-0.0013874194072800636,0.010086334525442834,8.466039690116153e-07
5.93,5.29717281898107,2.9996972947121647,-0.0013244876511344023,5.297259446782301,2.998346639081529,-0.0011894806646242588,0.001353430828861809,0.00013500698651014355
5.960000000000001,5.3172020400134095,2.9996727824885685,-0.0015173759648580626,5.317529336351742,2.9982610706626813,-0.0014947834865798807,0.0014491560207361579,2.2592478278181914e-05
6.0,5.337167157081176,2.999689856546563,-0.0012080419176125274,5.337753413527478,2.998200771435724,-0.001201223774180622,0.0016003346800448066,6.818143431905474e-06
6.030000000000001,5.347147097469859,2.9996912921679586,-0.001651925209046938,5.337753413527478,2.998200771435724,-0.001201223774180622,0.00951120129439867,0.0004507014348663161
6.060000000000002,5.357144736766794,2.999691581341706,-0.0016930029381336182,5.358201563714663,2.9980782093359375,-0.0016067530887234425,0.001928691895233499,8.624984941017571e-05
6.100000000000001,5.387073892942247,2.9996839376566724,-0.0018493522439810214,5.378919022814593,2.9979987041079106,-0.001978904510025049,0.008327179529275537,0.00012955226604402775
6.130000000000003,5.397077917399608,2.9996919865385667,-0.001487250602717642,5.399620285992272,2.9979781463880175,-0.0013924142913889874,0.003066086450607485,9.483631132865453e-05
6.16,5.417060103402144,2.9996915059211937,-0.0010406446720642654,5.42051940385238,2.9979044289893166,-0.0011051353238318668,0.003893636290853058,6.449065176760142e-05
6.200000000000003,5.437043530040139,2.9996875291680407,-0.0009873406262803017,5.441423326828593,2.99785607042003,-0.0009001412200332684,0.004747300396416631,8.719940624703324e-05
6.23,5.44705343487823,2.999694119926842,-0.0007996846763801895,5.441423326828593,2.99785607042003,-0.0009001412200332684,0.005922545283919566,0.0001004565436530789
6.260000000000002,5.467118969625973,2.9997024735314617,-0.00044218594022542974,5.461904146626675,2.9978756052442153,-0.0005061941836852186,0.0055255612070594,6.400824345978884e-05
6.300000000000001,5.487142126792692,2.9997002904690673,-0.0004523912737010511,5.481651754833302,2.9979058977802318,-0.0004201754109665338,0.005776160435289752,3.221586273451728e-05
6.330000000000002,5.497150783243155,2.999694685426328,-0.0005394845677941169,5.501127759069831,2.9979440923429173,-0.0005533195536631744,0.004345217240789196,1.383498586905751e-05
6.360000000000003,5.5171867351296635,2.999697658546683,-0.00017746377050847199,5.520418364970782,2.9979790573410674,-0.00015953975146288765,0.00366019419347517,1.7924019045584337e-05
6.400000000000002,5.537211886075888,2.9996924788056583,-0.00039154126753253977,5.539914951871309,2.9979709628159794,-0.00010301436035124361,0.0032047124671481775,0.00028852690718129617
6.43,5.54721822562242,2.999683174743437,-8.24075209697112e-05,5.539914951871309,2.9979709628159794,-0.00010301436035124361,0.00750129836549612,2.0606839381532405e-05
6.460000000000001,5.567221226874252,2.9996793329053246,-0.0003716090617737406,5.559688484660166,2.997957255368301,-0.00030530506866756037,0.007727079416402748,6.630399310618022e-05
6.5,5.587217248626563,2.9996759176170227,-0.0002223872475294803,5.579459381153532,2.9978780108804113,-0.00015230259025435783,0.007963477655061555,7.008465727512247e-05
6.530000000000001,5.5972158438678346,2.9996783529518645,-0.00029660737984820557,5.5992418279023175,2.997863873712873,-0.0003338480392025082,0.0027197327472954585,3.724065935430262e-05
6.560000000000002,5.617195805724765,2.9996769000960306,-0.00036907167064852814,5.619137800861729,2.997811560488714,-0.00021462165585303927,0.0026927378191381494,0.00015445001479548888
6.600000000000001,5.637197152752031,2.999668995979595,-0.0002782507875593238,5.6390988515852944,2.9977755006629114,-0.0003131059739734646,0.002683613788669694,3.4855186414140774e-05
6.630000000000003,5.647186334883729,2.9996668948233367,-0.00034588894839909063,5.6390988515852944,2.9977755006629114,-0.0003131059739734646,0.008305706350007349,3.278297442562604e-05
6.66,5.6671854796488725,2.9996643854704472,-0.0003996548219581881,5.659082990631979,2.997764760613246,-0.00039610518629665687,0.008322193392788977,3.5496356615312137e-06
6.700000000000003,5.687165378445137,2.9996540889754173,-0.0004512305305687731,5.679073498498339,2.997760040978512,-0.0004390704565181072,0.008310591969767496,1.2160074050665927e-05
6.73,5.697163535629779,2.9996503452454504,-0.00045365386784717416,5.699077579087015,2.9977484063964037,-0.00045626930244214926,0.002698320540947337,2.615434594975107e-06
6.760000000000002,5.717160896773293,2.9996423431967427,-0.00046277823760470355,5.719078143906117,2.9977393644771015,-0.00046489012185364656,0.002701326447456807,2.111884248943009e-06
6.800000000000001,5.737156278016121,2.9996341249428933,-0.00048532495318858555,5.7390751314735695,2.9977357753666865,-0.0004868894846326495,0.0026992090887233977,1.5645314440639545e-06
6.830000000000002,5.747154293762529,2.999630448983501,-0.0004884932761539046,5.7390751314735695,2.9977357753666865,-0.0004868894846326495,0.008298352330770167,1.6037915212551465e-06
6.860000000000003,5.767151299636159,2.999623049901735,-0.0005083576216335301,5.759074351256972,2.9977301531394738,-0.0005072722335629776,0.00829579129876261,1.085388070552534e-06
6.900000000000002,5.787150833674934,2.9996156260911344,-0.000525179049095596,5.77907967441588,2.997729408723677,-0.0005222360502621968,0.008288632441018965,2.942998833399264e-06
6.93,5.797149607770676,2.999611840284386,-0.0006147253284871018,5.799214649260339,2.99769670884677,-0.0008777811501982349,0.002816402808082487,0.00026305582171113316
6.960000000000001,5.817147428588866,2.9995992688391,-0.0007919508486166555,5.819339492610245,2.997661885198495,-0.0006619092477283917,0.0029255085104492157,0.00013004160088826374
7.0,5.837135825346346,2.9995904225353724,-0.0009216204437207317,5.839664061784532,2.9975813733669767,-0.0008027213324372034,0.0032292813516948534,0.00011889911128352829
7.030000000000001,5.847132852704128,2.9995863912543537,-0.0007611860925562026,5.839664061784532,2.9975813733669767,-0.0008027213324372034,0.0077332357088956555,4.153523988100079e-05
7.060000000000002,5.86711504309362,2.999579753724785,-0.0008962153211941532,5.860093459714279,2.9974680523392236,-0.0009602258670809179,0.007332251761554752,6.40105458867647e-05
7.100000000000001,5.887093981627363,2.99957554653553,-0.0010546062229947401,5.8806745374012594,2.9973606902738985,-0.0011084960429626146,0.006790791738209691,5.388981996787452e-05
7.130000000000003,5.89707358088201,2.999575165462076,-0.0013633581143252455,5.901352838435109,2.997244386323856,-0.0013655729206246536,0.004872840711219665,2.2148062994080484e-06
7.16,5.917062198626008,2.999573829759546,-0.0011461455946761218,5.922020887962754,2.9972191094661924,-0.0010573369426749714,0.005489381349322539,8.880865200115045e-05
7.200000000000003,5.937040338156965,2.999580115401472,-0.0009467668026034643,5.942911478313651,2.997244761820915,-0.001008935462830193,0.00631855704141958,6.216866022672879e-05
7.23,5.947024507028929,2.999579526026536,-0.0010063965513426516,5.942911478313651,2.997244761820915,-0.001008935462830193,0.004729495650547296,2.5389114875415397e-06
7.260000000000002,5.967038616257089,2.9995663343536676,-0.0007411198046706686,5.963777526513471,2.9972504306616377,-0.0008358010249102828,0.003999764521404824,9.46812202396142e-05
7.300000000000001,5.987115531538335,2.999566353158829,-0.0004029351821994082,5.984268168152753,2.9973038597786994,-0.00046641896551033045,0.0036368055412248834,6.348378331092223e-05
7.330000000000002,5.997148891145109,2.9995653329518035,-0.0003617478800936253,6.004076653827296,2.997346524258319,-0.00037204278979768244,0.007274407728398521,1.029490970405714e-05
7.360000000000003,6.017149910539006,2.9995546725879088,-0.0006249611461037125,6.023534860635586,2.997355721934697,-0.00032016903513957824,0.006752997239083861,0.0003047921109641343
7.400000000000002,6.037216445826937,2.9995461095856415,-0.00038753661961170966,6.042885527812092,2.997332754006683,-0.00020155258531958688,0.006085838764978384,0.00018598403429212278
7.43,6.04723183291242,2.9995445579252182,-0.00018626482763200284,6.042885527812092,2.997332754006683,-0.00020155258531958688,0.004876724781980808,1.528775768758404e-05
7.460000000000001,6.0672728458032275,2.9995427571443085,-0.0002863868186947988,6.0624930671112915,2.997293460108909,-0.0005432459617861457,0.0052825771643527164,0.00025685914309134684
7.5,6.087258508621867,2.999528022685007,-0.00047859642169927725,6.0821144246761705,2.9972481829583066,-0.00042602662516666814,0.00562665698437451,5.256979653260911e-05
7.530000000000001,6.097266875786489,2.999520985433391,-0.0004571058891804019,6.10183555019254,2.9972256530121357,-0.00048206908200046497,0.005112859938681046,2.4963192820063056e-05
7.560000000000002,6.117249891228042,2.99951505789452,-0.0005512775231388196,6.121699324098479,2.9971943671516392,-0.0005261689688220937,0.005018272451015536,2.5108554316725907e-05
7.600000000000001,6.137257582035468,2.99950441513556,-0.000565822590802893,6.141604548727765,2.997189690114741,-0.0005435234948476206,0.004924842266097873,2.2299095955272412e-05
7.630000000000003,6.147260088519509,2.999501401596552,-0.0005083932904707473,6.141604548727765,2.997189690114741,-0.0005435234948476206,0.0061097577948019555,3.513020437687336e-05
7.66,6.167253413237734,2.999489347864623,-0.0005850449166628286,6.161534885147149,2.9971544146874174,-0.0005690899270662668,0.006176850043900149,1.5954989596561804e-05
7.700000000000003,6.18723940428486,2.999480237025751,-0.0005916917577292664,6.181474656286759,2.997116637481743,-0.0005774251350064348,0.006230483310790874,1.4266622722831608e-05
7.73,6.197241845337655,2.9994758337088356,-0.0005934747599671204,6.201469603821922,2.9970983717493844,-0.0005955908481667263,0.004850388352485471,2.1160881996059623e-06
7.760000000000002,6.217237701431749,2.999469531278789,-0.0006048406876803453,6.221473846757226,2.997079613464044,-0.0006089034124615092,0.0048638086290266076,4.062724781163894e-06
7.800000000000001,6.237241846126287,2.9994594893657,-0.0006101629854828245,6.241478075972941,2.997064559569701,-0.0006099517051882344,0.004866346888728665,2.1128029459012519e-07
7.830000000000002,6.247237942579684,2.9994552096843416,-0.0006097750910675698,6.241478075972941,2.997064559569701,-0.0006099517051882344,0.006236286659391528,1.7661412066453854e-07
7.860000000000003,6.267239767981398,2.999446017844247,-0.0006091428002554173,6.261482337235363,2.9970525521115037,-0.000609296704414574,0.006235117241014633,1.539041591567484e-07
7.900000000000002,6.2872414586390795,2.9994372767053843,-0.0006172477550591621,6.281487057719714,2.997040611123019,-0.0006086680516643963,0.006233549218101327,8.579703394765814e-06
7.93,6.297240782088004,2.9994332710445097,-0.0005774849847388004,6.301548007572482,2.9970655992696273,-0.00047913153917075843,0.0049150850458269625,9.835344556804201e-05
7.960000000000001,6.317244815808677,2.9994253151582844,-0.00037309242259991166,6.321652379497966,2.9970916034417354,-0.0003779338612090227,0.0049872665911392215,4.841438609111057e-06
8.0,6.337252857444255,2.999417199247321,-0.00033851531008404607,6.341758761778984,2.9971268940509974,-0.0003522092771491859,0.005054569394720341,1.3693967065139833e-05
8.030000000000001,6.347246371612404,2.9994127299628257,-0.00027972420339666243,6.341758761778984,2.9971268940509974,-0.0003522092771491859,0.005944653690472589,7.248507375252347e-05
8.060000000000002,6.367257903667461,2.999402817168751,-0.00023329747283933725,6.361959628310561,2.9971579043612415,-0.00020559508327697336,0.0057542467161966334,2.7702389562363894e-05
8.100000000000001,6.38729008965163,2.9993937710651437,-7.085521962262701e-05,6.3821979011751315,2.9971902725833885,-0.00011757722127477544,0.00554849430379844,4.6722001652148434e-05
8.130000000000003,6.397263606678203,2.9993874704499173,1.2029869390036109e-05,6.402520218940516,2.9972042254112825,-3.0182105061292497e-05,0.005691970781286802,4.221197445132861e-05
8.16,6.40723557860721,2.9993833612415393,-0.0004968943776834584,6.423215539803327,2.9971415291020493,-0.0006062286115566963,0.016136448530301162,0.00010933423387323794
8.200000000000003,6.4372272748580475,2.999360272078816,-0.0003162721639217642,6.443874111528433,2.997146083257224,-0.00018527108748321098,0.007005931048793065,0.00013100107643855324
8.23,6.4472153984787,2.9993615759738868,-8.227433010870424e-05,6.443874111528433,2.997146083257224,-0.00018527108748321098,0.004009065534711213,0.00010299675737450674
8.260000000000002,6.46719665935062,2.999359218305817,3.5127459754376555e-05,6.464776688610021,2.9971588518519954,6.21286059069827e-05,0.0032707599906532368,2.700114615260614e-05
8.3,6.487215086645937,2.9993503582600916,1.8569481191451046e-05,6.485606570931275,2.9971923142015844,1.6406678036302317e-05,0.002691556605901182,2.1628031551487284e-06
8.330000000000002,6.497243121011786,2.9993467910111025,3.123732526339626e-05,6.505763654677675,2.9972126531998238,2.602096550951693e-05,0.0087837371402541,5.216359753879331e-06
8.360000000000003,6.517249152196882,2.999334540133968,-9.675556910820174e-05,6.525246641292315,2.997188065558667,-0.00015838179950476383,0.008280530474189725,6.162623039656208e-05
8.400000000000002,6.537110983580757,2.999336523640895,-0.0001049524199040958,6.54449109207698,2.9971959578841445,-0.0001867703810284378,0.007684271154442496,8.181796112434201e-05
8.43,6.547279987691227,2.9993226201633245,-0.00029435552244321656,6.54449109207698,2.9971959578841445,-0.0001867703810284378,0.0035072255697140096,0.00010758514141477875
8.460000000000004,6.567326472841868,2.9993051881960677,-0.000238009981939617,6.563793611366748,2.9971165490596356,-9.544361484998271e-05,0.004155869520559127,0.0001425663670896343
8.500000000000004,6.58732895799915,2.9993044138361618,-0.000487319109036592,6.583362668690827,2.997119442234996,-0.0004183214220102654,0.004528305618574522,6.899768702632657e-05
8.530000000000005,6.59732342446404,2.9992960900107417,-0.0002791312433444921,6.603024029140694,2.9969951541219757,-0.00036277062265767325,0.00614745472888554,8.363937931318117e-05
8.559999999999999,6.617320253041934,2.999280958834991,-0.0001953007303322968,6.622770886889667,2.996903823008948,-0.0002973172486760373,0.005946442976898151,0.00010201651834374048
8.599999999999998,6.637311837663665,2.9992678100632917,-0.00021966708373837688,6.6426213764992035,2.9968161954976185,-0.000259339873298509,0.005848214823748506,3.967278956013213e-05
8.629999999999999,6.647302659749752,2.999262506435885,-0.000280393641086833,6.6426213764992035,2.9968161954976185,-0.000259339873298509,0.005281936205460375,2.105376778832401e-05
8.66,6.667295519553398,2.999252614519492,-0.0003684166407968354,6.66261311313154,2.9967949153938642,-0.0003436560564259406,0.005288214716855457,2.47605843708948e-05
8.7,6.687284381119434,2.999237141327505,-0.00041957850626588695,6.682610764761401,2.9967825666077172,-0.00041141541661476844,0.005278979723118036,8.163089651118502e-06
8.73,6.697278123888885,2.99922875019234,-0.00043444442638523157,6.7025999409059525,2.9967811378774583,-0.00045309977048606237,0.005857690876711663,1.86553441008308e-05
8.760000000000002,6.71727058140932,2.9992118631725226,-0.0004927258669570817,6.722590762112018,2.9967795189224686,-0.0005036754516481316,0.00584983942173926,1.0949584691049923e-05
8.8,6.737264842227692,2.9991940611440246,-0.0005231540700351627,6.742593594801611,2.996765776163332,-0.0005217816261359469,0.00585595183906997,1.372443899215806e-06
8.830000000000002,6.747265858483942,2.9991851431868,-0.000523978021329023,6.762597010525537,2.9967509599077236,-0.0005442966339283138,0.015523191397346103,2.031861259929081e-05
8.860000000000003,6.767265352735546,2.99916884236381,-0.0005464244034375993,6.762597010525537,2.9967509599077236,-0.0005442966339283138,0.005257335309945196,2.1277695092854904e-06
8.900000000000002,6.787262904995555,2.999152795626802,-0.0005522357900672941,6.782592893965167,2.996744056519443,-0.000551333989159143,0.005254619597198875,9.018009081510894e-07
8.930000000000003,6.797260870008629,2.9991438101132637,-0.0007865523416054549,6.802677479865036,2.996677797277916,-0.0007867399767710438,0.005951544475228225,1.876351655888701e-07
8.960000000000004,6.81726522190662,2.999122767735042,-0.0007099953975790369,6.8227480774286775,2.9966684417665563,-0.0007111553912904869,0.006007114168661915,1.1599937114499656e-06
9.000000000000004,6.837287280016836,2.9991230920967635,-0.0006477920534812482,6.842876031966646,2.996688414579106,-0.0005893164976719105,0.006096048143796625,5.847555580933768e-05
9.030000000000005,6.847272962126288,2.999105262667734,-0.0005901906802500617,6.863010042971297,2.9967154068973607,-0.0005436412584166865,0.01591750998509258,4.65494218333752e-05
9.059999999999999,6.867274135543893,2.9990873875017376,-0.0005464231584921194,6.863010042971297,2.9967154068973607,-0.0005436412584166865,0.0048794238855839845,2.7819000754329e-06
9.099999999999998,6.8872660664223755,2.9990691424541476,-0.0005462674952831298,6.883258011009163,2.996730240735786,-0.0005300172703409424,0.004640578567758245,1.6250224942187478e-05
9.129999999999999,6.897269338701221,2.99905871613032,-0.0005585337502153548,6.903595851912935,2.9967339367229684,-0.0005055235753571638,0.00674013120872538,5.3010174858191005e-05
9.16,6.9172675816970965,2.9990446115542233,-0.00044905522800225257,6.924117043059301,2.9967169841816137,-0.0008908246511748166,0.007234153035293863,0.000441769423172564
9.2,6.936188702191986,2.9990253221015726,-0.0007265294241566784,6.9443781813560586,2.996642421623257,-0.0006615467041322837,0.008529113885295331,6.49827200243947e-05
9.23,6.945120303790418,2.999020332251246,-0.0009324233582281221,6.9443781813560586,2.996642421623257,-0.0006615467041322837,0.0024910248216914437,0.00027087665409583845
9.260000000000002,6.962951780524312,2.999004475654906,-0.000889816431313521,6.964501271406306,2.99653225606227,-0.0007435490233772426,0.0029176688824462046,0.00014626740793627845
9.3,6.979847620629732,2.9989931463700805,-0.000841426661608517,6.984552978908751,2.996432553608115,-0.00089292078427741,0.0053569610626330155,5.1494122668892966e-05
9.330000000000002,6.987798548578459,2.998989893090479,-0.000738272774812136,7.00453864413921,2.9963538866608856,-0.0006756595801986114,0.016946366255924206,6.261319461352461e-05
9.360000000000003,7.003682579033105,2.99898496736652,-0.00032480179785959024,7.024200489616868,2.9964152186015927,-0.00014022903743020107,0.02067820745224636,0.00018457276042938917
9.400000000000002,7.018733872077621,2.998986097874237,0.0002830104433467278,7.042285490989308,2.996530924162597,0.00028252930956144224,0.023679244737019073,4.811337852855683e-07
9.430000000000003,7.02588297016127,2.998978988911771,0.00024268737865324627,7.057442822603929,2.9966666023860635,-0.00018431067009584435,0.03164445318925099,0.00042699804874909064
9.460000000000004,7.040184293078284,2.9989606555660893,-0.0002958078151466465,7.057442822603929,2.9966666023860635,-0.00018431067009584435,0.01741032800898176,0.00011149714505080216
9.500000000000004,7.0533760195306865,2.998945938875375,-0.0004938803757172299,7.0705238272337505,2.9966912909164747,-0.00047107453224034423,0.017295396683506152,2.2805843476885704e-05
9.530000000000005,7.059401835939195,2.9989461187793136,-0.0004915661414121514,7.081980176139715,2.996679355383813,-0.0005246439985714203,0.022691841320210612,3.3077857159268865e-05
9.559999999999999,7.071359121761699,2.9989474622042125,-0.00048245681531915825,7.0931898412333325,2.996605885672358,-0.0004824437357136585,0.02195593981827481,1.3079605499751509e-08
9.599999999999998,7.077172225821645,2.998945088382555,-0.00037034842559962417,7.103729601811505,2.996458274484521,-0.0004537285027377355,0.02667355362208515,8.33800771381113e-05
9.629999999999999,7.087393312374623,2.9989335697975386,-0.0005032887622355359,7.103729601811505,2.996458274484521,-0.0004537285027377355,0.016522755201607307,4.956025949780045e-05
9.66,7.097255224306954,2.9989421272037817,-0.0008029595116618088,7.113538083339824,2.9964276475368097,-0.0005855786869947069,0.01647586435607961,0.00021738082466710195
9.7,7.106271642636351,2.998938434641764,-0.0006735036093136677,7.122923623815347,2.996437031887375,-0.0006558670622191744,0.01683880913025942,1.7636547094493208e-05
9.73,7.110211736928594,2.9989355375612,-0.000728229945830376,7.130830991733138,2.996428667755692,-0.0007508666264121875,0.020771087234819054,2.2636680581811534e-05
9.760000000000002,7.11804432345285,2.9989278292493764,-0.0009042269357787885,7.1385858911731175,2.9964061524186305,-0.0008506556895857464,0.020695769095278142,5.357124619304206e-05
9.8,7.125056897825279,2.998924009985352,-0.0006132203096326712,7.144956782725639,2.9963914990127254,-0.0006283151905058787,0.02006038461430986,1.5094880873207494e-05
9.830000000000002,7.127981840624974,2.998924715671545,-0.0006498066463879665,7.150893311821933,2.9963833881103117,-0.0007037530771512429,0.02305198165413422,5.3946430763276315e-05
9.860000000000003,7.133843747771089,2.9989238304720396,-0.0007902279299662401,7.150893311821933,2.9963833881103117,-0.0007037530771512429,0.01723779225182492,8.647485281499724e-05
9.900000000000002,7.138858965545531,2.9989217036525804,-0.0006359353150261966,7.156325780608093,2.9964046774344655,-0.0006219870277794675,0.017647239144195435,1.394828724672907e-05
9.930000000000003,7.140793311264089,2.9989213413306444,-0.0006807191993156087,7.160273747001554,2.996396078455122,-0.0007007049719235587,0.01964342966775433,1.998577260794998e-05
9.960000000000004,7.144628514763936,2.9989188484709803,-0.0007943679977637158,7.164159014924886,2.9964128857717953,-0.0007851557007460605,0.019690614149552543,9.212297017655241e-06
10.000000000000004,7.147640417055629,2.9989211733700567,-0.0005632627886770696,7.1665917567737,2.996411176924074,-0.0005402306628663735,0.01911683444685804,2.303212581069615e-05
10.030000000000005,7.148570949906642,2.9989184921444654,-0.000549532985017302,7.1685119083087985,2.9964266217283266,-0.0006402803443576742,0.02009605036238156,9.07473593403722e-05
10.059999999999999,7.1504416246536895,2.9989193235941958,-0.0006494477479716471,7.1685119083087985,2.9964266217283266,-0.0006402803443576742,0.01824140109663198,9.167403613972894e-06
10.099999999999998,7.151466463381812,2.9989179396777974,-0.0005044980579004749,7.169943247822646,2.996433834483147,-0.0004729167855023629,0.01864302394707269,3.158127239811202e-05
10.129999999999999,7.15141966077519,2.998918793100088,-0.00045963213149751553,7.169852492145489,2.9964041441897074,-0.0004777289847739545,0.018603567708060084,1.8096853276438978e-05
10.16,7.151247562192179,2.998913784675078,-0.0005487863824291047,7.169740871260091,2.9964156253945244,-0.0006229662361723648,0.01866127755734676,7.417985374326018e-05
10.2,7.151209788763371,2.99892446113181,-0.0007168070254363542,7.169634010121248,2.996436244258313,-0.000718918331083516,0.018591480733218146,2.11130564716183e-06
10.23,7.15126141792981,2.9989192693737077,-0.0007017026854793589,7.169634010121248,2.996436244258313,-0.000718918331083516,0.018539621289459626,1.7215645604157052e-05
10.260000000000002,7.15126604355522,2.9989197008551187,-0.0007843466726690714,7.169554088927727,2.996462007943402,-0.0007271478481864588,0.018452448563677573,5.719882448261256e-05
10.3,7.1512620007475505,2.9989190699055874,-0.0007426143704564663,7.169453245625532,2.996487558256023,-0.0007990827052954827,0.018353028063855432,5.646833483901638e-05
10.330000000000002,7.1512583853668374,2.998918811977643,-0.000811876498228274,7.169375502853013,2.9965186274836073,-0.0007999871143267934,0.018275416044875696,1.1889383901480545e-05
10.360000000000003,7.151245268041961,2.9989175345834003,-0.0008118461342245182,7.169306157371186,2.9965476935016127,-0.0007798723661190842,0.01821570394235232,3.1973768105433994e-05
10.400000000000002,7.151241471786782,2.998917054633559,-0.0007917159244480926,7.169207789663633,2.9965732800010647,-0.0008478321719301821,0.01811855009596506,5.6116247482089444e-05
10.430000000000003,7.1512343265780025,2.9989169362871713,-0.0008352410867757327,7.169130972213947,2.9966043003471547,-0.0008468643905091222,0.01804544845687177,1.1623303733389562e-05
10.460000000000004,7.151237000632907,2.998917933304722,-0.0008595211966512733,7.169130972213947,2.9966043003471547,-0.0008468643905091222,0.018042924275332776,1.2656806142151075e-05
10.500000000000004,7.151225977623499,2.9989186267678427,-0.0008827914269730546,7.169062056604628,2.9966331696842574,-0.0008267104255383345,0.017981908338716095,5.608100143472011e-05
10.530000000000005,7.151219828045958,2.998918231166491,-0.0008383708372407467,7.168963799199158,2.9966587672435807,-0.0008944192901856088,0.017887249355463358,5.604845294486201e-05
10.559999999999999,7.151214778416375,2.9989181344824227,-0.0009060558916171231,7.168887028786315,2.996689817679429,-0.0008933279509225993,0.017812182036806987,1.2727940694523825e-05
10.599999999999998,7.151212427090032,2.9989173778170457,-0.0009049679682062091,7.168818124768074,2.996718669737975,-0.0008733119354141537,0.017742460594505724,3.1656032792055444e-05
10.629999999999999,7.15120294687806,2.998918357112924,-0.0009293602748749392,7.168818124768074,2.996718669737975,-0.0008733119354141537,0.017751989089799143,5.604833946078549e-05
10.66,7.1511895141198,2.9989177409266254,-0.0009283089467681454,7.168719866415532,2.996744273450954,-0.0009410296133201302,0.017664575072168502,1.272066655198475e-05
10.7,7.15118606898557,2.998917775341267,-0.0009083992494004973,7.168643079005293,2.996775334129306,-0.0009400091632152123,0.017587986046600706,3.160991381471502e-05
10.73,7.151178964004478,2.9989172234842343,-0.0009517042985848696,7.168574153730225,2.996804187371347,-0.000920090294795686,0.017523057587336785,3.16140037891835e-05
10.760000000000002,7.1511749593347425,2.9989175898916187,-0.0009318379147570872,7.16847589159702,2.9968297937515205,-0.000987834097458388,0.017426449720655386,5.599618270130092e-05
10.8,7.151169181320624,2.9989184859160654,-0.0009995674957998175,7.168399083718216,2.9968608582990326,-0.0009869059778863617,0.017352330334596065,1.2661517913455794e-05
10.830000000000002,7.151162879267494,2.9989182195912183,-0.0009553273562893855,7.168330133902432,2.9968897148803064,-0.000967069660179253,0.017286684559597112,1.1742303889867504e-05
10.860000000000003,7.151160970019872,2.9989189264530993,-0.001023072093385417,7.168330133902432,2.9968897148803064,-0.000967069660179253,0.01728866356990493,5.600243320616407e-05
10.900000000000002,7.151197493474504,2.9989151497563262,0.001057887482181004,7.16803732613509,2.99692724123262,-4.1463850977693435e-05,0.016956761021349513,0.0010993513331586976
10.930000000000003,7.151240726500033,2.998903260201768,0.004739542027502769,7.165875916288307,2.996059086043969,0.007312138750268822,0.014908994157175576,0.0025725967227660526
10.960000000000004,7.151246441459684,2.9987707433852133,0.017594204455080375,7.160874924656356,2.9929461156471278,0.02191578458100344,0.01125317630519746,0.004321580125923066
11.000000000000004,7.151354721006449,2.9986683467766504,0.037545648923417003,7.153284318841885,2.9875963875140914,0.04345887698613385,0.011238844678982124,0.005913228062716845
11.030000000000005,7.151428323222653,2.998648776165834,0.04947695102787814,7.144599283029822,2.9806728176855986,0.06747410040008475,0.01922942727276222,0.01799714937220661
11.059999999999999,7.151504471781746,2.998651729722543,0.06152434766748722,7.144599283029822,2.9806728176855986,0.06747410040008475,0.01925935901664135,0.005949752732597534
11.099999999999998,7.151866016138224,2.9988295320498053,0.09652215490985769,7.136124638280549,2.97363051289415,0.0907124239819246,0.029711639861596285,0.0058097309279330905
11.129999999999999,7.151952221651551,2.998885407824302,0.10814153585618864,7.127861491269106,2.966499155599931,0.1139599211169747,0.0403637538331143,0.005818385260786055
11.16,7.152078039821049,2.9989358339784014,0.13178709624589496,7.120094804451575,2.959423339786481,0.13767645255504057,0.05083467853705531,0.00588935630914561
11.2,7.1522312632328955,2.9989946834605856,0.15506421685282099,7.112870092121083,2.952658918555057,0.16076987674069304,0.06079724418650725,0.0057056598878720555
11.23,7.152337959663472,2.999035828980784,0.16636290592607766,7.112870092121083,2.952658918555057,0.16076987674069304,0.060897704299747654,0.005593029185384624
11.260000000000002,7.152647422316086,2.9991519645040734,0.18708675356370602,7.106637889133693,2.946720882541245,0.182212004510636,0.0697559710666733,0.004874749053070032
11.3,7.153018769499088,2.9993182849068867,0.2045542485476113,7.102222458166328,2.9425966241328125,0.1999797898938215,0.07614205175843232,0.0045744586537898035
11.330000000000002,7.153044703780809,2.9993701463796536,0.21433079942896743,7.101479092634807,2.941553551072476,0.21894135031252482,0.07747109748657673,0.004610550883557385
11.360000000000003,7.152155089175542,2.9991873328058487,0.23373234811935722,7.103351485536033,2.944658315897416,0.23768877655783352,0.07317926901249083,0.003956428438476295
11.400000000000002,7.151515540563823,2.999042935016195,0.24194879989943813,7.108060962439519,2.952662311063016,0.25602966420846196,0.06355676705314242,0.014080864309023833
11.430000000000003,7.150633519342366,2.9989533945908815,0.26145557158798294,7.114813279618199,2.964017511242431,0.2788452121339642,0.05003604220192995,0.017389640545981244
11.460000000000004,7.150382171698849,2.998755654587563,0.28510629128114356,7.114813279618199,2.964017511242431,0.2788452121339642,0.0497180519219317,0.0062610791471793825
11.500000000000004,7.150195688568436,2.9984196394606646,0.31173037631604267,7.121767875001146,2.975588379927262,0.304877386498989,0.03646103394170493,0.0068529898170536785
11.530000000000005,7.150104427332007,2.998289528726346,0.326013364180581,7.12817938451254,2.9866082403487466,0.33333494827431426,0.024842705182730875,0.0073215840937332355
11.559999999999999,7.149998522233472,2.9981329945988575,0.35392986060465775,7.134805018580098,2.9962566089862444,0.3602799909282638,0.015308931257024042,0.00635013032360604
11.599999999999998,7.150015779142611,2.998074211930881,0.36667185590740076,7.141006812532339,3.005267379551367,0.3854571291518567,0.011528362407618623,0.018785273244455947
11.629999999999999,7.150023073163278,2.9980331399569238,0.3916836460014422,7.141006812532339,3.005267379551367,0.3854571291518567,0.01155972224038415,0.006226516849585473
11.66,7.149978645510362,2.998063515177324,0.416118525853372,7.146954479232811,3.0140025193471165,0.4099973710233733,0.016223360798519562,0.006121154829998698
11.7,7.1499422185610815,2.9980921478770526,0.44022141131159614,7.152497507448897,3.0226356368382614,0.43415707643695334,0.02467614945021146,0.006064334874642807
11.73,7.149929796991811,2.998086414610629,0.452487785801135,7.157576935954042,3.0310503679639553,0.45871657940365296,0.03383934034504701,0.006228793602517935
11.760000000000002,7.149889647240619,2.9980807356512975,0.47795083286428813,7.162003078469552,3.0392247552172784,0.4845769203573846,0.04289015693820558,0.006626087493096455
11.8,7.149865102477197,2.998074854686232,0.5050563528066251,7.165535426357709,3.046938390729305,0.5120421606831833,0.05131475621254429,0.0069858078765582254
11.830000000000002,7.149860401479677,2.998073284177578,0.5191006702253685,7.168170963608565,3.053764913936645,0.5409997813401287,0.05862451970546853,0.021899111114760172
11.860000000000003,7.149861158853725,2.9980277748151067,0.5486068249733506,7.168170963608565,3.053764913936645,0.5409997813401287,0.05866751765341782,0.007607043633221844
11.900000000000002,7.149875587970616,2.9979243714238186,0.58068361474674,7.170246774727048,3.0588581044126872,0.5723692587423495,0.06424877481963515,0.008314356004390566
11.930000000000003,7.149881513779144,2.997884774751843,0.5978998234637978,7.171608491637063,3.061993446260217,0.6068222817877519,0.067690348864569,0.008922458323954108
11.960000000000004,7.14987569183148,2.99789132599365,0.6348328901006869,7.172023045320558,3.064106355603585,0.6446088873089516,0.06982073769887262,0.00977599720826472
12.000000000000004,7.149865091298058,2.9979201449105544,0.6546146237044173,7.171456079267624,3.0650876693726277,0.6860733798892934,0.07055244222466815,0.03145875618487615
12.030000000000005,7.149848579576336,2.9979457547015667,0.6970619239762851,7.169957691572266,3.0649008021824877,0.7311429997812172,0.06990961856881547,0.03408107580493214
12.059999999999999,7.149847631631058,2.9979494064463386,0.74249681752347,7.169957691572266,3.0649008021824877,0.7311429997812172,0.0699063938553366,0.011353817742252748
12.099999999999998,7.149906116131543,2.9980432246563473,0.7875516145855662,7.16802226189171,3.0644881612289234,0.7764371286140169,0.06887034436778479,0.011114485971549293
12.129999999999999,7.14994789115811,2.998118859852385,0.8096575318972217,7.165772268151118,3.064467935025452,0.8206492665947308,0.06821004825931501,0.010991734697509137
12.16,7.150017369437188,2.998276968922878,0.8537062019534567,7.163096003908397,3.0648405426859826,0.8646311969029844,0.06783627371655782,0.0109249949495277
12.2,7.150090863944248,2.998386141709693,0.8975383846063437,7.160377255308665,3.064447705607387,0.9083639503927344,0.06685761042627156,0.010825565786390712
12.23,7.150144247351968,2.998362422570257,0.9191236300010891,7.160377255308665,3.064447705607387,0.9083639503927344,0.06687285761756703,0.010759679608354666
12.260000000000002,7.150226653880726,2.9984022321294113,0.9620683479134998,7.157823895541911,3.0634668728776933,0.9513855512188701,0.06550668329690829,0.010682796694629682
12.3,7.150253745406182,2.998584743328391,1.005109583585607,7.1550091665750415,3.0631178358295856,0.9942913360291961,0.06470806795339341,0.01081824755641092
12.330000000000002,7.150270598535183,2.99866947537367,1.026892679390754,7.151889628441729,3.063296841523502,1.0378652157581538,0.06464764275132341,0.01097253636739981
12.360000000000003,7.150323941023622,2.998817997315308,1.0711837231470407,7.148462380555172,3.0639250724533467,1.082427028693105,0.06513368284081528,0.011243305546064342
12.400000000000002,7.150372395846354,2.9989340600553382,1.1165305260754992,7.144784999145655,3.064934711671301,1.128020805821896,0.0662367346388896,0.011490279746396714
12.430000000000003,7.150399867481849,2.9989921212554087,1.1395742814124072,7.141099055744532,3.0663717592794195,1.1744682247524683,0.06801853217483994,0.03489394334006102
12.460000000000004,7.150417168346856,2.9990071649311285,1.1861457663617077,7.141099055744532,3.0663717592794195,1.1744682247524683,0.06800599822206406,0.011677541609239395
12.500000000000004,7.150440694398011,2.998954461501213,1.2327302661770108,7.137784399478398,3.0680540387209088,1.221130797455453,0.0702490809408415,0.011599468721557704
12.530000000000005,7.150465322220715,2.9989185497942747,1.2557650369797515,7.135572557618574,3.0699488170693976,1.2671851148386277,0.07257474289771997,0.01142007785887622
12.559999999999999,7.150519477032368,2.9988479581441903,1.3009565123944884,7.134712686347631,3.0723519215926243,1.3118477452961945,0.07518435525014386,0.010891232901706127
12.599999999999998,7.150529068043554,2.998864403365055,1.3425234247370015,7.134282817981299,3.0748896503346894,1.3525918761562143,0.07774174437121423,0.010068451419212865
12.629999999999999,7.150520372186186,2.998858792493804,1.361878339915289,7.134282817981299,3.0748896503346894,1.3525918761562143,0.07774541472381208,0.009286463759074604
12.66,7.150496324707847,2.9988203762991485,1.3976694526468625,7.1347161594294946,3.077085915037895,1.3889576391915417,0.07984051709676201,0.008711813455320794
12.7,7.150508535927855,2.998823135311588,1.4295819084994839,7.135838124676221,3.079057932418822,1.4218828511544597,0.0815649657213872,0.007699057345024185
12.73,7.15049982249527,2.9988169216789604,1.4440391996437278,7.137073710982389,3.080505788081471,1.451101609219593,0.08278484984877062,0.007062409575865125
12.760000000000002,7.150447092535035,2.998803321327549,1.4709940552275846,7.137941532184892,3.081952953929209,1.4771461171363403,0.08408478127141752,0.006152061908755613
12.8,7.150370281884424,2.9988290244980824,1.4948012200877874,7.138668353019267,3.0834038773652552,1.5002779208595551,0.08538056498213815,0.005476700771767762
12.830000000000002,7.150371763750735,2.9988352609887614,1.5056266188054381,7.139208170656632,3.0847441465538687,1.520770318211444,0.0866311862426541,0.015143699406005906
12.860000000000003,7.15036713608931,2.9987671574669283,1.5255851230526234,7.139208170656632,3.0847441465538687,1.520770318211444,0.08669812663479856,0.004814804841179354
12.900000000000002,7.150409272348222,2.998770705485783,1.5441376523279904,7.140091226988497,3.0861933517930846,1.5396477455908117,0.08802943341528949,0.004489906737178639
12.930000000000003,7.150416790102408,2.9987603045406184,1.5527831221315718,7.14095655928779,3.0873503271409035,1.5567015198087637,0.08909370388183936,0.0039183976771919315
12.960000000000004,7.150401181353621,2.998712097949146,1.5681033574397192,7.141681106089709,3.0884671295277846,1.5717441198533961,0.09017763251655425,0.0036407624136769456
13.000000000000004,7.150382765131264,2.998704078508059,1.5821318707741086,7.142512584097898,3.089199990934361,1.5853899957669526,0.09083749179367978,0.003258124992844058
13.030000000000005,7.150387249500957,2.9986855526375598,1.5885806596598513,7.1435214437931815,3.089757199496084,1.5974135411484318,0.09133008348589584,0.008832881488580524
13.059999999999999,7.1504126955768506,2.9986721703752495,1.6002054650352293,7.1435214437931815,3.089757199496084,1.5974135411484318,0.0913453440580812,0.0027919238867974983
13.099999999999998,7.150386891914402,2.9986948125008075,1.6104970798288165,7.144429847946739,3.090428699171528,1.6079368581836473,0.09192710338387289,0.002560221645169225
13.129999999999999,7.150374376896254,2.9986705038689543,1.6150785647805992,7.145485768068602,3.0909933305254946,1.6172535760459366,0.09245216502669579,0.0021750112653373677
13.16,7.150386635989268,2.998629116909276,1.622695269896482,7.146477130909561,3.091994510207337,1.6239569983795459,0.09344720913793997,0.0012617284830638287
13.2,7.1504043218238635,2.9985675390032642,1.628550478080816,7.147675072188124,3.093142915567157,1.6294080441541376,0.09461474861656775,0.0008575660733216584
13.23,7.150399521721754,2.9985415110726317,1.630779852858382,7.147675072188124,3.093142915567157,1.6294080441541376,0.09464062741549265,0.0013718087042442484
13.260000000000002,7.150400525550868,2.9984409996934427,1.6354862646491282,7.149188995080718,3.094061348521511,1.6346505834473188,0.09562802369641232,0.000835681201809324
13.3,7.150382908159681,2.9983389404101066,1.6404525763082434,7.150554528500772,3.0948173333557163,1.639238153727718,0.09647854558869004,0.0012144225805252873
13.330000000000002,7.150378535163668,2.99829230974999,1.6429566081417444,7.151815122234621,3.095460386216891,1.64348983433534,0.09717869553914574,0.0005332261935955263
13.360000000000003,7.150362756365161,2.9982397626959623,1.6466355852903278,7.152928643777607,3.0958294487739764,1.6476764973657922,0.09762341218692722,0.0010409120754644174
13.400000000000002,7.1503425848226705,2.9981779079882185,1.6501708208597894,7.153795969406279,3.096277403622974,1.6508796434095552,0.0981602613529309,0.0007088225497657863
13.430000000000003,7.150332111901578,2.998148947038159,1.651576533066359,7.1544461146553875,3.096603650617253,1.6537020689819861,0.09854061941912887,0.0021255359156271414
13.460000000000004,7.150332289788413,2.998103379257879,1.6539906718613213,7.1544461146553875,3.096603650617253,1.6537020689819861,0.09858614006495268,0.0002886028793351869
13.500000000000004,7.150294670839097,2.998005353645537,1.6558468595850395,7.154986311142377,3.0969709945359583,1.6557114538986237,0.09907678620942043,0.00013540568641579043
13.530000000000005,7.150345319954061,2.99799802457128,1.6566822161144832,7.155347658048966,3.0972450285844135,1.6571220126695878,0.09937299025388473,0.00043979655510462123
13.559999999999999,7.1503487125539325,2.9979179957337836,1.6583745894940232,7.155676124414183,3.0974910274282874,1.658396264315128,0.09971544493188303,2.1674821104822328e-05
13.599999999999998,7.150363663596327,2.997876120523066,1.6590455382357157,7.156063195484437,3.0978071833091296,1.6593144722725102,0.10009346618683852,0.00026893403679451033
13.629999999999999,7.150359910900148,2.997848929426134,1.6593634858057926,7.156063195484437,3.0978071833091296,1.6593144722725102,0.10012082687626374,4.9013533282460386e-05
13.66,7.150341645286505,2.9978218655952547,1.6600498451934258,7.156202709586524,3.0982720526806884,1.659806352993603,0.10062103239496004,0.00024349219982289227
13.7,7.150336474234298,2.997816737360634,1.6601924616937764,7.1564046199321885,3.0987533824766915,1.6604417595604004,0.10111888408945054,0.00024929786662397646
13.73,7.150352843841844,2.99778707308319,1.6602185229489836,7.156553861610034,3.099214379005841,1.6602040817789,0.1016166866616326,1.4441170083534516e-05
13.760000000000002,7.1503535471845865,2.997779243381007,1.65994343901392,7.156689801490691,3.099669745993366,1.6597631065220972,0.10208732850472103,0.00018033249182280997
13.8,7.150361516648067,2.997760492428374,1.6598081438262775,7.156776426431025,3.100164206997071,1.6598904481986143,0.10260444349535085,8.230437233680554e-05
13.830000000000002,7.150352408495529,2.9977544567150782,1.6600211225254289,7.156796204236879,3.1006843520822107,1.660337813340896,0.1031314009593833,0.0003166908154670356
13.860000000000003,7.150349135744143,2.9977479512146066,1.6603686308273429,7.156796204236879,3.1006843520822107,1.660337813340896,0.10313809827472153,3.081748644695459e-05
13.900000000000002,7.150357855765934,2.997729689195617,1.6606089239165516,7.156864015576138,3.101146270907125,1.6605773344990833,0.10362103786571979,3.15894174682807e-05
13.930000000000003,7.150357957679669,2.9977266963489737,1.660783595594957,7.156844781803679,3.10148685935237,1.660869144931994,0.10396273521655357,8.554933703686096e-05
13.960000000000004,7.150358352769988,2.9977312783229175,1.6608326303594327,7.156941744954562,3.101854116568565,1.6609149714911473,0.1043307552785139,8.234113171456947e-05
14.000000000000004,7.150360089600502,2.9977271168267596,1.6608440538351537,7.157035115813917,3.102344065873919,1.6607357825267464,0.1048296809252311,0.00010827130840729282
14.030000000000005,7.150360424014082,2.9977331159637037,1.660825313115604,7.15712945521829,3.102741795443812,1.660886658738226,0.10522662471827025,6.134562262194443e-05
14.059999999999999,7.150358637144189,2.9977259750314564,1.6609385614631553,7.15712945521829,3.102741795443812,1.660886658738226,0.10523386581454051,5.1902724929275834e-05
14.099999999999998,7.1503502053088015,2.9977153512802603,1.6614703133795883,7.157134037057465,3.1032254683761202,1.6613046139852314,0.10572797729445237,0.0001656993943568441
14.129999999999999,7.150354582608292,2.99769164991531,1.6615021110254686,7.157162413792621,3.1037543302270287,1.6616996805668551,0.10628094241368083,0.00019756954138649974
14.16,7.1503557652979035,2.99767227200541,1.661897325841426,7.157222902604951,3.1042923657198913,1.6619454473466255,0.10684101253020137,4.812150519950542e-05
14.2,7.150358383296039,2.997673392204024,1.6619315751139765,7.157340041125952,3.1047820437999047,1.661828095238962,0.10733595293629117,0.00010347987501457823
14.23,7.150362937722357,2.997667024181603,1.6619243534094896,7.157340041125952,3.1047820437999047,1.661828095238962,0.10734201134566869,9.625817052771879e-05
14.260000000000002,7.150352930361526,2.9976385793600966,1.662364717436207,7.157366708314704,3.105232432579714,1.6621706189656615,0.10782221631844258,0.00019409847054552287
14.3,7.150348005563284,2.99764595311652,1.6625372395231897,7.15740380377222,3.1057818185807733,1.662418354640014,0.1083658142038731,0.00011888488317568502
14.330000000000002,7.150349966864447,2.997641360969023,1.6628439621779225,7.15740940649564,3.106216114671166,1.6630345256650265,0.10880401109052712,0.00019056348710400073
14.360000000000003,7.150362125062955,2.9976365539682477,1.6632444771226509,7.157415726287096,3.106703875000266,1.66346665963181,0.10929516827074537,0.00022218250915906346
14.400000000000002,7.150355426735771,2.9976206812790847,1.6636366838553438,7.157450162109829,3.107226749926467,1.66368037067493,0.10983544762217066,4.368681958610843e-05
14.430000000000003,7.150355213051281,2.9976221556760545,1.6635463777879127,7.157583586122316,3.1077313043826753,1.6634696561387514,0.11034615537548555,7.67216491612821e-05
14.460000000000004,7.150363484893022,2.997621121804482,1.6635372550344207,7.157583586122316,3.1077313043826753,1.6634696561387514,0.11034664548215446,6.759889566931854e-05
14.500000000000004,7.15034557061063,2.997602811017554,1.6636205960382242,7.157666101264634,3.1081452265434883,1.663575617915064,0.11078454675343725,4.4978123160177574e-05
14.530000000000005,7.150354316069956,2.9975928950127635,1.6638091526893368,7.157656815503244,3.1086370095176963,1.6639992340183831,0.11128396948418848,0.00019008132904629882
14.559999999999999,7.150352450404478,2.997591794728042,1.6640720920709096,7.1577120302701465,3.1091840063404432,1.6641092980748944,0.1118346328663268,3.720600398482432e-05
14.599999999999998,7.150351082677765,2.9977910489770148,1.6637453795823363,7.157633359270261,3.1107483962634483,1.6636231508762647,0.11319184537040461,0.00012222870607159209
14.629999999999999,7.150339499456241,2.9996221134043326,1.6636795863135065,7.157633359270261,3.1107483962634483,1.6636231508762647,0.11136539468376515,5.6435437241875164e-05
14.66,7.150339984466594,3.0007103932186934,1.6639030359425608,7.157411357630388,3.112937539647125,1.664035236952688,0.11244970748690376,0.00013220101012723084
14.7,7.150365332405901,3.0047458057000243,1.663872757550188,7.157150216917932,3.1155795444680154,1.6639190508060444,0.11104121895554332,4.62932558564777e-05
14.73,7.150375426977721,3.0067742048923023,1.6639645111557626,7.156758584997864,3.119603108789158,1.6640927996432158,0.11300931935409564,0.00012828848745316535
14.760000000000002,7.150412156958932,3.010892050942304,1.6640422570335027,7.156373176159403,3.124032193898745,1.6642266058594206,0.11329706835621287,0.00018434882591789048
14.8,7.150463814996,3.015876049068636,1.6637197496377312,7.155923029692174,3.1293759777990604,1.6636661539372817,0.11363114382470317,5.359570044949358e-05
14.830000000000002,7.150487817334984,3.0188974497071954,1.6636646854117614,7.155416568945821,3.135437513659016,1.6638500497376127,0.11664424159955653,0.00018536432585136708
14.860000000000003,7.1505511347930035,3.025024363988384,1.663968192142359,7.155416568945821,3.135437513659016,1.6638500497376127,0.11052029709372271,0.0001181424047462798
14.900000000000002,7.150585170305855,3.0282276935730863,1.663524301202433,7.1548863040501285,3.142147282502024,1.6632072453937967,0.11400075654671891,0.0003170558086362796
14.930000000000003,7.150668730046892,3.036062238078204,1.6619835828960914,7.1545912638248526,3.149559138407965,1.6615431578458535,0.11356466288288336,0.00044042505023789147
14.960000000000004,7.15079613217511,3.0441841855147254,1.6603180384734126,7.154563220394994,3.157163505225243,1.6598854098802998,0.11304210558861588,0.0004326285931128826
15.000000000000004,7.150886474604814,3.0531556254134085,1.657425608495044,7.154001532219262,3.1659413263942677,1.656731649303385,0.11282871057352879,0.0006939591916590437
15.030000000000005,7.150913676437562,3.058195576351942,1.6561851821288955,7.153218660902036,3.1753012446001567,1.655379797658328,0.11712835049313361,0.0008053844705675495
15.059999999999999,7.15102530518795,3.0683094475084793,1.6553446853522433,7.153218660902036,3.1753012446001567,1.655379797658328,0.1070142768708698,3.5112306084661427e-05
15.099999999999998,7.151084060902443,3.0735162982563247,1.6554077104826128,7.152139409541158,3.185167156370378,1.655342879429202,0.11165584569718538,6.483105341081874e-05
15.129999999999999,7.151213022146582,3.085297513876209,1.6543234122338941,7.151027855610086,3.196334034507326,1.654081663453423,0.11103667502456457,0.00024174878047111825
15.16,7.1513832873731005,3.0974016208928754,1.6536688903736345,7.1500046402273725,3.2081356010141615,1.6537222667428706,0.1107425619238322,5.3376369236080023e-05
15.2,7.1509650877107935,3.1099354384381366,1.6534756786446982,7.148899950089013,3.220836920676109,1.6534356516272375,0.11092070841811368,4.00270174607531e-05
15.23,7.1516146450254166,3.117365755676843,1.653393439885583,7.148899950089013,3.220836920676109,1.6534356516272375,0.10350677057518068,4.221174165452979e-05
15.260000000000002,7.151772407410373,3.1314216250334344,1.6534174093280698,7.147768230383415,3.2343546085026023,1.653352552005132,0.1030108369033434,6.485732293781687e-05
15.3,7.1519309146576635,3.1464273308065778,1.65351877446412,7.146589496124455,3.2481094967404442,1.653402101607392,0.10182236306897056,0.00011667285672789518
15.330000000000002,7.152013203257678,3.154459389184868,1.6540985089277043,7.145314897836635,3.262130845212162,1.6544596867330317,0.10787960761214829,0.0003611778053274062
15.360000000000003,7.152181117633239,3.1705906564176667,1.6560950267371601,7.143944100065089,3.276453401889225,1.6567010799355446,0.10618271675368814,0.0006060531983844708
15.400000000000002,7.152364317201581,3.187694217592518,1.658583110433192,7.142569247165726,3.2914360018693696,1.6590162283868557,0.10420317270578738,0.00043311795366363093
15.430000000000003,7.152457663166324,3.196733212589962,1.659575754875879,7.141073543273606,3.3073805907498213,1.6606945718596728,0.11123147252186605,0.0011188169837939022
15.460000000000004,7.152664185210178,3.2148714855427807,1.6609775561565248,7.141073543273606,3.3073805907498213,1.6606945718596728,0.09323238453836272,0.00028298429685191806
15.500000000000004,7.152868136339807,3.2340100898219566,1.6616633803329655,7.139506533844264,3.324302178665517,1.6616304832707993,0.09127537306953225,3.28970621661373e-05
15.530000000000005,7.1529649677980345,3.244071130967476,1.6618827725430507,7.137700042033134,3.3425266808254124,1.6619336051310392,0.09963188875273087,5.083258798843637e-05
15.559999999999999,7.153194043321815,3.264152551527939,1.662143983476745,7.135941326299772,3.361782944428076,1.6622375452466418,0.09914307773353517,9.356176989672171e-05
15.599999999999998,7.1534569478152426,3.2841848940097687,1.6624153212642863,7.134133388255023,3.3815056760712534,1.662390179005667,0.09922063583315903,2.5142258619270663e-05
15.629999999999999,7.1535859727784015,3.2941592052747017,1.6623563214578057,7.134133388255023,3.3815056760712534,1.662390179005667,0.08948636211877223,3.385754786133788e-05
15.66,7.15384822482087,3.3141145729127257,1.662314526657249,7.132332573315214,3.401433460462472,1.6623200379694065,0.0899305920287313,5.511312157535642e-06
15.7,7.154104335637064,3.3340739515524103,1.6622908828176546,7.130503930270957,3.421348293482847,1.662296848100238,0.09040901444455278,5.965282583453302e-06
15.73,7.154233771975179,3.344062652680397,1.6622793275225818,7.128674921801234,3.4412633332904936,1.6622738325700255,0.1005048612420326,5.494952556306387e-06
15.760000000000002,7.15449293565136,3.364050205362866,1.6622587485057845,7.126846276420464,3.461179749244406,1.662254190824508,0.10098755399189209,4.557681276384784e-06
15.8,7.1547530364656975,3.3840448579738798,1.662241947423889,7.125018113793388,3.481097700862061,1.662238312892974,0.10150576308272456,3.634530914897738e-06
15.830000000000002,7.154882980584202,3.3940434886306003,1.6622349053318701,7.123190427398105,3.5010172351326703,1.6622258936184386,0.11156971080065921,9.01171343148377e-06
15.860000000000003,7.155142308125262,3.41404151004747,1.6622232815485778,7.123190427398105,3.5010172351326703,1.6622258936184386,0.09265904940208913,2.612069860852273e-06
15.900000000000002,7.154357592755346,3.4339976602285107,1.662214371485342,7.121363007823471,3.520938494412566,1.6622163877825735,0.09299113551003732,2.0162972316217775e-06
15.930000000000003,7.155531746958261,3.4440415356298204,1.6622106629412807,7.11953596553251,3.540861781211347,1.6622078952943464,0.103294996175602,2.76764693429854e-06
15.960000000000004,7.155792735749312,3.4640446631847763,1.6622005037028589,7.1177132017405516,3.560788112860705,1.6622003027018877,0.10396800452794726,2.0100097120057114e-07
16.000000000000004,7.156053619912887,3.484048550104036,1.662198544569534,7.1158877317283284,3.5807145251105115,1.6621980036955586,0.10467859999831386,5.408739753853808e-07
16.030000000000005,7.156183982642048,3.494049950593379,1.6621975865576097,7.114059864346889,3.600649586656371,1.6621911335402721,0.11462078236910975,6.453017337593181e-06
16.06,7.156444231892003,3.5140540446731747,1.662184781387938,7.114059864346889,3.600649586656371,1.6621911335402721,0.09641173426281034,6.352152334132555e-06
16.099999999999998,7.1567022723571885,3.534041620617367,1.6617762142004529,7.112242223371345,3.620603137211414,1.6621550562074592,0.09731182924436813,0.0003788420070063303
16.13,7.156834660476829,3.544034309066134,1.661870609371165,7.110472626640237,3.6408505295798785,1.6619106126698064,0.107344393128059,4.0003298641400065e-05
16.16,7.157098546724922,3.564021052339587,1.6617689631584047,7.10874219803813,3.661220708878363,1.6618154641135123,0.10856385074956813,4.650095510760899e-05
16.2,7.157364829443793,3.5840041537709553,1.6614366134617913,7.107032335887895,3.68157864321574,1.6614068365099015,0.10979135165378429,2.9776951889770586e-05
16.23,7.157493980973147,3.5939905700932058,1.661073236832069,7.107032335887895,3.68157864321574,1.6614068365099015,0.10108436168878114,0.00033359967783241906
16.26,7.157745885143701,3.6139891267384296,1.6609584855056396,7.1052709117187405,3.7018361769934294,1.6609400019851146,0.1023265707157957,1.8483520525025554e-05
16.3,7.157998692716553,3.63398713293956,1.6610935550595705,7.103477012112923,3.721731423964272,1.6610531076322705,0.10330379597707684,4.044742729991668e-05
16.330000000000002,7.158127000192907,3.643987420702282,1.661169126280171,7.101711914635732,3.7415911453019177,1.6612075158735542,0.11273486121934471,3.8389593383092446e-05
16.360000000000003,7.15735199203287,3.6639423239315514,1.6613213378414344,7.099930098853155,3.7614499628752798,1.6613505459842173,0.11315923943153372,2.9208142782843893e-05
16.400000000000002,7.158628504833258,3.683998102597464,1.6614842841149267,7.098103423402158,3.7812669931159886,1.6615484703859935,0.11456230857025358,6.418627106685726e-05
16.430000000000003,7.158753114883936,3.6939964206422378,1.6616136385511628,7.096285504799279,3.8010716068540065,1.6617587656640849,0.12396490556594524,0.00014512711292202773
16.460000000000004,7.1590058055458545,3.7140158072057914,1.6622507801961623,7.096285504799279,3.8010716068540065,1.6617587656640849,0.10729654411084766,0.0004920145320774783
16.500000000000004,7.159255680712113,3.7340250999153533,1.662794262861914,7.09447655475915,3.8204635731039245,1.6627355603377054,0.10801826144870706,5.870252420847599e-05
16.530000000000005,7.159383118919628,3.744021939673593,1.6627537082396961,7.092616149697071,3.839963143429741,1.6631508038162226,0.116886880176282,0.00039709557652645167
16.56,7.159638003674857,3.764073700426153,1.6633034065198564,7.090774998800747,3.859611145159246,1.663244070854167,0.11776891264854485,5.933566568949722e-05
16.599999999999998,7.159895922220702,3.784058969237646,1.663088800020763,7.088986617578038,3.879493539522109,1.6630686521107012,0.11889443506861977,2.01479100618851e-05
16.63,7.1600281872660485,3.794053272716296,1.6630495481714376,7.088986617578038,3.879493539522109,1.6630686521107012,0.11111680257992011,1.910393926363163e-05
16.66,7.160282770345731,3.8140297348408683,1.6629820200288985,7.087147194835207,3.899393198896179,1.6629977156326252,0.11240877813043691,1.5695603726717522e-05
16.7,7.160543641326964,3.834010564177772,1.662929134244677,7.085303822332304,3.9192981055348195,1.6629407100527351,0.1137321197950657,1.1575808058106318e-05
16.73,7.160675232817985,3.8440034368809655,1.6629111248212436,7.083465781710665,3.939207487375757,1.6629033227207362,0.1225769577486258,7.802100507436904e-06
16.76,7.160937409801877,3.8639930075998175,1.662882724647353,7.081629946916018,3.9591217033003248,1.6628766295898765,0.12385129153574334,6.095057476507293e-06
16.8,7.161198886192279,3.8839872035365866,1.6628607722912592,7.07979361567954,3.979038726622975,1.6628564899684342,0.12514635475432181,4.2823228250110645e-06
16.830000000000002,7.16133009938853,3.893985857531779,1.6628522511779515,7.077958841834366,3.998959503129306,1.662839022764495,0.13405309715257532,1.3228413456634058e-05
16.860000000000003,7.161461825549603,3.90398530320903,1.6628434341701293,7.077958841834366,3.998959503129306,1.662839022764495,0.12646282829291625,4.411405634341392e-06
16.900000000000002,7.161855891650049,3.933982502725289,1.6627929678384041,7.07612146417988,4.018880058783498,1.6628002737190635,0.12065648378058468,7.305880659336239e-06
16.930000000000003,7.161987563756808,3.943980502320546,1.6627654826052605,7.074285607946148,4.038800903019219,1.6627592413206929,0.1291609129793988,6.2412845676096396e-06
16.960000000000004,7.162251152198542,3.9639764711575864,1.662709265663467,7.072448585220339,4.058721943147576,1.6627043980063627,0.13054196834152818,4.867657104279388e-06
17.000000000000004,7.162514904473267,3.9839738209560793,1.6626595926384362,7.070610185515815,4.078642057911636,1.662635633987743,0.13194147359690017,2.3958650693156613e-05
17.030000000000005,7.1626469554925,3.9939724335103364,1.662630973267463,7.068774726137958,4.098563391111871,1.6625810129310827,0.14053918975146315,4.996033638016151e-05
17.06,7.162912690366238,4.0139694641881345,1.662556422710556,7.068774726137958,4.098563391111871,1.6625810129310827,0.12656258839571627,2.4590220526699014e-05
17.099999999999998,7.16317865986211,4.0339654281917365,1.6624757302043718,7.066938740366069,4.11848436292913,1.6625348520187488,0.1280842395993675,5.91218143770611e-05
17.13,7.163314749574738,4.043958461528665,1.6621477369966153,7.065167508341455,4.138593091977433,1.6622178306076536,0.13633999501936014,7.009361103826883e-05
17.16,7.1625369055557435,4.063946642326453,1.6623697109380875,7.063303471650885,4.158765054489761,1.662416381024471,0.13725088593419316,4.6670086383482356e-05
17.2,7.163833453550258,4.0839312850976714,1.6621098502584633,7.061464503271378,4.17911247684777,1.6620174975916304,0.13978147675628846,9.235266683282894e-05
17.23,7.163969070179997,4.093931318344548,1.6618458432937415,7.061464503271378,4.17911247684777,1.6620174975916304,0.13327796517457244,0.0001716542978889013
17.26,7.164246606506103,4.1139341182306,1.660958124234866,7.059614323431883,4.199475768801171,1.6611826357272321,0.13514913482394655,0.00022451149236601964
17.3,7.164516684330993,4.133913175501083,1.6602282357772276,7.057785120275665,4.219763038391937,1.6602730571718016,0.13697381400864553,4.482139457406831e-05
17.330000000000002,7.164649799716639,4.143917706886465,1.6602464205776832,7.056059689191419,4.23970838620351,1.6602933119888772,0.14480216278737212,4.689141119396112e-05
17.360000000000003,7.164910356006478,4.163910796136615,1.6604044809505427,7.054283641811321,4.259473314138367,1.6604834196363492,0.1461864040889307,7.893868580644003e-05
17.400000000000002,7.16515962404719,4.1839095345787545,1.6608130044268639,7.052427508716135,4.279138787261843,1.6608370525430247,0.1475707979025452,2.4048116160857447e-05
17.430000000000003,7.165284422824897,4.193914879224269,1.6609122934977942,7.050597242147822,4.298738972181565,1.6610553267041424,0.1553745148857298,0.0001430332063481199
17.460000000000004,7.1655483761397,4.213926490666933,1.6611767524444712,7.050597242147822,4.298738972181565,1.6610553267041424,0.14285279215573146,0.0001214257403288066
17.500000000000004,7.164774566470205,4.233888533029961,1.661256154776916,7.048724025136692,4.318362852214481,1.661231112632497,0.14353967655491523,2.5042144419007428e-05
17.530000000000005,7.1659402202628515,4.2439299440169735,1.661380687890398,7.046893345207448,4.33799476760163,1.661431656365964,0.15172458435095285,5.096847556584905e-05
17.56,7.166201669015669,4.263942749414294,1.6617246852402556,7.045089112983563,4.357436239770804,1.6617503882023406,0.1530009279961162,2.570296208492806e-05
17.599999999999998,7.166461641024313,4.283932937925073,1.6619774386899901,7.043310542724869,4.376985905161729,1.6619748447100886,0.15435364499714796,2.5939799015439746e-06
17.63,7.1665910875825425,4.293929215961189,1.6619478765177171,7.0415894209190775,4.396655490515176,1.66229962432777,0.16179648992603388,0.00035174781005276046
17.66,7.166723397521696,4.3039406662129265,1.6623066469746948,7.0415894209190775,4.396655490515176,1.66229962432777,0.1557387259026528,7.022646924870202e-06
17.7,7.167112463488788,4.333923052032122,1.6621931399538021,7.0397908197799115,4.41656833914127,1.6622112202165498,0.15179276806911304,1.8080262747632858e-05
17.73,7.167244765554228,4.343916596957792,1.662158929992105,7.0379740843313146,4.436486509648008,1.6621427068622894,0.15899716273981232,1.622312981552909e-05
17.76,7.1675132602062845,4.363902124890832,1.662097507284947,7.036150315413102,4.456403010434637,1.6620836017925111,0.1606631167727204,1.390549243596162e-05
17.8,7.1677829078213895,4.383892720033477,1.662045384400115,7.034325382753597,4.476319908415997,1.662033820780608,0.16233821530840598,1.1563619507048983e-05
17.830000000000002,7.167917694618443,4.393891542400821,1.6619942044402258,7.032498913955617,4.496238140842939,1.6619473119669554,0.16974413795144322,4.6892473270387924e-05
17.860000000000003,7.168187233115473,4.413889419856044,1.661939121152495,7.032498913955617,4.496238140842939,1.6619473119669554,0.15872186933313365,8.190814460462548e-06
17.900000000000002,7.168457331167625,4.4338851979255605,1.6619087575339848,7.030669681834841,4.516155381027558,1.661915681237253,0.16047996552931643,6.923703268268966e-06
17.930000000000003,7.168592215308875,4.4438847593880215,1.6618976719071064,7.028844304952585,4.536074844259612,1.661894414503162,0.1674171144106259,3.257403944356696e-06
17.960000000000004,7.168862483795835,4.463884958890738,1.661886998485555,7.027023640205949,4.55599672577913,1.6618846799162286,0.16912372734249198,2.3185693265315166e-06
18.000000000000004,7.169132188717102,4.483884867535579,1.6619055554363675,7.025188867570812,4.575923413346716,1.6619107498383285,0.17085307611410697,5.194401961006179e-06
18.030000000000005,7.169266108667188,4.493885287668459,1.6619045303068887,7.023365872718939,4.595850101552557,1.6618947629816072,0.17799916325694706,9.767325281462291e-06
18.06,7.168492656767059,4.513842065175162,1.6619037131553624,7.023365872718939,4.595850101552557,1.6618947629816072,0.16669463542245708,8.950173755239987e-06
18.099999999999998,7.1698086425997944,4.53388326567929,1.6618940810710732,7.021549543432969,4.615787167216772,1.6618877769738973,0.16937830313478813,6.304097175835466e-06
18.13,7.169942832894318,4.543884300455773,1.6619495042360888,7.019681805262223,4.6358054315477855,1.6620043709761643,0.17614729849273275,5.486674007548764e-05
18.16,7.170209640991944,4.563858508348998,1.6623696581473708,7.017765167395932,4.656029306079048,1.6624443466849557,0.17814256505439385,7.468853758485494e-05
18.2,7.170480948397995,4.583858741166149,1.6626348481569893,7.015924273523114,4.676449557223318,1.6623565225199917,0.1801688790177485,0.0002783256369975895
18.23,7.170622818948792,4.59383932995062,1.662413111499905,7.015924273523114,4.676449557223318,1.6623565225199917,0.1753741417851199,5.658897991334122e-05
18.26,7.1709000037999235,4.61381352979452,1.6621963738490266,7.014143822922895,4.6969052766089385,1.662202157570761,0.177416849909537,5.783721734431424e-06
18.3,7.171039172744884,4.62381129539082,1.6622395581521814,7.012404370865174,4.717307709867299,1.6618569354121728,0.1841373940495852,0.00038262274000855356
18.330000000000002,7.171305061408148,4.643793529860869,1.6617696543269083,7.010611785444868,4.737395557530995,1.661789151989373,0.18596684791588514,1.9497662464784682e-05
18.360000000000003,7.171564876241644,4.663798797061736,1.661876180989758,7.0088203923954095,4.757258260955125,1.6619085953834654,0.18767109104392446,3.241439370738064e-05
18.400000000000002,7.171835788355489,4.683800635758922,1.6619936537152007,7.007029276830407,4.777134306826919,1.6620202799056605,0.18940000104566038,2.6626190459788646e-05
18.430000000000003,7.171969158550159,4.693806676999558,1.6620364777780432,7.005189190606902,4.79701733346442,1.6620585430750052,0.19613260135699342,2.2065296962026082e-05
18.460000000000004,7.172232248178088,4.713811611292456,1.6620730563019086,7.005189190606902,4.79701733346442,1.6620585430750052,0.18661879670839276,1.4513226903378751e-05
18.500000000000004,7.172498130801478,4.733809365842716,1.6622245967334366,7.003339165890892,4.816875140030601,1.6621941278254757,0.18845338482249052,3.0468907960878866e-05
18.530000000000005,7.172633916938055,4.743804178802247,1.6622606738350512,7.001518685662729,4.83674293888849,1.6622425962309868,0.19472553890226202,1.807760406435932e-05
18.56,7.172898066527413,4.76384536389794,1.6631181041106653,6.999704343811475,4.856206616198614,1.6632103977550359,0.19628210951269612,9.229364437057797e-05
18.599999999999998,7.173167609903743,4.783830266499954,1.6631887715151064,6.99782721135646,4.875968856210081,1.6631699754848812,0.19807517531606794,1.8796030225143312e-05
18.63,7.1732987496532115,4.793846854910472,1.6631850934221215,6.99782721135646,4.875968856210081,1.6631699754848812,0.1937376676066924,1.511793724029431e-05
18.66,7.17356984902815,4.8138406016951345,1.6632798960987272,6.995987308883572,4.8956483520823015,1.6632303398740391,0.19551999025063835,4.95562246880521e-05
18.7,7.173841873777003,4.83384144002563,1.6632044732595586,6.99413909931039,4.915489896210929,1.6632297178261277,0.19738175586522974,2.5244566569160298e-05
18.73,7.1739757530207715,4.843839585434731,1.6631903825754422,6.992290043431978,4.935397330929439,1.6631826910597798,0.203451512230451,7.691515662378023e-06
18.76,7.174247021115846,4.8638270978092235,1.663164571840666,6.990442881573651,4.955304813224034,1.6631603866885611,0.20530984908269673,4.185152104874135e-06
18.8,7.174520241892331,4.8838151134351255,1.6631507097490925,6.988599482310525,4.975216551427927,1.6631480653728907,0.20717324081702218,2.6443762017880346e-06
18.830000000000002,7.1746562759273385,4.893810984533001,1.6631456204604036,6.986755530364804,4.995129936277499,1.6631392428864442,0.21347650963410486,6.377573959381877e-06
18.860000000000003,7.174927760190373,4.913804118456633,1.6631373927932096,6.986755530364804,4.995129936277499,1.6631392428864442,0.20499433338938766,1.8500932346121601e-06
18.900000000000002,7.175199853745443,4.933798949843174,1.6631311389326924,6.98491140163898,5.0150444865805826,1.6631325425234,0.2069070618534401,1.4035907076603849e-06
18.930000000000003,7.175336259348587,4.943796918853822,1.6631286151090359,6.983067212142037,5.034960063714701,1.6631274849733508,0.21278652564163894,1.1301356850346167e-06
18.960000000000004,7.175609064523383,4.963794196472092,1.663124772300661,6.981222992104053,5.054876581017009,1.6631240830498002,0.21466705831356855,6.892508608302705e-07
19.000000000000004,7.175881475774051,4.9837924648944405,1.6631234146148064,6.979381068787286,5.074795414877674,1.6631233717518548,0.21655010240499797,4.286295163247189e-08
19.030000000000005,7.176017807062502,4.993792424206724,1.6631214225935083,6.977537383472972,5.094712455728516,1.6631028721648413,0.2226641671006778,1.8550428666941343e-05
19.06,7.176290483638331,5.013789811595908,1.6631028448982923,6.977537383472972,5.094712455728516,1.6631028721648413,0.21459559445327336,2.7266549018634123e-08
19.099999999999998,7.176563101254451,5.033790595194081,1.6631008402000786,6.97569314424484,5.114633152448713,1.6631015959080435,0.2165277319248307,7.55707964872343e-07
19.13,7.176699497754323,5.043791100108941,1.6630989800090734,6.973849777042576,5.134553126082424,1.6630984816641468,0.22222905874715213,4.98344926658234e-07
19.16,7.176973461819967,5.063789424445794,1.663017845938509,6.972043125952948,5.154591711255902,1.662733727196962,0.22414615287466927,0.00028411874154699035
19.2,7.177252644045675,5.083770086246421,1.6630081322618147,6.970214076475838,5.174868236403178,1.6628333418728412,0.2261942559468588,0.0001747903889735003
19.23,7.177384918769788,5.093770669024661,1.6629142434629967,6.970214076475838,5.174868236403178,1.6628333418728412,0.2224782536148154,8.090159015550213e-05
19.26,7.177652996747467,5.113758811596611,1.6629697663845655,6.968424729110461,5.195308956432936,1.6628367743566062,0.22455933314206372,0.0001329920279593555
19.3,7.177929122935952,5.13372952470791,1.6628659609922694,6.966659149384123,5.2157890411476995,1.6627841851551242,0.2266467867915243,8.177583714519265e-05
19.330000000000002,7.178065752117719,5.143708595031434,1.662510336261962,6.964890788915426,5.2362099806798845,1.662448391142018,0.2323791541493826,6.194511994395135e-05
19.360000000000003,7.178337883015944,5.163706900696789,1.662507123209712,6.963082602795975,5.256288323737619,1.6625208621587864,0.2343206255429566,1.373894907441553e-05
19.400000000000002,7.178603119623367,5.183709675377463,1.6625221969111954,6.961260146920832,5.276170127466813,1.6625428398067317,0.23619251254800985,2.064289553627141e-05
19.430000000000003,7.178737622314384,5.19370966332194,1.6625652927770047,6.959450185549731,5.296042455981513,1.6626512246423282,0.24198962865445087,8.593186532346309e-05
19.460000000000004,7.179007226804593,5.213717205175901,1.6626737988017006,6.959450185549731,5.296042455981513,1.6626512246423282,0.23448398939969514,2.2574159372457103e-05
19.500000000000004,7.1791401842564815,5.2237193739535295,1.6627179575597268,6.957604476989461,5.315896584124092,1.6627396850004956,0.23994730185840166,2.1727440768781747e-05
19.530000000000005,7.179401281060549,5.243726744909928,1.6626640596033277,6.955706718333033,5.335624296791926,1.6626776107499677,0.2418355173165415,1.3551146639922962e-05
19.56,7.179671515956665,5.263731846808648,1.6629701614302141,6.953835547687052,5.355148686297394,1.6630306055390158,0.24363686729718212,6.0444108801682717e-05
19.599999999999998,7.179943261584883,5.28274236101859,1.663033173965397,6.952086822028359,5.3735802018697045,1.6630748527161379,0.2452958833284174,4.1678750740903325e-05
19.63,7.180085500447042,5.29169078624783,1.6630995094950918,6.952086822028359,5.3735802018697045,1.6630748527161379,0.24225869179775208,2.465677895391316e-05
19.66,7.180357666083178,5.309530100665739,1.6632755012885831,6.950507713201033,5.391245159560259,1.6632308254305306,0.24394333704788665,4.467585805256746e-05
19.7,7.18059685310447,5.326547070229465,1.6633121669382747,6.948876249969355,5.408500045704415,1.663282387574702,0.24578593960293857,2.9779363572624007e-05
19.73,7.180725452665029,5.334466495846456,1.663318799167649,6.947425626016213,5.424390685788769,1.6633098517225413,0.2500303362617196,8.94744510770984e-06
19.76,7.180963806152372,5.350325740085374,1.6632746780417107,6.945951703689785,5.440288158054557,1.6632532247913303,0.2516424545873519,2.14532503803877e-05
19.8,7.181183235160517,5.365314070584964,1.663424603742357,6.944629783914568,5.454755153406127,1.6634423937782001,0.2528976919479331,1.7790035843123775e-05
19.830000000000002,7.181300585808579,5.372228606662526,1.6634459093667107,6.943333139963761,5.4686252770188615,1.6634025156182706,0.2567505079599541,4.339374844009036e-05
19.860000000000003,7.181509076755454,5.386073494801405,1.6633839112830935,6.943333139963761,5.4686252770188615,1.6634025156182706,0.2520765233294822,1.860433517708593e-05
19.900000000000002,7.181703497626955,5.3990858235452315,1.6638954527207583,6.942101160310644,5.48207268097891,1.6635963016927031,0.25356675364518355,0.0002991510280552223
19.930000000000003,7.181810629202305,5.4050166890321805,1.6641852725382313,6.941095740343623,5.4941733257896335,1.6641903337760513,0.25669546859293835,5.061237819958819e-06
19.960000000000004,7.181988939217895,5.416856523777485,1.6641599985472246,6.939975825815992,5.5061004760689425,1.6641504251835133,0.25794346295086135,9.573363711323779e-06
20.000000000000004,7.182153898379825,5.427837248163284,1.6645692908582295,6.939051595515065,5.516685819716968,1.6646541629199605,0.2588296704886821,8.48720617310228e-05
20.030000000000005,7.18224695488797,5.432765966207896,1.6647124693905295,6.938111958574595,5.526649275695307,1.6646682453845587,0.26156447049482967,4.422400597081655e-05
20.06,7.1824021514436485,5.442625376173395,1.6646483819564977,6.938111958574595,5.526649275695307,1.6646682453845587,0.2583364357245562,1.986342806103991e-05
20.099999999999998,7.1825449699616275,5.451600714013361,1.6651318102915869,6.93724726715643,5.536108068695989,1.665024025172155,0.25944644148063123,0.00010778511943176916
20.13,7.18262643999442,5.455536048084388,1.6652353805792806,6.9365223799542655,5.544238953489344,1.6652173033754394,0.26160163186709817,1.8077203841171396e-05
20.16,7.182752999900835,5.463404319352486,1.665129812065946,6.935755316757122,5.552170320079916,1.6651026640463207,0.2624638229613823,2.714801962522273e-05
20.2,7.182869307797844,5.4703801215603605,1.6655394157435688,6.935198396949196,5.558807835654005,1.6656081572837886,0.26298353693801163,6.874154021985213e-05
20.23,7.182936587207778,5.473318525190243,1.6656667249492334,6.935198396949196,5.558807835654005,1.6656081572837886,0.26207371695034015,5.8567665444764216e-05
20.26,7.18303644283097,5.479205667313968,1.6654726770743473,6.9345808727124405,5.564802399087643,1.6655294037371278,0.2627869304460514,5.672666278044858e-05
20.3,7.183077233045937,5.481998279084388,1.6654196335007045,6.933968777361759,5.5704166715928,1.6657412238064557,0.2643347022755953,0.00032159030575118486
20.330000000000002,7.1831844960575175,5.486171889400126,1.6662650042820766,6.933696604989583,5.574724973361508,1.6662775769736826,0.26473733485966244,1.2572691606038688e-05
20.360000000000003,7.183267975524628,5.4900153041814015,1.6662561239554594,6.933378846829549,5.578673242703118,1.6662364925748447,0.2651505359280013,1.9631380614670846e-05
20.400000000000002,7.183323512384982,5.4929666370225245,1.6669145055824826,6.93324167332205,5.581477347445453,1.667018573474607,0.2652830037689367,0.00010406789212447087
20.430000000000003,7.183362724119181,5.493898481199388,1.6670731700469783,6.933113210732634,5.583540284361629,1.6670814854567875,0.265820375111431,8.315409809167562e-06
20.460000000000004,7.183409663757062,5.495765801309423,1.667053839664502,6.933113210732634,5.583540284361629,1.6670814854567875,0.26524078546047886,2.764579228542452e-05
20.500000000000004,7.183438938785436,5.496719294227729,1.6676514538626468,6.932989822480597,5.5851080488518745,1.6674007442326975,0.26558865149302274,0.00025070962994933055
20.530000000000005,7.183468094066074,5.496654043027375,1.6678074982770155,6.933101451470281,5.5854019398000325,1.6678409484826993,0.2656306550574678,3.3450205683793754e-05
20.56,7.183491710492621,5.496521392381803,1.6677878199397775,6.933130698075742,5.585374575320886,1.6677598567526661,0.26566054403469613,2.7963187111401666e-05
20.599999999999998,7.183483372633749,5.496517520280936,1.6676586948838332,6.933122126206216,5.585329358299793,1.6676282068564585,0.26564693915992194,3.0488027374708793e-05
20.63,7.18348256848017,5.4965271070180854,1.667600439006193,6.933122126206216,5.585329358299793,1.6676282068564585,0.2656429763579482,2.776785026559203e-05
20.66,7.183486462834726,5.4965477550676365,1.6675085667610976,6.9331412035547135,5.585338732787476,1.6675244082881018,0.26562489824642177,1.5841527004178957e-05
20.7,7.1834816074396155,5.496553144263983,1.6674657071921275,6.933146976886123,5.585349599321901,1.667487051467206,0.265616711984029,2.1344275078494235e-05
20.73,7.18348465438619,5.496549838646923,1.667454806626385,6.933139496154291,5.585339157634944,1.6674404017374436,0.26562424854766353,1.4404888941443872e-05
20.76,7.183485327236843,5.496547099190246,1.6674214678020285,6.933135610354284,5.585333237657545,1.6673991966917456,0.2656274818747338,2.2271110282856554e-05
20.8,7.183487719187392,5.496546222546359,1.6673749805381928,6.93313147553576,5.5853288703977055,1.6673609438468744,0.26563246656772155,1.4036691318386474e-05
20.830000000000002,7.183487530145997,5.496544176533478,1.6673563249102317,6.933131775194841,5.58532861206108,1.6673344255884315,0.265632603475398,2.1899321800189497e-05
20.860000000000003,7.183486531013479,5.496541336401023,1.6673305660758309,6.933131775194841,5.58532861206108,1.6673344255884315,0.2656326111006413,3.85951260062356e-06
20.900000000000002,7.183486421045091,5.496541636289974,1.6673160027988214,6.9331347531877,5.585332096817733,1.667319413185741,0.2656307653110024,3.410386919533437e-06
20.930000000000003,7.1834864502787035,5.496542373889882,1.6673113211069637,6.9331315607832344,5.585335223544292,1.667309237837851,0.2656346002388226,2.083269112773678e-06
20.960000000000004,7.183487057247794,5.4965446079672855,1.6673041355103735,6.933128865227833,5.585334630159312,1.6672884534184325,0.26563676769672495,1.568209194102721e-05
21.000000000000004,7.183487304889996,5.496544168941118,1.6672801478195391,6.933130761452991,5.585337548486448,1.6672784193426973,0.2656363361680897,1.728476841877935e-06
21.030000000000005,7.18348728177532,5.49654432990048,1.6672645768060925,6.933128126827237,5.585336186060726,1.6672568095202405,0.265638288254348,7.767285852056105e-06
21.06,7.183487208571621,5.496544804379742,1.6672553927804372,6.933128126827237,5.585336186060726,1.6672568095202405,0.2656380606628302,1.4167398032505218e-06
21.099999999999998,7.183487396801611,5.496544806444765,1.667235170650439,6.933125615563904,5.585334955531087,1.667236228153869,0.2656401928912271,1.0575034301574249e-06
21.13,7.183486827918464,5.496544644678752,1.6672226643307384,6.933123652882679,5.585333924173156,1.6672177945427937,0.26564121586669215,4.86978794467241e-06
21.16,7.1834864138285734,5.49654403730595,1.6672124388064025,6.933127266619872,5.585336946754032,1.667211587015839,0.2656386330324029,8.517905634164435e-07
21.2,7.183487326554169,5.496546427738641,1.6672072314042832,6.933124745831884,5.585339095150838,1.6672060282909758,0.26564178815106587,1.203113307424175e-06
21.23,7.183486665161498,5.496547054394275,1.6672050003848133,6.933124745831884,5.585339095150838,1.6672060282909758,0.2656409553365655,1.0279061624096641e-06
21.26,7.183487025470161,5.496547176715021,1.6671916848712338,6.933126283565036,5.585341665257319,1.6672033085176747,0.2656406638351379,1.1623646440916957e-05
21.3,7.183486795250081,5.4964436604244025,1.669437663716948,6.933136006989366,5.585380852352365,1.6683855932287341,0.2656790192898056,0.0010520704882137633
21.330000000000002,7.183479892748253,5.49633272707043,1.672304963300919,6.932340987467658,5.586861771196005,1.6744473568043725,0.2669574077935019,0.002142393503453466
21.360000000000003,7.183379109855723,5.496025786406826,1.6840554488514556,6.929618410868866,5.590275015381369,1.6881381981363917,0.270698004264151,0.004082749284936016
21.400000000000002,7.183247036012467,5.495626444991961,1.7031824603284966,6.923999642089024,5.596123704824192,1.7090638646341756,0.2780447994296675,0.005881404305678961
21.430000000000003,7.183196168547587,5.4953793024115605,1.7151715172282302,6.916638866183894,5.6030694861700345,1.7337137223740642,0.2874890800036466,0.018542205145833934
21.460000000000004,7.183230764226991,5.494942950879385,1.739945445300551,6.916638866183894,5.6030694861700345,1.7337137223740642,0.28768487575154345,0.006231722926486771
21.500000000000004,7.183447488906591,5.494454144178993,1.7646320870237455,6.909328091295608,5.609508421857453,1.758497810609691,0.2972859414077973,0.006134276414054618
21.530000000000005,7.183540696802596,5.494218194300867,1.7767811421229385,6.902378058161431,5.615339120379658,1.7827766594503662,0.30614164712081604,0.005995517327427757
21.56,7.183638576331404,5.493792972232223,1.8004013986328045,6.896034315549791,5.620389000787924,1.8061975145184128,0.3142336157476059,0.005796115885608355
21.599999999999998,7.183730272126703,5.493550368219891,1.8120520781798362,6.892900058336826,5.622874122007455,1.8323507249502253,0.3182873647300064,0.020298646770389173
21.63,7.184006070906673,5.493153153200378,1.8397051409405054,6.892900058336826,5.622874122007455,1.8323507249502253,0.31870086335396447,0.007354415990280083
21.66,7.184237660578024,5.493184020834361,1.8708665157728956,6.894622343523779,5.622030703396564,1.8632085685346407,0.3169834372324769,0.00765794723825497
21.7,7.184452168838499,5.493109901206422,1.8863895098336034,6.903219717821353,5.619120609533409,1.8948592718519424,0.3081726628339716,0.008469762018338933
21.73,7.184319822577841,5.493462888466701,1.9169839179534462,6.91360332062903,5.61559323243896,1.9233629544964432,0.2969903118725975,0.006379036542996985
21.76,7.183877998767809,5.4942382513690475,1.9416512567957145,6.924998711371406,5.611287271220173,1.9485802954156612,0.2841108207917795,0.006929038619946759
21.8,7.183618434365175,5.4946880686396185,1.972781371175452,6.938487466131839,5.608018330449291,1.9814619413934489,0.27006099279396445,0.008680570217996841
21.830000000000002,7.183564209754782,5.494719385528525,1.9901300095131087,6.9517868238857545,5.605106192285201,2.016890950740877,0.2567216463530412,0.02676094122776851
21.860000000000003,7.183387539408948,5.494738199633895,2.0259059890234448,6.9517868238857545,5.605106192285201,2.016890950740877,0.25655405908450196,0.009015038282567556
21.900000000000002,7.183236741453086,5.494691141754084,2.060581205194049,6.963990363945421,5.601251676109538,2.051977078420769,0.24377063303924357,0.00860412677327993
21.930000000000003,7.183247964097173,5.4946840263099705,2.0775891841831853,6.975836948048174,5.597996308087038,2.0862689631733877,0.23171697638382538,0.008679778990202447
21.960000000000004,7.183231337031534,5.494765916479729,2.111931348729969,6.98697901684737,5.595322928888694,2.1204255171803217,0.2205145934451606,0.008494168450352557
22.000000000000004,7.183051663722924,5.494936528267658,2.145558973492473,6.997530667733471,5.593084498186808,2.153753615777077,0.20988345325958585,0.00819464228460376
22.030000000000005,7.183256134780413,5.4947555313299965,2.1617996888911644,7.007474237736868,5.591466489867149,2.185225658918625,0.20062972070309598,0.023425970027460608
22.06,7.183309363202548,5.494693640666215,2.19304639363613,7.007474237736868,5.591466489867149,2.185225658918625,0.20070619245553536,0.007820734717505218
22.099999999999998,7.183338899976134,5.494680206265993,2.2230886038565347,7.016885703161158,5.5906975928488984,2.2156013212069587,0.19216140417923688,0.007487282649575988
22.13,7.183314860174935,5.494678364684058,2.238554041382265,7.025711174061095,5.5904496947527385,2.245654658564569,0.18442090320729407,0.0071006171823042585
22.16,7.183309259129695,5.494678304665583,2.268538859080825,7.0338688196377115,5.590907938283211,2.2763519577758804,0.17774303739314254,0.00781309869505531
22.2,7.18330058098968,5.49465718479144,2.3001597210168305,7.041723720240066,5.591958365992037,2.308052641169311,0.1717891945459523,0.007892920152480443
22.23,7.183318095869197,5.494675533068985,2.315990129119393,7.041723720240066,5.591958365992037,2.308052641169311,0.17179323849132636,0.0079374879500822
22.26,7.183327142364427,5.494672275146301,2.347832112665499,7.048963509219785,5.593762255248155,2.3398412197681626,0.1669503221572627,0.007990892897336455
22.3,7.183289318011827,5.494687232519944,2.3795845198131054,7.055089914188335,5.596125324519678,2.3717784271227456,0.16347713494322422,0.007806092690359812
22.330000000000002,7.183249922226654,5.494690577736835,2.395114546042041,7.0595232327554855,5.598934663046135,2.40283272506317,0.16178727703211926,0.007718179021129146
22.360000000000003,7.183147180950398,5.494645896188476,2.4263688795614953,7.0613658747144115,5.601570362326109,2.434317525736701,0.16206026041988525,0.007948646175205631
22.400000000000002,7.183082172211854,5.494595702311672,2.458939949364059,7.06105093691905,5.60433443130183,2.46742157210501,0.16411645568760985,0.00848162274095099
22.430000000000003,7.183088109803072,5.494592635723276,2.4760452795052,7.059078964794831,5.607395950540626,2.5025576838381123,0.16763906430023168,0.026512404332912354
22.460000000000004,7.1831824376645885,5.49457269417055,2.5113892065071055,7.059078964794831,5.607395950540626,2.5025576838381123,0.16772226792016168,0.00883152266899323
22.500000000000004,7.18274168943123,5.49446984364613,2.546860767965899,7.055709394036962,5.61035193312375,2.537969781943575,0.1719472673084271,0.008890986022323855
22.530000000000005,7.183412285034139,5.494428088377488,2.5646802982827137,7.052005253173673,5.6132896565449535,2.5736162677024197,0.17718882698862976,0.00893596941970598
22.56,7.183605723311061,5.494363057493512,2.6006033525696917,7.048419034632151,5.616177963617647,2.6096825453034747,0.18197338308115366,0.009079192733782993
22.599999999999998,7.183690796668558,5.4943313002715755,2.6188159417704626,7.045427983307034,5.619102435488344,2.6468491169677817,0.18623759486721453,0.02803317519731907
22.63,7.183845662427434,5.494286226801861,2.6563045563173886,7.045427983307034,5.619102435488344,2.6468491169677817,0.1863827777557401,0.009455439349606909
22.66,7.184021062571013,5.494222886787119,2.694898081606144,7.04317648471869,5.622012470099044,2.6849365748028973,0.19017721397011375,0.00996150680324659
22.7,7.184188464953298,5.494245502232547,2.7363960794278284,7.043634772194908,5.625821454768963,2.72564449852203,0.1925294051148681,0.01075158090579853
22.73,7.184214445118757,5.4942955581174004,2.7578127423655654,7.045554139180587,5.630139206684569,2.7687482130092147,0.1941138256253458,0.010935470643649303
22.76,7.184361457563624,5.494146529407891,2.8015404328573976,7.046444367805416,5.63378827779122,2.8125525244432366,0.19626752543130244,0.011012091585838935
22.8,7.184469217011911,5.493867112947674,2.8460276323908125,7.046322359453924,5.635874223272897,2.8573606605646584,0.19811757528312993,0.01133302817384596
22.830000000000002,7.1845617485293385,5.493749749755584,2.868833747369043,7.046406621146403,5.63647202472341,2.9030585963601454,0.1986365701329616,0.03422484899110234
22.860000000000003,7.184746376935319,5.493669896559209,2.9143901602367053,7.046406621146403,5.63647202472341,2.9030585963601454,0.19882237258407817,0.01133156387655987
22.900000000000002,7.184856897737868,5.493724998212742,2.956979819096549,7.047756439274384,5.63727322719063,2.9463591091769024,0.19850095655584588,0.010620709919646476
22.930000000000003,7.184783042972162,5.493755168728805,2.9758348078265224,7.049234652449222,5.639108510172261,2.984974549844855,0.19874848437695658,0.009139742018332786
22.960000000000004,7.184618156875578,5.493925237555487,3.0110817576043236,7.051531945626417,5.641897099827503,3.0190111559185917,0.1990166114898569,0.007929398314268088
23.000000000000004,7.18447012119141,5.49408241785061,3.0415399170810846,7.053965148774748,5.645435334386176,3.0485505065463863,0.19984807522039252,0.007010589465301642
23.030000000000005,7.18435017559897,5.494114486889165,3.055411702315856,7.056497688756222,5.650562651381742,3.075588455114187,0.20204525870450793,0.020176752798330977
23.06,7.184220569932009,5.494160985805773,3.08229726531308,7.056497688756222,5.650562651381742,3.075588455114187,0.20192725266982042,0.006708810198893023
23.099999999999998,7.184226640323155,5.494140779611783,3.1072901414996497,7.059084557006939,5.656573531190498,3.101384602984516,0.20504862789630005,0.005905538515133646
23.13,7.184257229500128,5.494082909407737,3.1187942831219373,7.06157081749877,5.662293249247434,3.1242950909969185,0.20819864101082258,0.005500807874981195
23.16,7.184225146793612,5.493994043604818,3.1403493305343644,7.063511677160572,5.6679485416176485,-3.1373570095579795,0.21173546970156534,0.005478967087242381
23.2,7.184162444048898,5.493978554564535,-3.122236204970153,7.065266361070513,5.673060683454212,-3.1174017515902843,0.21495740842143995,0.004834453379868542
23.23,7.184166569427675,5.493955336136567,-3.1126229125045852,7.065266361070513,5.673060683454212,-3.1174017515902843,0.21497903382690747,0.004778839085699094
23.26,7.184172723916428,5.493929891737755,-3.094494140271351,7.066596676615126,5.677789222337545,-3.098946844530856,0.21823927315586591,0.004452704259505058
23.3,7.184158516912197,5.493930785160616,-3.0777515010005665,7.067644583647857,5.682086428955798,-3.081776902786372,0.22130983470398766,0.00402540178580546
23.330000000000002,7.184137085813011,5.4939405157063534,-3.0695972624820267,7.0684818923477994,5.686093779801018,-3.065792397876529,0.2242743870300605,0.00380486460549756
23.360000000000003,7.184097929816347,5.493948802466116,-3.0545748720662993,7.069128932690051,5.689724779792908,-3.051200008218141,0.2270376699988058,0.003374863848158327
23.400000000000002,7.184056884061788,5.493971969106212,-3.0411492863376215,7.06969560224215,5.693104478164204,-3.037753620287975,0.2296350559979072,0.003395666049646362
23.430000000000003,7.18405482961588,5.493972560609777,-3.0343966949705647,7.070082455043225,5.696296410042859,-3.0248930192420533,0.23221680002779727,0.009503675728511407
23.460000000000004,7.184019798428414,5.493980838307014,-3.0219902011482636,7.070082455043225,5.696296410042859,-3.0248930192420533,0.2321923960522317,0.002902818093789783
23.500000000000004,7.184018933209465,5.493994084506296,-3.01081468985664,7.070707261635054,5.699343768418129,-3.013554568887125,0.2345379022624638,0.002739879030484893
23.530000000000005,7.184024822297406,5.493993433833666,-3.005577059844857,7.071443655971621,5.702153849754809,-3.002994611292193,0.23665434238090233,0.002582448552663763
23.56,7.184034040396185,5.493920281854129,-2.995233756510231,7.0719826660435885,5.704854232083287,-2.9926548773310806,0.2388485751550188,0.0025788791791505616
23.599999999999998,7.183992023714547,5.493995121711224,-2.9863631776536046,7.07265223975331,5.707121117365784,-2.9843713725335466,0.24045631103442078,0.0019918051200580322
23.63,7.184001675941347,5.493979395582144,-2.982386804830263,7.07265223975331,5.707121117365784,-2.9843713725335466,0.24047471905439025,0.0019845677032837017
23.66,7.183989556444102,5.493978407400222,-2.975109402018721,7.073311249624865,5.709041329695721,-2.976864299825317,0.2418713462703944,0.0017548978065957677
23.7,7.183974652513108,5.493998094943087,-2.9682871284042314,7.073922870626356,5.710866165716138,-2.969913649561242,0.24319365702516635,0.0016265211570107851
23.73,7.18398011126521,5.494005222228622,-2.964979107795913,7.074592586794355,5.712611255578969,-2.963436078374572,0.24444678015272617,0.0015430294213412132
23.76,7.183979881160195,5.494012141189971,-2.9586138411942136,7.075306593755108,5.714303394851305,-2.9570550615110323,0.24563818887768793,0.0015587796831812994
23.8,7.1839679408754,5.494021740636253,-2.9525531932174265,7.0760856291259095,5.71601249197175,-2.9510465898715466,0.24681670702550224,0.001506603345879931
23.830000000000002,7.183969152962544,5.494025967861175,-2.949531046407479,7.076847288449268,5.717548860289495,-2.945385542997553,0.2478660470825379,0.004145503409926032
23.860000000000003,7.183961333440035,5.494019237508551,-2.943981251864267,7.076847288449268,5.717548860289495,-2.945385542997553,0.24786873722774086,0.0014042911332858843
23.900000000000002,7.183928774715842,5.494011189371031,-2.939657625775627,7.077585242668209,5.71889420131033,-2.9405994241747178,0.2487595543235607,0.0009417983990909207
23.930000000000003,7.183925825459992,5.494010585735213,-2.93786558095653,7.078626688279144,5.72009910799332,-2.9369741533761653,0.24940715344168862,0.0008914275803646454
23.960000000000004,7.183999189198511,5.493955925037582,-2.934294789183762,7.079755624253387,5.721187010742407,-2.9333941530434466,0.2500013742823465,0.0009006361403152141
24.000000000000004,7.18392989672782,5.49401062295799,-2.931437870739305,7.080884595669561,5.722018652506491,-2.9308418865345782,0.2502119014131365,0.0005959842047267294
24.030000000000005,7.183916622850078,5.494004120559893,-2.930282268340864,7.081808336194633,5.722562359207934,-2.9288019983265325,0.25032972387953784,0.0014802700143312642
24.06,7.183917800170921,5.494002386396109,-2.9293091898830546,7.081808336194633,5.722562359207934,-2.9288019983265325,0.2503317874447176,0.0005071915565220131
24.099999999999998,7.183906627756587,5.4940089825780465,-2.9268106784036894,7.082673290471592,5.723031285098163,-2.927201529980231,0.2503984896709104,0.0003908515765416176
24.13,7.18390977179285,5.494017095005992,-2.926160799731972,7.083452181304725,5.723448060622156,-2.925864845827728,0.2504601674323585,0.00029595390424397294
24.16,7.183924251408172,5.494018357434929,-2.925055176415529,7.084165845073559,5.723725175021454,-2.9247776221627793,0.2504335474335471,0.0002775542527495567
24.2,7.183919718164841,5.494021619305823,-2.924115877446408,7.084838716548109,5.723989673936404,-2.9239662990999955,0.250404375025575,0.00014957834641249335
24.23,7.183928361212071,5.494023944620668,-2.9237742476746056,7.084838716548109,5.723989673936404,-2.9239662990999955,0.2504056595593407,0.00019205142538991637
24.26,7.183936050536145,5.494022221827157,-2.9231654407514793,7.08537872672466,5.724151575836443,-2.923233218420647,0.25034589202464136,6.777766916776784e-05
24.3,7.183933974321262,5.494020873420984,-2.9227667727801854,7.085906096676142,5.724274201946161,-2.9228609003217456,0.25025199318392977,9.41275415602405e-05
24.330000000000002,7.183944443889581,5.494021556075191,-2.922547037758601,7.086327169441391,5.724324635199592,-2.9224251630284885,0.25013724337825655,0.00012187473011238126
24.360000000000003,7.183948067493763,5.494024910450829,-2.922317926958717,7.0867707490774885,5.724354476135838,-2.922346177733149,0.24999027989748507,2.8250774432247994e-05
24.400000000000002,7.183941633449997,5.494024897637917,-2.922242404400644,7.087188838186628,5.7243660623635915,-2.922190736281096,0.24983625749369445,5.166811954770978e-05
24.430000000000003,7.183940400939129,5.494027371820671,-2.922129077308794,7.087594668443454,5.724355421983442,-2.922022655147542,0.24966679967891628,0.00010642216125189563
24.460000000000004,7.183948976891127,5.494026509116596,-2.921940711105546,7.087594668443454,5.724355421983442,-2.922022655147542,0.24967090511081308,8.194404199590721e-05
24.500000000000004,7.183944936036047,5.494031113919856,-2.921826141253358,7.087932448461836,5.724344707393167,-2.9218714859679626,0.24952504705695835,4.534471460448941e-05
24.530000000000005,7.183942423071253,5.494031030964228,-2.921837368383347,7.0883127149025,5.724341319728325,-2.921782751183663,0.2493749590376754,5.4617199683804074e-05
24.56,7.183934735353407,5.494034190116697,-2.921640480272868,7.0887941963016505,5.724339471252181,-2.9216331763662713,0.24918315490809823,7.3039065968671935e-06
24.599999999999998,7.183940590882543,5.494028976054972,-2.921356570459912,7.089247889963236,5.72433902879254,-2.9213640615621137,0.24901692311843948,7.491102201662159e-06
24.63,7.18393633207679,5.4940292986199495,-2.9212937143351354,7.089247889963236,5.72433902879254,-2.9213640615621137,0.24901500533514756,7.034722697829565e-05
24.66,7.183941554351342,5.49403304589489,-2.9209796444812257,7.089580700502677,5.724357246182553,-2.9210576189547015,0.24890401358194425,7.797447347579478e-05
24.7,7.183914681178903,5.494044641929634,-2.920832054624511,7.089908990108585,5.724394739052667,-2.9209087803268616,0.24879356341794534,7.672570235062182e-05
24.73,7.183928538199977,5.494033900417369,-2.920788791295875,7.090276636537324,5.724405634654564,-2.9207254885703855,0.24868014520762227,6.330272548948912e-05
24.76,7.183935407870646,5.49403023881343,-2.920622353952329,7.090675320651015,5.72439036744446,-2.9205608992772296,0.2485220970680836,6.145467509943714e-05
24.8,7.183732740185224,5.4940432007798155,-2.92038101436461,7.090628541438551,5.724380287850776,-2.9196664914874226,0.24844227801361712,0.000714522877187207
24.830000000000002,7.181855638686649,5.494162070023387,-2.9194081330169066,7.089965658647322,5.724528903296137,-2.9185081616181985,0.24801743145138552,0.0008999713987081215
24.860000000000003,7.179716209368486,5.49435596124086,-2.918132067087172,7.089965658647322,5.724528903296137,-2.9185081616181985,0.24705210909671294,0.000376094531026272
24.900000000000002,7.1766474901382935,5.494629447682412,-2.9163940739810137,7.0887470210876735,5.724654129625365,-2.9168250391405817,0.24624753148463374,0.0004309651595679753
24.930000000000003,7.174605136743136,5.494796854880628,-2.9156161736738593,7.086945894121566,5.724409321828844,-2.9153088207472067,0.24577637761801474,0.0003073529266526265
24.960000000000004,7.17052624439985,5.495181997765473,-2.914496771760481,7.0846654559048945,5.723894993776833,-2.914155656327923,0.24429840266663239,0.00034111543255788135
25.000000000000004,7.165474510751664,5.495699846286021,-2.9133031029189724,7.081657232191451,5.723291524727347,-2.9131136681111047,0.24253516916311357,0.0001894348078677055
25.030000000000005,7.162439122929932,5.495998601516755,-2.9128856528972342,7.078095332349298,5.722529351508378,-2.9120123395035273,0.24172309716135335,0.0008733133937068871
25.06,7.156354623815562,5.496654234613397,-2.911708745665068,7.078095332349298,5.722529351508378,-2.9120123395035273,0.23904829037900086,0.0003035938384594594
25.099999999999998,7.149303306432605,5.497378743857288,-2.910527375632364,7.073708236144774,5.721450387809077,-2.9108037749426354,0.2364798432743889,0.0002763993102714579
25.13,7.14528580428154,5.497786283089862,-2.9102096951828393,7.06849386018366,5.7200663240598715,-2.9101412602704375,0.23517104263059446,6.843491240182686e-05
25.16,7.137176028938793,5.498675275254891,-2.9101726625557394,7.06225714435847,5.718588309743153,-2.910180268924671,0.2323243035168626,7.6063689316008265e-06
25.2,7.128120394487674,5.499669154939614,-2.9101954228185316,7.054968211215987,5.716881707224831,-2.910198601946936,0.22919977047910076,3.1791284045290524e-06
25.23,7.123096841889838,5.500197394923001,-2.910200649055783,7.054968211215987,5.716881707224831,-2.910198601946936,0.2271422495160486,2.047108846880974e-06
25.26,7.113028884259469,5.501305405928294,-2.9101709403189475,7.0465144521354315,5.714891601043842,-2.9101972665686047,0.2237034475029836,2.6326249657149248e-05
25.3,7.101989185428093,5.502515745460162,-2.9098488607379007,7.036974342835656,5.712668644856769,-2.909841962666118,0.21997993290779902,6.898071782668325e-06
25.330000000000002,7.095979404354759,5.503162250464401,-2.9098604354098025,7.026083592196837,5.7100925348165905,-2.9099151565547587,0.21841604139644502,5.472114495619351e-05
25.360000000000003,7.083976344568277,5.504513692302982,-2.910054044716397,7.014575589435589,5.707370567054386,-2.910062604491189,0.21440003835562596,8.55977479208292e-06
25.400000000000002,7.0710232479907535,5.505976459233157,-2.9098043009714156,7.002033290524887,5.70442858145748,-2.909780505071332,0.21010202056734245,2.37959000837229e-05
25.430000000000003,7.064028341993669,5.506736395128684,-2.909827221960211,6.988554241062521,5.70126389278733,-2.9097752822490794,0.20865590635469675,5.19397111315989e-05
25.460000000000004,7.050005318532573,5.5083157966848955,-2.909795692042645,6.988554241062521,5.70126389278733,-2.9097752822490794,0.20249741408666141,2.0409793565434597e-05
25.500000000000004,7.0351036784621,5.510006395861373,-2.9097546534294576,6.974552831300611,5.697962818386742,-2.909744987574641,0.19746904025823683,9.665854816542918e-06
25.530000000000005,7.02711471002209,5.510879123477902,-2.9098024632204225,6.959213460019237,5.694318107312212,-2.909777992613253,0.19560276210246738,2.447060716948002e-05
25.56,7.011108390474315,5.512695319173691,-2.9097897980037106,6.943627654301138,5.690649759349154,-2.909795494995833,0.19031929101548367,5.696992122494748e-06
25.599999999999998,6.994254350747417,5.514623650455681,-2.9098309400036486,6.9268276375608595,5.686650134394748,-2.9097179294326128,0.18476870088729966,0.00011301057103585421
25.63,6.985277512458028,5.515611580213516,-2.909626660064623,6.9268276375608595,5.686650134394748,-2.9097179294326128,0.18075003427911382,9.126936798997676e-05
25.66,6.967265952252025,5.51766242201826,-2.90962494652124,6.909298392497813,5.6824991279147765,-2.9096266548629304,0.17473230266517087,1.7083416903318493e-06
25.7,6.948412758281307,5.519835396010672,-2.9097890945464777,6.891254900852515,5.67825042624418,-2.909750682631909,0.168411230236387,3.8411914568659e-05
25.73,6.938448940625133,5.520941395663915,-2.9098364988456433,6.8718888142388135,5.673649355232607,-2.909826265477347,0.16658322646712118,1.0233368296308498e-05
25.76,6.918457447746247,5.523228288655778,-2.909800443897733,6.852396107852623,5.669008001376378,-2.909801701038399,0.1600494463265698,1.2571406662331697e-06
25.8,6.898601168917953,5.525580670834195,-2.909827379041258,6.832879979545662,5.664416325398731,-2.9098110796267456,0.15360538307908275,1.629941451231076e-05
25.830000000000002,6.888674792935803,5.5267609059698986,-2.909814239135305,6.813417020000973,5.659810522239105,-2.909850499134011,0.15285919264634854,3.625999870626728e-05
25.860000000000003,6.868828619808454,5.529113969556613,-2.9098521955470864,6.813417020000973,5.659810522239105,-2.909850499134011,0.1419578609176388,1.6964130753471807e-06
25.900000000000002,6.848973356614246,5.531469722110703,-2.9100979100083473,6.793847253024522,5.655233375701632,-2.910110800476077,0.13548553150488246,1.2890467729675947e-05
25.930000000000003,6.839041764893803,5.532647211542309,-2.9099964161694305,6.774273773399954,5.650710630305754,-2.909982591759693,0.1346620346358247,1.3824409737406285e-05
25.960000000000004,6.81919135807996,5.534993026432474,-2.909918905941891,6.7544651737944,5.646142114438062,-2.909875937192884,0.12862192152445184,4.296874900688863e-05
26.000000000000004,6.799338278193098,5.537341726366755,-2.9100069704409575,6.734636415819935,5.64159622244049,-2.9099626461762584,0.12270016685458998,4.432426469902495e-05
26.030000000000005,6.789424651015813,5.538518948140517,-2.9102913072885452,6.7147593555271925,5.637044886890537,-2.91010192793639,0.12362146640845108,0.00018937935215523893
26.06,6.769584125692433,5.540873470795027,-2.910468099431344,6.7147593555271925,5.637044886890537,-2.91010192793639,0.11070093358904982,0.0003661714949538819
26.099999999999998,6.7499242539032505,5.539756819700755,-2.910332459982598,6.694889399512074,5.632437427571216,-2.910418543997562,0.10778928644859001,8.608401496390528e-05
26.13,6.73980619705727,5.544399449833939,-2.9107958911957743,6.675078132443495,5.627843022945238,-2.9108530735510585,0.10560564493541824,5.718235528417992e-05
26.16,6.720177044601325,5.543283698258849,-2.910841788932689,6.655585866151067,5.623258455448008,-2.910812045333027,0.10280069124795851,2.974359966190221e-05
26.2,6.70008665173401,5.549094405899505,-2.9106722296386236,6.636187257434297,5.618708622265752,-2.9106188219235904,0.0944948237320794,5.340771503314912e-05
26.23,6.690157383627568,5.550267904907837,-2.910563412891994,6.636187257434297,5.618708622265752,-2.9106188219235904,0.0871602335574174,5.5409031596287406e-05
26.26,6.6702909852918575,5.552611826745304,-2.910291593819879,6.616804558107007,5.6141902067751195,-2.9103701956168524,0.08156405323484545,7.860179697338765e-05
26.3,6.650431322346175,5.554949086471628,-2.9099559617518262,6.597480620372519,5.609631658897621,-2.9100668705672703,0.07611806990870805,0.00011090881544406628
26.330000000000002,6.640502239955013,5.556117799725975,-2.9096819568426686,6.578205928707074,5.6051073861618645,-2.9096643258744788,0.07925156133641494,1.7630968189852325e-05
26.360000000000003,6.620573081297626,5.558458801112657,-2.9088005042625196,6.559374222230788,5.600608214659304,-2.908710311212054,0.07430930906292284,9.019305046553683e-05
26.400000000000002,6.6007349875579395,5.560811349566273,-2.9086084694972545,6.540244685164715,5.59600540825374,-2.9085871832119325,0.06998355842996738,2.128628532194199e-05
26.430000000000003,6.5908007299138545,5.561981483883599,-2.908617816665743,6.5209692595845965,5.591383299051438,-2.9084928346847216,0.07576873354827704,0.00012498198102139924
26.460000000000004,6.5709422561377355,5.564321084163228,-2.9084896244290728,6.5209692595845965,5.591383299051438,-2.9084928346847216,0.05683013161304234,3.210255648866678e-06
26.500000000000004,6.551094014375074,5.566671298306537,-2.9084090487810066,6.50158411015575,5.586755878669216,-2.9084538026663673,0.0534286532129681,4.4753885360737655e-05
26.530000000000005,6.541169032159949,5.567843254512163,-2.9083473245346787,6.482188014246718,5.582123945346626,-2.9083563125153464,0.06068524206749442,8.987980667729545e-06
26.56,6.521317026821673,5.570194405213208,-2.908406188031624,6.462730347234059,5.577518744690393,-2.908413150594308,0.059042738536409185,6.962562684176277e-06
26.599999999999998,6.50146342352552,5.572543808351591,-2.908430878206651,6.443275556225159,5.5728942322780215,-2.908436811362029,0.05818892246718952,5.933155378112787e-06
26.63,6.491537914387158,5.573717980445054,-2.9084421097625097,6.443275556225159,5.5728942322780215,-2.908436811362029,0.04826938757017494,5.298400480580057e-06
26.66,6.471884749667739,5.572587494515437,-2.908456149259087,6.423818660057376,5.568273563693491,-2.908453173719325,0.04825928894594275,2.9755397621400448e-06
26.7,6.451823460895868,5.578419613556051,-2.9084661273331007,6.404359970720983,5.563653465607605,-2.908463875862741,0.04970736388923472,2.251470359926344e-06
26.73,6.441893715844895,5.579595048879398,-2.9084702199688035,6.384900300464289,5.5590329751942384,-2.908472077970114,0.060589176186677016,1.858001310584001e-06
26.76,6.431963877311662,5.580771057610768,-2.9084738181010192,6.36543960086189,5.554412244041238,-2.908478416376592,0.07155603685195891,4.598275572753607e-06
26.8,6.402172526002176,5.584296283459487,-2.9084822425672447,6.345977669851243,5.549791124728235,-2.908483381552049,0.06594291346985635,1.1389848042497874e-06
26.830000000000002,6.39224186070796,5.585471614289437,-2.9084844636627447,6.326513962986374,5.545171253636881,-2.9084907548210848,0.07709912844919488,6.291158340054892e-06
26.860000000000003,6.372378448008929,5.587822758107639,-2.9084934656137578,6.326513962986374,5.545171253636881,-2.9084907548210848,0.06263147627194555,2.7107926729996734e-06
26.900000000000002,6.352514535335909,5.590174545238928,-2.9084996546397655,6.307048628442377,5.540553964390003,-2.9084984713045543,0.0673004512127226,1.1833352111523254e-06
26.930000000000003,6.34258306728684,5.591350325630475,-2.9085030251632387,6.287584834491385,5.535933894548838,-2.9085049581799174,0.07807551757400608,1.933016678723476e-06
26.960000000000004,6.322720142237418,5.593701349712907,-2.9085106503690583,6.2681207987446586,5.5313158691447315,-2.9085114396188483,0.08290377853609868,7.892497899675277e-07
27.000000000000004,6.302858543644061,5.596053229310069,-2.9085349446564766,6.248654095828164,5.526685756059329,-2.908539995828581,0.08803390544681268,5.051172104586499e-06
27.030000000000005,6.292927514290739,5.597228587971703,-2.9085597502662517,6.229000132878261,5.522083764467265,-2.9090879538103724,0.09865827179597995,0.0005282035441207533
27.06,6.273080406641597,5.599581367487832,-2.9090604363992782,6.229000132878261,5.522083764467265,-2.9090879538103724,0.08915687864087667,2.7517411094191147e-05
27.099999999999998,6.253235374942829,5.601940734740619,-2.909419200921759,6.209253152812496,5.517514987759755,-2.9093791579665855,0.09519528673626033,4.004295517345824e-05
27.13,6.2433000132700585,5.603116085202574,-2.909362350819758,6.189626161942707,5.512915324469329,-2.909295666914364,0.1049621815377648,6.668390539399383e-05
27.16,6.223435373241041,5.605455846391129,-2.9091734472337025,6.1701465679605025,5.508351580275238,-2.909150582392715,0.1107652258885112,2.2864840987679713e-05
27.2,6.203580230025965,5.607807232032375,-2.9091076477152145,6.150725800102717,5.503789895188016,-2.909095281712554,0.11667560639098588,1.2366002660524344e-05
27.23,6.193651950339316,5.6089802947625165,-2.9090881659120345,6.150725800102717,5.503789895188016,-2.909095281712554,0.11361194715688146,7.115800519486015e-06
27.26,6.173788963906215,5.611323151744924,-2.9090139712771013,6.131287544991206,5.49917533866526,-2.909034072283678,0.11993124108563291,2.0101006576567215e-05
27.3,6.15392386318923,5.613670876570675,-2.9089401180198973,6.111846313490921,5.494556441100943,-2.9089577381875986,0.12632802114292224,1.7620167701348777e-05
27.330000000000002,6.143993802973364,5.614844945905224,-2.9089032557354675,6.092430572425297,5.489922235336774,-2.908877387815616,0.13514603346129664,2.586791985148551e-05
27.360000000000003,6.124138204212944,5.617193480192394,-2.908786182206246,6.073030743743506,5.48533048026828,-2.9087619478264664,0.14142073138200797,2.423437977983056e-05
27.400000000000002,6.104233535540975,5.6195442489839955,-2.9082712161069484,6.053942743365464,5.480763051327163,-2.908144884485862,0.14761227794701023,0.00012633162108643958
27.430000000000003,6.094301054736863,5.620718753147287,-2.9080736879586424,6.034762136408055,5.47616600737755,-2.9079660454412526,0.15633419045536562,0.00010764251738981656
27.460000000000004,6.074457723972189,5.623064684754969,-2.9079328552631964,6.034762136408055,5.47616600737755,-2.9079660454412526,0.1521675428180945,3.319017805614166e-05
27.500000000000004,6.054585884670434,5.625413515798291,-2.907836502905797,6.015548185541926,5.471583952136726,-2.9078744617019616,0.15870562878976774,3.79587961645278e-05
27.530000000000005,6.044650680980489,5.62659077294313,-2.907837475762594,5.996222352102227,5.4669963587258446,-2.9077875643739093,0.1667803348338755,4.9911388684709124e-05
27.56,6.024801709142845,5.628940449295536,-2.9076713818370177,5.97689148043191,5.462385579791568,-2.9076859001230106,0.17330872618139537,1.4518285992970448e-05
27.599999999999998,6.0049500400361975,5.631289258010739,-2.9077398147338314,5.95743739062793,5.4577581827000134,-2.9077497920936604,0.17991799785538298,9.977359828994281e-06
27.63,5.995019247552867,5.6324655019075145,-2.907759365892368,5.95743739062793,5.4577581827000134,-2.9077497920936604,0.17870378662635591,9.573798707585013e-06
27.66,5.975168546788091,5.634818696748804,-2.907793392078097,5.937986195773432,5.453118314786546,-2.907786311281618,0.18546578129727231,7.080796478931006e-06
27.7,5.9553152154219955,5.637173359391507,-2.907814061895058,5.918533577693725,5.4484828498615405,-2.9078099593729245,0.19224202782079747,4.102522133564435e-06
27.73,5.945386731133647,5.638350978417597,-2.90782132695117,5.899077625379651,5.443850322308727,-2.9078246019226177,0.19993758651768223,3.274971447808639e-06
27.76,5.925528473034686,5.640705381928009,-2.9078332706297783,5.879620457102256,5.439217296944147,-2.907835822444066,0.20665186744212183,2.5518142878766525e-06
27.8,5.905668751518574,5.643060042934064,-2.9078425250816875,5.860162229124153,5.43458412720602,-2.9078443807104426,0.21338474879681593,1.8556287550985928e-06
27.830000000000002,5.895738268030445,5.644237562478043,-2.9078460368441656,5.840701477270438,5.4299529517211935,-2.907849318322511,0.22123955962796366,3.2814783454959695e-06
27.860000000000003,5.875877050085698,5.646593349986151,-2.907867511865132,5.840701477270438,5.4299529517211935,-2.907849318322511,0.21947752295686498,1.8193542620892345e-05
27.900000000000002,5.856015851931813,5.648948414574065,-2.907875620280296,5.821242784086855,5.4253198691082565,-2.9078759390846654,0.22631591325954775,3.188043695701026e-07
27.930000000000003,5.846084811066435,5.650126403437326,-2.9078960139985885,5.801783003655616,5.420685600153646,-2.9078970706092226,0.23367869468851027,1.0566106340981207e-06
27.960000000000004,5.826223170268694,5.652481884832325,-2.9078966192722246,5.782319641022188,5.416052227730946,-2.9079140682420923,0.2404714175060611,1.7448969867661646e-05
28.000000000000004,5.80636177867122,5.654836704724335,-2.9079083919861093,5.7628528702481585,5.411408924835242,-2.907926917348774,0.24728548104144576,1.8525362664778555e-05
28.030000000000005,5.796431938663295,5.6560148704211315,-2.908002061128449,5.743180026004773,5.406804631013982,-2.908236668922604,0.2548362408040892,0.00023460779415485078
28.06,5.77658440427108,5.658377359569543,-2.9082432936871423,5.743180026004773,5.406804631013982,-2.908236668922604,0.25378079170860934,6.624764538276651e-06
28.099999999999998,5.7567250884363785,5.6607292414951615,-2.908353598273113,5.72334519391049,5.402205214817277,-2.9083980209774563,0.2606700783141535,4.442270434346085e-05
28.13,5.746809610597775,5.661906213823206,-2.9087511017164207,5.703511774718649,5.397645263548433,-2.908735252051818,0.2677845261249091,1.5849664602551883e-05
28.16,5.726950162111633,5.664259298272688,-2.9086276978326246,5.684029496224647,5.3930602526122104,-2.9086215705500384,0.27457440872618843,6.127282586199101e-06
28.2,5.707099699253194,5.666610528642316,-2.908611449749753,5.664592676376324,5.388455587680743,-2.908601581131015,0.28138411144766357,9.868618738195778e-06
28.23,5.697167328441174,5.667787292360101,-2.9085893641109797,5.664592676376324,5.388455587680743,-2.908601581131015,0.281224659651714,1.2217020035176773e-05
28.26,5.687231860430204,5.668964260237074,-2.9085632709023352,5.645134009409463,5.3838370784061995,-2.9085510942871897,0.2882182139965842,1.2176615145520486e-05
28.3,5.657437192264118,5.6724947081547565,-2.908482726561306,5.625686433902957,5.3792211352161186,-2.9084983605653716,0.29498728657469875,1.5634004065567808e-05
28.330000000000002,5.647509442199591,5.673670806445622,-2.908463659855406,5.6062503095188685,5.3746055223124625,-2.908459433525085,0.3018979301075329,4.226330321266403e-06
28.360000000000003,5.627653576729626,5.67602166938292,-2.908483287715027,5.586821640879512,5.369973123946756,-2.9084878527144773,0.30876035877175007,4.5649994504515234e-06
28.400000000000002,5.607795711034272,5.678374947100965,-2.9084399704549146,5.567398427468054,5.36535836039057,-2.908432533319688,0.31561261710418864,7.4371352267732505e-06
28.430000000000003,5.597871410375334,5.679551066429935,-2.9084883647366815,5.548305149568893,5.360869199594478,-2.9077582158636766,0.3225134826019903,0.0007301488730049321
28.460000000000004,5.577993059447567,5.681908849275283,-2.9077243327105227,5.548305149568893,5.360869199594478,-2.9077582158636766,0.3224094115563909,3.388315315389079e-05
28.500000000000004,5.558157053194086,5.684262476354553,-2.9078461110899902,5.528942563350067,5.356300099084699,-2.9078083215608648,0.3292610018227793,3.778952912547595e-05
28.530000000000005,5.5482223995413325,5.685437833163318,-2.90791166633384,5.509492066513771,5.351681458828025,-2.9079412641427784,0.33599606561069495,2.9597808938408576e-05
28.56,5.528372750048872,5.687796226376728,-2.9080226485433784,5.490042893469723,5.347051787464273,-2.9080476279016176,0.3428934973940768,2.4979358239196614e-05
28.599999999999998,5.508524112672671,5.690160118059774,-2.9081166002416667,5.47059180894889,5.342418962699068,-2.908137716340713,0.3498039033478495,2.1116099046203374e-05
28.63,5.498595386509841,5.69134270465312,-2.9081579387679177,5.47059180894889,5.342418962699068,-2.908137716340713,0.35004567995538827,2.022242720478573e-05
28.66,5.488669925456118,5.6925250975855555,-2.9081958448110807,5.4511380036836545,5.337787051614107,-2.908213588390809,0.35671799283408123,1.7743579728168868e-05
28.7,5.458885846647513,5.696074610110513,-2.9082914144515004,5.431681703662038,5.333157050989499,-2.908277079320947,0.36393573624189307,1.433513055326685e-05
28.73,5.448957466728066,5.697258286126543,-2.9083119362750747,5.412224324546772,5.328531950938432,-2.9083203946538747,0.37055152677565123,8.45837880003586e-06
28.76,5.429100961536563,5.699625770707562,-2.908342233113698,5.392763513305617,5.32391206946679,-2.908348720918899,0.3774668136988694,6.48780520107195e-06
28.8,5.409239541220702,5.701993090921778,-2.9083764104247747,5.373290397229206,5.319288786372807,-2.908390239055259,0.38438902907605615,1.382863048426941e-05
28.830000000000002,5.399308114179993,5.7031769237588215,-2.9083950311856843,5.353826480494049,5.314659235445102,-2.90841642418232,0.3911707723429482,2.1392996635505312e-05
28.860000000000003,5.379446990212421,5.705545538847779,-2.9084188456108664,5.353826480494049,5.314659235445102,-2.90841642418232,0.3917250473304437,2.421428546561799e-06
28.900000000000002,5.359582894613094,5.707912997357221,-2.9084375140099645,5.334349044624241,5.310025575098451,-2.9084246060925785,0.39868677928542945,1.290791738606245e-05
28.930000000000003,5.34965256119762,5.7090986993380035,-2.9084466091346073,5.314888997377347,5.305392920826711,-2.9084589833430483,0.4051997790879146,1.2374208441023882e-05
28.960000000000004,5.329789001661371,5.711469249765718,-2.9084888397513975,5.295333536519704,5.300782639712148,-2.908618723176993,0.41212943446861616,0.0001298834255956116
29.000000000000004,5.3099395086746455,5.713840170138647,-2.908389654191019,5.275691373530165,5.296144723365519,-2.9082655664069748,0.4190971498541577,0.00012408778404404686
29.030000000000005,5.300004924992902,5.715020748808223,-2.9081804310519446,5.256019534760149,5.291500083017772,-2.9081443303388337,0.4257986248281158,3.610071311088703e-05
29.06,5.2801556552724564,5.717385772610678,-2.9081252166955642,5.256019534760149,5.291500083017772,-2.9081443303388337,0.42656907167938146,1.911364326945275e-05
29.099999999999998,5.260310593520511,5.719748964906424,-2.9078564906118385,5.236010533168442,5.286767630156555,-2.9079785318582543,0.4336626905498012,0.00012204124641579384
29.13,5.250384942765613,5.720936992573318,-2.9076102666220085,5.2161838298855585,5.282108121304723,-2.9075069583632045,0.44015962375154694,0.0001033082588040024
29.16,5.230554672978564,5.723309675681424,-2.9077917099393837,5.196339608282657,5.277497989221521,-2.9077710708096927,0.4471227241332832,2.063912969108017e-05
29.2,5.210700481560514,5.725683486978832,-2.9082436370891336,5.1765681280764415,5.272884861950826,-2.908224100282891,0.45408326591233716,1.953680624255938e-05
29.23,5.200754202276712,5.726868721375642,-2.908206094902189,5.1765681280764415,5.272884861950826,-2.908224100282891,0.45462766172272523,1.8005380701957563e-05
29.26,5.180885021999639,5.72924055195876,-2.908175718869158,5.157127842290816,5.268310340797498,-2.9081896772841334,0.46154204916657704,1.3958414975423494e-05
29.3,5.1610218793754745,5.731602722966393,-2.908071770341121,5.1377043857412765,5.26371285972374,-2.908099559736801,0.4684705216282123,2.7789395679711504e-05
29.330000000000002,5.151088254479108,5.732783499126573,-2.9080158108544536,5.118276862188512,5.259092403807763,-2.907986688721772,0.47482611685582493,2.9122132681802526e-05
29.360000000000003,5.131227675610281,5.7351472780383865,-2.9079268351738765,5.098854114546371,5.254467556544391,-2.907910311342469,0.48176866036667826,1.6523831407599943e-05
29.400000000000002,5.111370636212923,5.737511741957128,-2.9078758983677964,5.079447058141254,5.249839479625037,-2.907857474535212,0.4887160221283908,1.8423832584435473e-05
29.430000000000003,5.10144214725515,5.738694591034522,-2.907820342617111,5.060045708234478,5.245210024758719,-2.9077620506845494,0.4952178130035411,5.829193256179366e-05
29.460000000000004,5.081587167959172,5.741058577859949,-2.9077851704684323,5.060045708234478,5.245210024758719,-2.9077620506845494,0.4963162521010713,2.311978388291891e-05
29.500000000000004,5.061686060395909,5.743427043003417,-2.9068886696639202,5.040928806924108,5.240624133678806,-2.9069760590245277,0.5032311886171064,8.738936060748159e-05
29.530000000000005,5.051772617356729,5.744610406096168,-2.9068143927665964,5.021657864017821,5.2359834049576985,-2.9068313577796707,0.5095177373318577,1.696501307435483e-05
29.56,5.031904727117599,5.7469716124783075,-2.906950322661112,5.002313026179445,5.23130048614126,-2.9069192451239565,0.5165194858881246,3.1077537155699275e-05
29.599999999999998,5.0122483256825285,5.745836681429433,-2.906932878072652,4.982944380152297,5.226663953903734,-2.9069653757822533,0.5199990790665999,3.2497709601120306e-05
29.63,5.002122234964409,5.750530986662907,-2.9069955573644006,4.982944380152297,5.226663953903734,-2.9069653757822533,0.5242179490699409,3.018158214729283e-05
29.66,4.9824512901093065,5.749399047648262,-2.9069842325704887,4.963518284657388,5.222012117012064,-2.906983732424736,0.5277266653309378,5.00145752813097e-07
29.7,4.962412604185531,5.755267515547292,-2.9069893098527984,4.944066913362897,5.217367159348929,-2.906988085645854,0.5382131153828242,1.2242069442613968e-06
29.73,4.952486162002708,5.7564516403719495,-2.906991531120649,4.924614960763726,5.212719672557348,-2.9069925143587323,0.544445825295816,9.832380833962873e-07
29.76,4.9326310431555145,5.758820533234511,-2.906994909965197,4.9051617150215705,5.208070979636976,-2.90699553206833,0.551434161778189,6.22103133007812e-07
29.8,4.9137830516075125,5.761135951257758,-2.906342983681951,4.886848432140241,5.20372352857652,-2.9062933184351025,0.5580627945717342,4.966524684846263e-05
29.830000000000002,4.904912826713342,5.762270610033324,-2.906260816559658,4.869351413996605,5.199548796621233,-2.906288965563015,0.5638443520726287,2.8149003356681135e-05
29.860000000000003,4.887195713490663,5.764462882034848,-2.906312675371523,4.869351413996605,5.199548796621233,-2.906288965563015,0.5651958447504143,2.370980850807669e-05
29.900000000000002,4.870333664856194,5.76654182567978,-2.9054745762157554,4.8522473058197395,5.195485568340365,-2.9059574538541977,0.5713425989979181,0.0004828776384422362
29.930000000000003,4.862424828808482,5.767560407401675,-2.9051270990872227,4.83619842256965,5.191843179920598,-2.904971091370137,0.5763142809289928,0.00015600771708568217
29.960000000000004,4.846656553749412,5.769513838869977,-2.9049700016972753,4.820636237421194,5.188125578701622,-2.9049875049834184,0.5819702448780412,1.7503286143139007e-05
30.000000000000004,4.831812750083019,5.771350326152216,-2.904278051591274,4.806068162289321,5.184746165521344,-2.904039420923068,0.5871688216093545,0.0002386306682060635
30.030000000000005,4.824913018548843,5.772248957767282,-2.9039071506567105,4.792174442465818,5.181525494113442,-2.903465190509967,0.5916299729350541,0.0004419601467433587
30.06,4.81113131119026,5.773972752032358,-2.903447478386138,4.792174442465818,5.181525494113442,-2.903465190509967,0.5927504671339178,1.7712123828950155e-05
30.099999999999998,4.8044043482740975,5.774788239089121,-2.903369912176414,4.778710916879239,5.178336130732296,-2.9032471512227676,0.5970052512165567,0.00012276095364649464
30.13,4.7923593948524905,5.776350430393684,-2.90272381342909,4.766294475257542,5.175408254908627,-2.902557335259592,0.6015071722849236,0.00016647816949788563
30.16,4.780799014662572,5.775692427277001,-2.9021533082196096,4.754243127555119,5.172414202417479,-2.902106718401347,0.6038624278175612,4.658981826244357e-05
30.2,4.7696898366389355,5.779198886608983,-2.9015109081599335,4.74276905902821,5.169493066457219,-2.9012252656413833,0.6102998569507456,0.00028564251855023315
30.23,4.764782770546471,5.77985206924724,-2.9009265866369316,4.74276905902821,5.169493066457219,-2.9012252656413833,0.6107558561173503,0.00029867900445168516
30.26,4.754994408291456,5.781098660752814,-2.8994807253829404,4.732019226877673,5.166660559355594,-2.8998373689872947,0.6148674974412104,0.00035664360435427866
30.3,4.746132756773149,5.782246792067958,-2.897896129870038,4.7218257637378915,5.164039381730325,-2.89843684943796,0.618685083145519,0.0005407195679221211
30.330000000000002,4.742194921576409,5.782789310874801,-2.897124171325694,4.712134416526519,5.161782867628076,-2.8965516191704213,0.6217335735810013,0.000572552155272632
30.360000000000003,4.734348097425475,5.7838016296525705,-2.894991280265744,4.7030369774392975,5.159693062957339,-2.8944834198006495,0.6248935023323297,0.0005078604650945451
30.400000000000002,4.727429050916897,5.7847172115475844,-2.893248732808772,4.694691686296316,5.15779374387982,-2.892971866854948,0.6277776432423152,0.0002768659538241458
30.430000000000003,4.72447800741788,5.785130535778546,-2.8927332519350917,4.687386237771553,5.156017778391993,-2.892352881188453,0.630205252978748,0.00038037074663854753
30.460000000000004,4.718564864419045,5.785902535277941,-2.8924022042005975,4.687386237771553,5.156017778391993,-2.892352881188453,0.6306559392544352,4.93230121443311e-05
30.500000000000004,4.713544189089812,5.786577838987263,-2.892785389927306,4.6808844963983605,5.1543788155771475,-2.8926622512393068,0.6330420686869112,0.00012313868799918026
30.530000000000005,4.711526811130906,5.786887732602436,-2.89300728910921,4.675374688603026,5.153074631239098,-2.893279793802839,0.6348433061969575,0.0002725046936293829
30.56,4.707551862403758,5.787446217491152,-2.893757015654507,4.670799177064122,5.151936189508094,-2.8939010784689274,0.6365718777535669,0.00014406281442047586
30.599999999999998,4.704485734909125,5.787888076470404,-2.894261644117324,4.6671888408025834,5.1509987043190915,-2.8942025605431834,0.6379805096312015,5.908357414075027e-05
30.63,4.703444704769405,5.788075322482964,-2.894317661310306,4.6671888408025834,5.1509987043190915,-2.8942025605431834,0.6381074400781559,0.00011510076712273332
30.66,4.702442709553594,5.78824052788382,-2.8945807665591397,4.664538774236635,5.150277592539273,-2.894514390047535,0.639087955750962,6.637651160446012e-05
30.7,4.70034514744393,5.7886003800444055,-2.8944967212493067,4.662644706595117,5.149742859817116,-2.894162312581003,0.6399689479897883,0.0003344086683036984
30.73,4.700306752449073,5.788667411586807,-2.894329688059682,4.661811858024345,5.149459883784681,-2.894283456544134,0.6403656147043467,4.6231515547834334e-05
30.76,4.700293657942908,5.78875445486622,-2.894277176805904,4.661648161954979,5.149414765809323,-2.894194889612885,0.640506606026451,8.22871930190594e-05
30.8,4.700207173327182,5.7887857506567215,-2.893986333181795,4.661632889852067,5.149428700621227,-2.8939272105174374,0.6405196427711707,5.9122664357591503e-05
30.830000000000002,4.7001631602147205,5.788783801923648,-2.8938699757561404,4.661621214319929,5.149398695263669,-2.893701592016599,0.6405457018917153,0.00016838373954142227
30.860000000000003,4.700094757859499,5.788777422839054,-2.893646075268042,4.661621214319929,5.149398695263669,-2.893701592016599,0.6405352221606633,5.551674855697186e-05
30.900000000000002,4.700051632564601,5.788780690286366,-2.8934150575956403,4.661600242980587,5.149380527457321,-2.8934696158054756,0.6405552884698951,5.455820983524262e-05
30.930000000000003,4.700037313993687,5.788786171984081,-2.8933172007184758,4.661621962777416,5.149407906879928,-2.8932687085072337,0.6405312678524497,4.8492211242034955e-05
30.960000000000004,4.700018692815569,5.788786855607949,-2.8931366258585336,4.661662127187278,5.149394150649123,-2.893098229851256,0.6405421588633812,3.839600727761905e-05
31.000000000000004,4.700012135425444,5.788780479601279,-2.892994548326965,4.661688404701776,5.149377028736115,-2.892960556480166,0.6405509201576873,3.399184679908629e-05
31.030000000000005,4.700000895145378,5.7887881971019155,-2.892925161690325,4.661686186032299,5.149353344304993,-2.892810393801071,0.6405817261722674,0.00011476788925390835
31.06,4.699992271774982,5.7887893188516975,-2.8927706405752494,4.661686186032299,5.149353344304993,-2.892810393801071,0.6405823301882588,3.9753225821836935e-05
31.099999999999998,4.699986142928804,5.788791053269681,-2.892593273675535,4.6616662604756955,5.149340233520029,-2.892633737657292,0.6405979739819057,4.046398175727717e-05
31.13,4.699986750052803,5.788793788282867,-2.8925344306670406,4.661677566540589,5.149372593899969,-2.892512654316696,0.6405677617297205,2.177635034472658e-05
31.16,4.699994941704928,5.788794545461746,-2.8924614871237977,4.66170227229222,5.149396817473029,-2.8924460886203165,0.6405433498896732,1.5398503481200976e-05
31.2,4.700002566325053,5.788791137025556,-2.8923992485713472,4.66171924880694,5.149410167902779,-2.892383346526346,0.6405260619807549,1.5902045001237042e-05
31.23,4.700005772279437,5.788790317020895,-2.892367516325505,4.66171924880694,5.149410167902779,-2.892383346526346,0.6405254350655518,1.5830200840838415e-05
31.26,4.700011671051858,5.788789529492345,-2.8923073393978185,4.661730192349351,5.149417034569933,-2.8923216808894603,0.6405174930280666,1.4341491641811643e-05
31.3,4.700019043546601,5.788789487333755,-2.8922538501033697,4.661740124148125,5.14942110663185,-2.8922671284080113,0.6405132332057558,1.3278304641595184e-05
31.330000000000002,4.7000229248298435,5.788789152148256,-2.8922290279754894,4.661750855434017,5.149422448048225,-2.892217120621114,0.6405111502601467,1.1907354375395585e-05
31.360000000000003,4.700027330274518,5.788788069022138,-2.8922252268527844,4.661742814289496,5.149425253950684,-2.892225177965252,0.6405080120188199,4.888753224463471e-08
31.400000000000002,4.700024793049618,5.788787765261624,-2.892216161555961,4.661736381394077,5.149423758188805,-2.8922136967447427,0.6405094347527727,2.464811218239049e-06
31.430000000000003,4.700024170871184,5.788787488667716,-2.8922118148211062,4.661736265639799,5.149422638521062,-2.8922079772262927,0.6405102460461197,3.837594813482781e-06
31.460000000000004,4.700023428465505,5.788787494486984,-2.892206917312901,4.661736265639799,5.149422638521062,-2.8922079772262927,0.6405102074764819,1.059913391721068e-06
31.500000000000004,4.700032998350895,5.788787955860649,-2.8915675542929913,4.661800546901806,5.149445564676068,-2.891773510792762,0.640484514652326,0.00020595649977073194
31.530000000000005,4.700021750531624,5.788796119948964,-2.8907422632669086,4.662136861596958,5.149667407660409,-2.8902153468470537,0.6402505569550238,0.000526916419854917
31.56,4.700032044824808,5.788810726383193,-2.8885498707712274,4.6627222274221225,5.150111725326812,-2.8879076652706694,0.6397878057801988,0.0006422055005579352
31.599999999999998,4.700046429454286,5.788809918606365,-2.885605872841304,4.663592900278146,5.150638188956322,-2.8847370443118883,0.6392120276668162,0.0008688285294158327
31.63,4.7000453894951635,5.788807134257926,-2.8837598638723128,4.663592900278146,5.150638188956322,-2.8847370443118883,0.6392091885427476,0.000977180439575509
31.66,4.700045594473334,5.788798808998298,-2.87945198453953,4.664818053013635,5.151158962630863,-2.8805906943986828,0.638612208897372,0.0011387098591528755
31.7,4.700046743593035,5.788802613915312,-2.875122090175203,4.666251859301847,5.151892245530752,-2.8762146876972263,0.6378063276261926,0.0010925975220232864
31.73,4.700049717405902,5.788805861995432,-2.872905418633075,4.667863446932077,5.15274774787373,-2.8717058924767946,0.6368719498824478,0.0011995261562804949
31.76,4.700049244504123,5.788805109317828,-2.8673882952095853,4.669919091795497,5.153685862745594,-2.8657596921089814,0.6358335344008889,0.0016286031006038648
31.8,4.700060437290877,5.788804579418368,-2.8602583849969263,4.672434108643273,5.154722229457069,-2.8582066829068418,0.6346838902689977,0.0020517020900845395
31.830000000000002,4.700067701480306,5.78880497184611,-2.8560511792862315,4.675451658996808,5.155934029286417,-2.8488250528898607,0.6333494923689001,0.00722612639637088
31.860000000000003,4.700078341024166,5.788811381630655,-2.8461234843259784,4.675451658996808,5.155934029286417,-2.8488250528898607,0.633356310916635,0.0027015685638822617
31.900000000000002,4.700081255295565,5.788818233903722,-2.8402146723100046,4.67898254991383,5.157470949812517,-2.836987241082591,0.6316997296961007,0.0032274312274136463
31.930000000000003,4.700083998365079,5.788830829124037,-2.8261235399907765,4.6830312129291665,5.159381302833289,-2.822086346157805,0.6296804774159434,0.0040371938329712975
31.960000000000004,4.700086633866207,5.788841129363288,-2.808633669151535,4.687639567698309,5.161753121001412,-2.8036793169091,0.6272115270683827,0.004954352242434901
32.0,4.700092608578803,5.788853893289739,-2.787301815420572,4.6928686447836085,5.164719785662666,-2.7813113544836345,0.6241759126691419,0.005990460936937669
32.03,4.700096054542195,5.788861882320861,-2.7750413525245556,4.698789934457832,5.168459633362491,-2.7545105594250936,0.6204036238307106,0.02053079309946204
32.06,4.70007374165458,5.788871602958675,-2.7474591586538617,4.698789934457832,5.168459633362491,-2.7545105594250936,0.6204132978741956,0.007051400771231897
32.099999999999994,4.699953515004325,5.788801985345934,-2.7186994742078543,4.704682902443133,5.1720611557435365,-2.7259848919281824,0.6167589626460243,0.007285417720328091
32.129999999999995,4.6998468187480595,5.7887165615834455,-2.7038235700952136,4.710217203078225,5.17477435567883,-2.696202264086951,0.6140297851588153,0.007621306008262607
32.16,4.699663777565945,5.7885851193584,-2.672490004320528,4.715438440333064,5.176559741687161,-2.664283190315999,0.6122286361311755,0.00820681400452905
32.2,4.699512020107647,5.7884880945392325,-2.638623922197595,4.72031808763343,5.177098341759689,-2.629691601733082,0.6117436736491182,0.00893232046451331
32.230000000000004,4.699437953592239,5.7884357968154445,-2.620551358335118,4.72031808763343,5.177098341759689,-2.629691601733082,0.6116939299614031,0.009140243397963932
32.260000000000005,4.699286057677574,5.78830143265472,-2.5815141261200236,4.724862984525932,5.175693198541462,-2.5916918856296176,0.6131419311141344,0.010177759509593987
32.3,4.69940962751792,5.788236281676274,-2.5391881323216636,4.729236174061144,5.1710373692371325,-2.5497334167652004,0.6179191859739863,0.010545284443536751
32.33,4.699544929430344,5.788224944842589,-2.517749402745874,4.733532517092555,5.163205233933523,-2.506943789489863,0.6259431245248634,0.01080561325601126
32.36,4.699143134259688,5.788153125972748,-2.475747887007348,4.737667626702734,5.161563472949776,-2.465241952643268,0.6277728329526872,0.010505934364080094
32.400000000000006,4.698460389048607,5.788199522988739,-2.4332422442605117,4.742173419955058,5.1612463772808175,-2.422849951779781,0.6284751991797979,0.010392292480730703
32.43000000000001,4.698326977967532,5.788084307729436,-2.4123404669401474,4.746829151674742,5.156418419706006,-2.381728222636072,0.6335252599121464,0.030612244304075276
32.46000000000001,4.698119576466397,5.787440317544654,-2.3718304673757653,4.746829151674742,5.156418419706006,-2.381728222636072,0.632899090115372,0.009897755260306784
32.5,4.697575700847911,5.786738440373185,-2.3330169683887805,4.751697155549323,5.14752108971382,-2.3426666000433727,0.6415044452246411,0.009649631654592206
32.53,4.697261160128613,5.786577069507416,-2.312874083685473,4.757208045229875,5.1377073867230125,-2.302447414970098,0.6516329444327355,0.010426668715374898
32.56,4.69672851820739,5.786489551277093,-2.271540925930102,4.763181790603177,5.128009802544998,-2.26107544612709,0.6618244607918261,0.010465479803011934
32.599999999999994,4.696420763380599,5.786419954258268,-2.230016461204443,4.769757969419736,5.117525721918557,-2.2199459122786918,0.6729025485513924,0.010070548925751321
32.629999999999995,4.696403814313546,5.786387907075598,-2.2100831078820646,4.769757969419736,5.117525721918557,-2.2199459122786918,0.6728725397907063,0.009862804396627123
32.66,4.696444553681006,5.786398043952511,-2.1911373614697647,4.775857215901425,5.105878434412085,-2.1825067335511394,0.6851374386865665,0.008630627918625233
32.7,4.696540707857018,5.786489410375921,-2.1389403779416063,4.781236391424758,5.094277755288961,-2.1477259613679456,0.6973738841204447,0.008785583426339283
32.730000000000004,4.696534680185502,5.786505541409597,-2.119834333273858,4.787084488721778,5.0834731682970355,-2.1102598250164317,0.7088397459724138,0.009574508257426118
32.760000000000005,4.696538056140271,5.786536517693436,-2.0818553726301827,4.792860208360435,5.073379939330789,-2.0724990635023612,0.7196320325487475,0.009356309127821483
32.8,4.696422521489659,5.78648879454036,-2.0461899842932665,4.79812797192352,5.063996072108216,-2.037874629054601,0.7296161542998936,0.008315355238665667
32.83,4.696367637031361,5.786460531404158,-2.02937152179511,4.803400193225853,5.055319768607447,-2.0049066068469714,0.738933544446646,0.024464914948138627
32.86,4.696353772681016,5.786418108214791,-1.99673960129647,4.803400193225853,5.055319768607447,-2.0049066068469714,0.7388935771327815,0.008167005550501427
32.900000000000006,4.69637181885228,5.786432653985527,-1.9644444712657145,4.808661956216054,5.047327841302505,-1.972587155073271,0.7475861148258302,0.00814268380755645
32.93000000000001,4.696381805115548,5.7864417113395765,-1.9483613421970418,4.813904554900597,5.03993468527855,-1.9403863705552404,0.7557012218301076,0.007974971641801387
32.96000000000001,4.696388865850543,5.786451536374608,-1.9157229937936942,4.8190324591821465,5.032960444938728,-1.9072899503238727,0.7634070184760697,0.008433043469821433
33.0,4.696396476877548,5.786454556136217,-1.8814876142056771,4.824002186906089,5.026462756305852,-1.8726428129990698,0.7706301013075505,0.008844801206607356
33.03,4.696400346114813,5.786460144499881,-1.8636996261625656,4.828882183128354,5.0205463841385125,-1.8369571810509924,0.7772871576511314,0.0267424451115732
33.06,4.696419817061064,5.786498995174023,-1.827834336989103,4.828882183128354,5.0205463841385125,-1.8369571810509924,0.7773221216305768,0.009122844061889346
33.099999999999994,4.696425777247476,5.786529426598804,-1.8093492361984844,4.8335816682567305,5.015302206416089,-1.7999840582920612,0.7833282604306454,0.009365177906423217
33.129999999999995,4.6964425154458596,5.7865829186593665,-1.771308971983345,4.838068094216542,5.010844385277461,-1.7615491079738372,0.7885607628684299,0.00975986400950779
33.16,4.6964311356730395,5.786641562508586,-1.7315251328953372,4.842057580182873,5.007315853886961,-1.721189531656255,0.792814998255692,0.01033560123908206
33.2,4.696255565576099,5.787078181567175,-1.69096334676683,4.845234975443065,5.005504771206212,-1.680868658127658,0.7956455620108589,0.010094688639171956
33.230000000000004,4.696400194193501,5.7867072219985065,-1.6706578444877975,4.845234975443065,5.005504771206212,-1.680868658127658,0.7952540859583764,0.010210813639860428
33.260000000000005,4.6963750216500415,5.786772806677055,-1.6289932252507406,4.847619983224028,5.005173273381496,-1.6395137157260504,0.7960985296113491,0.010520490475309785
33.3,4.696103021712842,5.78719173107628,-1.5906141824804545,4.849296325644878,5.005682091575278,-1.5990342961888413,0.796382762873858,0.0084201137083868
33.33,4.696398988638956,5.786700150615203,-1.5745855614817093,4.850572655724865,5.005871324385696,-1.566602373441292,0.7959039989180013,0.00798318804041731
33.36,4.696448998332263,5.786684344357079,-1.542396011851765,4.851212920500919,5.006574725225975,-1.5344797659902325,0.7953130763830695,0.0079162458615325
33.400000000000006,4.69643941270042,5.786741178968236,-1.5143235599296683,4.851198673382543,5.006905780671925,-1.5080890092562094,0.795043192036032,0.006234550673458905
33.43000000000001,4.69646152623794,5.786722878388947,-1.5024509157598667,4.850752764708098,5.007267719140233,-1.4850222975907628,0.7945792166600459,0.017428618169103904
33.46000000000001,4.69648058106058,5.786823327048615,-1.4792113238237525,4.850752764708098,5.007267719140233,-1.4850222975907628,0.7946740542315319,0.00581097376701023
33.5,4.696536879869006,5.786910985057384,-1.4584069031418558,4.849993336244492,5.007598140794127,-1.4631401845478549,0.7942779068040406,0.004733281405999046
33.53,4.69654207619468,5.786914566061528,-1.449294616209204,4.848918145293034,5.00800514330805,-1.4449898010291375,0.7936739603187336,0.004304815180066424
33.56,4.696539190678968,5.786962136684945,-1.4324344909028777,4.847715494515137,5.008317795888105,-1.4283668182047122,0.7931842688155835,0.0040676726981654365
33.599999999999994,4.696577589979494,5.786926349431304,-1.418648877261401,4.846739039907142,5.008230072313943,-1.415634282965206,0.7930424661017917,0.0030145942961949945
33.629999999999995,4.696599219470986,5.786905867164995,-1.4126115622648152,4.846739039907142,5.008230072313943,-1.415634282965206,0.7930182590379109,0.0030227207003907797
33.66,4.696573560927818,5.786976276102631,-1.4003847488569998,4.8452885640121375,5.008237389772891,-1.403450778192575,0.7928117085566111,0.0030660293355750934
33.7,4.696576154920325,5.787042759748552,-1.390300176216916,4.843729777887504,5.008185653037896,-1.3924424611146227,0.7926364749530901,0.0021422848977066256
33.730000000000004,4.696603760131486,5.7870504363341535,-1.3861917375990167,4.842495326884074,5.007935945654211,-1.3841900455992793,0.7926561289973044,0.0020016919997374316
33.760000000000005,4.696619294276749,5.78709541554392,-1.377918132136516,4.840870290204848,5.007794868265823,-1.3758238638824272,0.7925387642343998,0.0020942682540887603
33.8,4.696589282866062,5.787153234185624,-1.3708951987023184,4.839195692648011,5.007542569993679,-1.3694587475140139,0.7925461348291989,0.0014364511883044884
33.83,4.6966141743296745,5.787157016984997,-1.3680742369259322,4.837887307962139,5.007327207798408,-1.3639463793458166,0.7925229520855078,0.004127857580115579
33.86,4.6966542757817145,5.787209327133597,-1.3625413076588024,4.837887307962139,5.007327207798408,-1.3639463793458166,0.7925672775465963,0.0014050716870142033
33.900000000000006,4.696656162881599,5.787256104629185,-1.357417409413138,4.836569441659676,5.007107155957256,-1.3586599515461826,0.7925958034788897,0.001242542133044644
33.93000000000001,4.696670068227634,5.787255882741514,-1.3550929277468293,4.835421313773983,5.006881237972316,-1.3539814522176215,0.7926137106682637,0.0011114755292078726
33.96000000000001,4.6966642843955855,5.787292600670485,-1.3506142010802618,4.834324035831375,5.0067435516466965,-1.3495381526383738,0.792595120535891,0.0010760484418879113
34.0,4.696663994313504,5.787325390439381,-1.3468387417513534,4.833432478552005,5.006571686983644,-1.3460559695698846,0.7926423933532362,0.0007827721814688271
34.03,4.696678369345609,5.787326990942576,-1.345270800823677,4.832721338441273,5.006458538925393,-1.3430606736056225,0.7926305752341858,0.0022101272180543585
34.06,4.696661879258067,5.787379270350191,-1.3423723400607601,4.832721338441273,5.006458538925393,-1.3430606736056225,0.7926849091551246,0.0006883335448624184
34.099999999999994,4.696659092149999,5.7874571081045065,-1.3397695558285443,4.8320121933762845,5.006402237791799,-1.3405279794661553,0.7926961413118985,0.0007584236376110276
34.129999999999995,4.696679917952044,5.787465980794187,-1.3384991580842194,4.831308618786197,5.006353144515697,-1.3379320310682876,0.792629894772661,0.0005671270159317565
34.16,4.696824477956591,5.787510859907126,-1.336429575262653,4.830943193478876,5.006334013864847,-1.335942785659169,0.7926065194318744,0.000486789603483917
34.2,4.696690929085042,5.787569376888069,-1.334893167679966,4.830556985295403,5.006348086419087,-1.3345809337624115,0.7926076114240492,0.00031223391755452745
34.230000000000004,4.696685773682502,5.787586182111838,-1.334279727577371,4.830556985295403,5.006348086419087,-1.3345809337624115,0.7926250459456488,0.00030120618504048124
34.260000000000005,4.69668970157203,5.787620149860342,-1.3337131588453914,4.830281229064884,5.0063827499771145,-1.3334473247687282,0.7925771704977252,0.00026583407666325165
34.3,4.696705958457914,5.787698905637127,-1.3334680114171857,4.830051295265294,5.006394213767559,-1.3332596233860008,0.7926020441467921,0.0002083880311849473
34.33,4.696733568797457,5.787704275635939,-1.3339105732179615,4.830232322759379,5.006432447339357,-1.33418169415362,0.7925954750055474,0.0002711209356585087
34.36,4.696769241864104,5.787729632570663,-1.3349479447028334,4.830481005126204,5.006592168251473,-1.3351942547532236,0.7924989424583949,0.00024631005039021936
34.400000000000006,4.696745620424775,5.787748265666087,-1.335879046489378,4.830668083223209,5.006725834096186,-1.336084837686282,0.7924211409707331,0.00020579119690400383
34.43000000000001,4.696732609343441,5.787746796129738,-1.3362857707423745,4.830772912457269,5.006844444968102,-1.3368427290999394,0.7923227151285125,0.0005569583575648629
34.46000000000001,4.696708355042751,5.787746363512606,-1.3370153168888177,4.830772912457269,5.006844444968102,-1.3368427290999394,0.7923263923038518,0.00017258778887829784
34.5,4.696703463389556,5.787757878606031,-1.337513852692845,4.830800776965119,5.006940764612387,-1.3374027054361115,0.7922483543773036,0.00011114725673344594
34.53,4.6967037669267295,5.78775927247521,-1.3377925773339276,4.830795661720112,5.006907203507492,-1.33792359071339,0.7922818878785791,0.00013101337946230807
34.56,4.6967110772501295,5.787764748970643,-1.3382904365936914,4.830792122463963,5.006890284177957,-1.3384044071136887,0.7923021244770823,0.00011397051999728625
34.599999999999994,4.696709828464233,5.787777970447351,-1.3387244713056223,4.830783229969508,5.006873313484614,-1.3388254636213315,0.792330587732977,0.00010099231570914746
34.629999999999995,4.69671856561981,5.78779147188445,-1.3389240673505467,4.830783229969508,5.006873313484614,-1.3388254636213315,0.7923424160965944,9.860372921521865e-05
34.66,4.696720761986654,5.787802985769608,-1.3392607835235404,4.830774250670657,5.006853529933078,-1.3392029628343576,0.7923713715169953,5.782068918280814e-05
34.7,4.6967228236640715,5.787805022287827,-1.339593400561421,4.830807914824877,5.006866608490905,-1.3394900312207763,0.7923658358455734,0.00010336934064469894
34.730000000000004,4.6967196403085065,5.78781423114591,-1.3397849249445266,4.830690586816229,5.006932725119714,-1.3398742010908964,0.7922904397769261,8.927614636977665e-05
34.760000000000005,4.696717374804495,5.787836605735026,-1.340119298426493,4.830628179723541,5.006997113348292,-1.3401940358459117,0.7922388633138617,7.473741941876888e-05
34.8,4.69672998765781,5.78785379504037,-1.340407196393179,4.830606382044718,5.007035707534259,-1.3404731837974408,0.7922119506487765,6.598740426189131e-05
34.83,4.696732255401282,5.787856101301733,-1.3405292239202322,4.83057067224237,5.006998899430935,-1.3406736091564078,0.7922440858321508,0.00014438523617554821
34.86,4.696730194252522,5.787852026450558,-1.3407246875249592,4.83057067224237,5.006998899430935,-1.3406736091564078,0.7922404177551624,5.1078368551449316e-05
34.900000000000006,4.696733778796491,5.78786800646024,-1.3409391133469866,4.830582686252037,5.006998769187338,-1.340887006613873,0.792257720534301,5.210673311362157e-05
34.93000000000001,4.696734787920169,5.787877529513812,-1.3410294539352199,4.8306035973726775,5.007020304823472,-1.3410719892499676,0.7922492432911076,4.2535314747738084e-05
34.96000000000001,4.6967348777533955,5.787891119000291,-1.3412078486989563,4.830623510307306,5.007067765729028,-1.3412490145309337,0.7922192088941893,4.116583197744106e-05
35.0,4.696735109723885,5.787900819814262,-1.3413545358831918,4.8306239246907365,5.007096581696681,-1.3413898110032443,0.7922003995426943,3.5275120052524755e-05
35.03,4.696734041014472,5.787899721111641,-1.341420450570697,4.8306003287033725,5.007057829469854,-1.3414878166985924,0.792233704611418,6.73661278953741e-05
35.06,4.696732065895732,5.787883234490662,-1.341506325152375,4.8306003287033725,5.007057829469854,-1.3414878166985924,0.7922177888138112,1.8508453782484224e-05
35.099999999999994,4.696732791035012,5.787876883843746,-1.341541199115097,4.830589703364955,5.0070360431680125,-1.3415394298065135,0.7922310846247407,1.7693085834213917e-06
35.129999999999995,4.696734632877542,5.78788005125236,-1.3415559717325312,4.830592858008506,5.007048234368479,-1.3415628033628295,0.7922224123902298,6.831630298353986e-06
35.16,4.696734515593546,5.787886513187058,-1.3415829264182155,4.83059574348595,5.007055820680378,-1.3415893247086843,0.7922218115485857,6.398290468778711e-06
35.2,4.696665726925852,5.786899821082244,-1.3412036505278646,4.830918940950706,5.006089699650988,-1.3409449523362438,0.7922678658165405,0.00025869819162083196
35.230000000000004,4.69660261806661,5.785863348216546,-1.3406849667480434,4.830918940950706,5.006089699650988,-1.3409449523362438,0.7912571121894245,0.0002599855882003954
35.260000000000005,4.696399185388886,5.783737337961341,-1.3406627642426283,4.831367608534747,5.004283025302345,-1.3406549818824203,0.7910534120836519,7.782360208041794e-06
35.3,4.696059758446523,5.780772996474944,-1.3404907452545491,4.831910033793141,5.0019368618192495,-1.3406708917250072,0.7905953591801405,0.00018014647045805354
35.33,4.695862900934273,5.778762193985639,-1.340112081890977,4.83285056036955,4.998495617830226,-1.3400518582145238,0.7922004473003317,6.022367645330817e-05
35.36,4.695394099147048,5.774675149596663,-1.3401232778680896,4.83377489210932,4.994551960942405,-1.3401414257821957,0.7923013526032593,1.8147914106148022e-05
35.400000000000006,4.694774509579806,5.769733680288367,-1.3400025529442117,4.8349710085237,4.9895994798911785,-1.3399394825440323,0.7926313323011441,6.307040017938803e-05
35.43000000000001,4.694440353439621,5.766744653084758,-1.3396044683849935,4.836370799805428,4.983893360420075,-1.339646323455867,0.7956132213785552,4.185507087361984e-05
35.46000000000001,4.693705538440311,5.760687350821426,-1.3396789774550228,4.836370799805428,4.983893360420075,-1.339646323455867,0.7897862244455971,3.2653999155751734e-05
35.5,4.6928186849878735,5.753783044435309,-1.3396200767323538,4.837797746986584,4.977648782590239,-1.3396709005761427,0.7895589406927246,5.082384378884974e-05
35.53,4.692349501016102,5.749801054563508,-1.3392955968916076,4.839626341312894,4.970242482929705,-1.3392810804186357,0.7933486209073174,1.4516472971903838e-05
35.56,4.691342976524251,5.741751503604427,-1.3394086409006143,4.841450264975271,4.962379682600723,-1.3394455876830873,0.793695554618235,3.6946782473012973e-05
35.599999999999994,4.690181284564922,5.732856954801062,-1.3395712635132064,4.843538034130677,4.953422507441733,-1.3395633447241653,0.7943779644273353,7.91878904116139e-06
35.629999999999995,4.689573353964091,5.727883332120723,-1.3395685156812784,4.843538034130677,4.953422507441733,-1.3395633447241653,0.7896168005439479,5.1709571131652865e-06
35.66,4.688292113331304,5.717855587554677,-1.3396690957735071,4.845902501076817,4.943687429583481,-1.3396468409050164,0.7900489675594831,2.2254868490723112e-05
35.7,4.686863422040505,5.707001358943948,-1.3400067357691172,4.84832632239392,4.933542272063068,-1.3399754894666345,0.7901324112255752,3.124630248274585e-05
35.730000000000004,4.686113116600567,5.701033142680052,-1.3400250994094367,4.851065088509001,4.922043268712017,-1.340019403941045,0.7962627561183657,5.695468391797576e-06
35.760000000000005,4.685345436186234,5.695001467190626,-1.3400000937473933,4.853872950979343,4.910293277088485,-1.339978789916953,0.8026010633283015,2.130383044018913e-05
35.8,4.682846056168364,5.676138588826365,-1.3404999616376212,4.856805000838542,4.897401295217697,-1.3406337646970707,0.7979307531908492,0.0001338030594495443
35.83,4.681954231871224,5.669172542653196,-1.3406561973191322,4.8600002352774565,4.883719432292499,-1.3406064738430983,0.8053800145920095,4.972347603393601e-05
35.86,4.680119102317359,5.6551882804396865,-1.3405727488544037,4.8600002352774565,4.883719432292499,-1.3406064738430983,0.7921624869031332,3.37249886945834e-05
35.900000000000006,4.6781417466006,5.640331045182441,-1.3415543066523155,4.863258600063423,4.86957413634208,-1.3412312685298957,0.7926755086169399,0.0003230381224197387
35.93000000000001,4.677112940817663,5.632388041266772,-1.3418159063146093,4.866854161456227,4.854263976526269,-1.341824502415343,0.8009237110597328,8.596100733671008e-06
35.96000000000001,4.674998527704195,5.616436453720059,-1.3416265324995589,4.870577867491191,4.838547138573581,-1.3415662554356986,0.8020991614324087,6.027706386024789e-05
36.0,4.672748583446895,5.5995847618141825,-1.3425951312930655,4.87444002895733,4.822105650538853,-1.3430487861742364,0.8032142974708341,0.00045365488117088404
36.03,4.671576244687426,5.590634412937776,-1.3434807501132309,4.878497017061694,4.805031402307652,-1.3443533777888068,0.8123966373336851,0.0008726276755759432
36.06,4.669173633846428,5.57268238619675,-1.3444969781720857,4.878497017061694,4.805031402307652,-1.3443533777888068,0.7956785229139877,0.0001436003832788746
36.099999999999994,4.666645284091663,5.553828729962978,-1.345995752187304,4.882597783837392,4.787298398320884,-1.3455258982355947,0.7963694064149932,0.00046985395170939803
36.129999999999995,4.665342504968486,5.543866043821302,-1.3467096933644924,4.8870297684509305,4.768499455764678,-1.3468511025137428,0.8064357312674737,0.00014140914925042658
36.16,4.662687161630614,5.52395902118286,-1.346901639831523,4.891595077474248,4.749190721152051,-1.3468467293696629,0.8078766939753281,5.4910461860124826e-05
36.2,4.6599696169419484,5.504135297898307,-1.3465303761039786,4.896160187710939,4.729756669834788,-1.3464245828362118,0.8095975823344086,0.0001057932677668294
36.230000000000004,4.658609175529995,5.494244871751379,-1.3463246458091425,4.896160187710939,4.729756669834788,-1.3464245828362118,0.8005452481014759,9.993702706934116e-05
36.260000000000005,4.655888664220358,5.474468050015451,-1.346028505357341,4.900700659541554,4.710321682258383,-1.346079431834809,0.8024042524871529,5.092647746796075e-05
36.3,4.653168458050027,5.454656259138507,-1.3458300678010031,4.905175111873691,4.690763861953659,-1.3458816431832512,0.8043873122123528,5.157538224809244e-05
36.33,4.651812289506789,5.4447493506830416,-1.3457166710846853,4.909653750354212,4.671238540253459,-1.3456524688465867,0.815353415877657,6.420223809855408e-05
36.36,4.6491032029011405,5.424939249769654,-1.3454605650958957,4.914142363945609,4.65175496867437,-1.345403030002801,0.8173491845105042,5.7535093094696066e-05
36.400000000000006,4.646391562936663,5.405123895319507,-1.3452671631937332,4.918624864764682,4.632285875386343,-1.3452097049604834,0.8193836559746592,5.745823324976307e-05
36.43000000000001,4.645035395651792,5.395213595182236,-1.3451508952938531,4.923134016210413,4.61285778865726,-1.3450246816468843,0.830312863178665,0.0001262136469688535
36.46000000000001,4.6423250793622,5.375398324119004,-1.3449596585024355,4.923134016210413,4.61285778865726,-1.3450246816468843,0.8126018257646894,6.502314444878365e-05
36.5,4.639610014186315,5.355587863466456,-1.344949968401317,4.927613935476423,4.593417708008409,-1.3449217654633325,0.8147696634935686,2.8202937984556087e-05
36.53,4.638252914128776,5.345681458567194,-1.3450087487791058,4.932101354755414,4.573956096804409,-1.3450227479161008,0.8257765678720899,1.3999136994957695e-05
36.56,4.635543625183498,5.325871353435632,-1.3450547246802675,4.9365999591455765,4.554496550486788,-1.3450741186270745,0.8280422711692046,1.939394680694484e-05
36.599999999999994,4.636417559383644,5.306225524631227,-1.3450912393710555,4.941082255001662,4.535015739797732,-1.34509105837874,0.8292075186459329,1.8099231535728677e-07
36.629999999999995,4.631471308633513,5.296155858217329,-1.3450976166712507,4.941082255001662,4.535015739797732,-1.34509105837874,0.8217014165612586,6.558292510616681e-06
36.66,4.628757403609185,5.27633998362273,-1.3451009544967474,4.945555561809407,4.515520447931462,-1.3451020123410264,0.8241404242776402,1.0578442790620812e-06
36.7,4.6260439057040035,5.256526717975996,-1.3450979968367534,4.950033915519949,4.496025083468879,-1.3450987029187655,0.8266391368357373,7.060820121917999e-07
36.730000000000004,4.624687084496655,5.246619721046276,-1.345097582321654,4.954509726936462,4.476529912999237,-1.3450975727198526,0.8377477471911827,9.601801354008899e-09
36.760000000000005,4.621972169310228,5.226804978443946,-1.3450977958986117,4.958985585626737,4.457034838867893,-1.3450978437867447,0.8403119126611625,4.788813301459527e-08
36.8,4.620614714786246,5.21689738235051,-1.3450978760438552,4.9634617848800735,4.4375393669548755,-1.34509791112688,0.8514358634878753,3.508302470756064e-08
36.83,4.617899890101041,5.197081993378328,-1.3450979178336342,4.967938140420854,4.41804377770334,-1.345098024877894,0.85406517208526,1.070442599004906e-07
36.86,4.615185657991182,5.17726593590951,-1.3450981118268395,4.967938140420854,4.41804377770334,-1.345098024877894,0.8371693970586425,8.694894537697451e-08
36.900000000000006,4.612471101585592,5.157450341774934,-1.345098350009022,4.97241462309076,4.3985484560570765,-1.3450984252814615,0.8399353610961157,7.52724396146931e-08
36.93000000000001,4.611113652860913,5.147542734700455,-1.3450976308210763,4.976892893887838,4.379054165971034,-1.3450948200818984,0.8510987800684632,2.810739177849797e-06
36.96000000000001,4.6083989802812875,5.127729425906734,-1.3450826340718443,4.981372725592178,4.359561560079632,-1.3450852070365595,0.8539269785998087,2.572964715286119e-06
37.0,4.605684360408138,5.107917892845901,-1.3450982877493134,4.9858526833216,4.340056702821589,-1.3450923984729555,0.8568189779016254,5.889276357917694e-06
37.03,4.604327001667553,5.098008341361053,-1.3450886996112745,4.99032966397765,4.3205589514806855,-1.345090374425418,0.8680009269210712,1.6748141433708952e-06
37.06,4.601612696170156,5.07819299530199,-1.3451048992137518,4.99032966397765,4.3205589514806855,-1.345090374425418,0.8515340424307618,1.4524788333858396e-05
37.099999999999994,4.598898056217794,5.058381597079892,-1.3451180289511455,4.994807461714488,4.301072048441311,-1.3451229725140474,0.8545536904255442,4.943562901926768e-06
37.129999999999995,4.5975411141056535,5.048474918776918,-1.3451276610929639,4.999282278309894,4.281589158765033,-1.3451290508516116,0.8657423011065042,1.3897586477185087e-06
37.16,4.594825968590672,5.0286611218399075,-1.3451251185631619,5.003759710603602,4.262094319546002,-1.3451232067258692,0.8688218849314288,1.9118372927007243e-06
37.2,4.5921121525618,5.008846039650054,-1.345122575197324,5.008232076375284,4.242603836191035,-1.3451215786428268,0.8719420309609305,9.965544971457518e-07
37.230000000000004,4.590754702415239,4.998940602806955,-1.3451204667424148,5.008232076375284,4.242603836191035,-1.3451215786428268,0.8639054706989642,1.1119004119652942e-06
37.260000000000005,4.588039921356212,4.979128558416161,-1.3451160326462128,5.0127052951266355,4.223111649566259,-1.345117119292782,0.8671229706025174,1.0866465691705685e-06
37.3,4.585324694401898,4.959317428772224,-1.3451195081690743,5.017177869705062,4.2036274546939865,-1.3451162767167808,0.8703818138850291,3.231452293528392e-06
37.33,4.583968144528304,4.94941057491202,-1.3451204400090173,5.021659827878431,4.184132113282282,-1.3451202572201042,0.8816037281614943,1.8278891311673817e-07
37.36,4.582612266297916,4.939502309253069,-1.345119688686814,5.026134552992262,4.16463821836684,-1.3451170664266026,0.8928193423865343,2.62226021141565e-06
37.400000000000006,4.578540532170602,4.909780836217288,-1.3451148116208511,5.03060913233272,4.145145490528534,-1.3451139245211694,0.8882754252646515,8.870996817123e-07
37.43000000000001,4.577183418360809,4.8998741866734425,-1.345110351942197,5.035086298853418,4.125657272026341,-1.3451180284314233,0.899492567445171,7.676489226282612e-06
37.46000000000001,4.574468930193163,4.880061771828357,-1.3451162972120383,5.035086298853418,4.125657272026341,-1.3451180284314233,0.8839086545752493,1.7312193849594593e-06
37.5,4.571754438855802,4.860249160354563,-1.3451105003973798,5.039560476912792,4.1061688363665745,-1.3451064972957165,0.8874004869665149,4.003101663263564e-06
37.53,4.570397107805417,4.850343398703992,-1.3450956114548043,5.044038534240367,4.086687998437349,-1.3450968458559356,0.8986132489518174,1.2344011313114578e-06
37.56,4.569040515415789,4.840437702962533,-1.3450925400725255,5.0485107726849,4.067201280058112,-1.3450943841512393,0.9098276173604167,1.8440787137308234e-06
37.599999999999994,4.564968426470703,4.810717150245953,-1.3450894320509375,5.0529909157164985,4.047706730319544,-1.3450882568611593,0.9057322181119194,1.1751897781575593e-06
37.629999999999995,4.563611978414139,4.8008106463082605,-1.345088173668173,5.0529909157164985,4.047706730319544,-1.3450882568611593,0.8981409981471318,8.319298627768035e-08
37.66,4.560896819982201,4.780997417691254,-1.3451011998236906,5.057462350324078,4.028214374329093,-1.345091095702668,0.9018090908264936,1.0104121022536106e-05
37.7,4.558182486074852,4.761182388194226,-1.345092511603479,5.061942166731618,4.008716443542762,-1.3450923189835688,0.9055268155696033,1.9261991024421832e-07
37.730000000000004,4.55682573610507,4.751277572901221,-1.345093554719817,5.066415000909723,3.9892237710186884,-1.3450942864812487,0.9167372664879335,7.317614316715293e-07
37.760000000000005,4.554110751777133,4.731461796846374,-1.3450956312070206,5.070895740471322,3.969720992261831,-1.34509012884495,0.9204975708326232,5.502362070641809e-06
37.8,4.551396943041917,4.711646583881711,-1.34508838869142,5.075371361234693,3.950231378563052,-1.345087461816706,0.9242847536397611,9.268747140911415e-07
37.83,4.550038678923037,4.701740535296861,-1.345086958725323,5.079847617631818,3.930735296950249,-1.3450866262490346,0.9354926985784767,3.324762882783716e-07
37.86,4.547323740797573,4.68192498247379,-1.345086711443545,5.079847617631818,3.930735296950249,-1.3450866262490346,0.9207972757537513,8.519451033528469e-08
37.900000000000006,4.54460905647045,4.662109310575984,-1.3450885528963847,5.084323101182371,3.911240047981881,-1.3450883015649355,0.9247139555386376,2.513314492080809e-07
37.93000000000001,4.5432511666940965,4.652201389215784,-1.3450893252084444,5.088799317323933,3.8917453751373863,-1.3450899833851508,0.9359039128049625,6.581767064695043e-07
37.96000000000001,4.5405360091842715,4.632386328820368,-1.3450919340968024,5.093275348008766,3.8722519761694736,-1.3450930122938378,0.9398537177476787,1.0781970354312165e-06
38.0,4.537820081039034,4.612573050123145,-1.345108901404712,5.097750738262897,3.8527659470429456,-1.3451142287398452,0.9438374726563209,5.3273351332538965e-06
38.03,4.536462699080251,4.602668207133103,-1.3451144652751077,5.102234157899565,3.833264419937,-1.3450938381344288,0.9550285500267732,2.062714067885274e-05
38.06,4.533748958969382,4.582853503898926,-1.345093859648413,5.102234157899565,3.833264419937,-1.3450938381344288,0.9407758586387986,2.151398414973471e-08
38.099999999999994,4.531034128657584,4.563042056168496,-1.3452800553093724,5.106650835397381,3.8136992676814847,-1.3452890162500013,0.944906983642019,8.960940628854885e-06
38.129999999999995,4.529675183527598,4.553135346414116,-1.3452570686990797,5.1110968226868705,3.79419536448733,-1.3452442468516947,0.9560549244942397,1.2821847384936191e-05
38.16,4.5269617177949915,4.533325491858159,-1.345239990889461,5.115565223026271,3.7747047874475412,-1.3452378551641442,0.9601872002536856,2.1357253168208246e-06
38.2,4.525605801503771,4.5234198671445895,-1.3452358872819974,5.120038467023393,3.7552128815367003,-1.345231984426709,0.9713352493210176,3.902855288284712e-06
38.230000000000004,4.522891750337972,4.503607195916502,-1.3452311350487514,5.120038467023393,3.7552128815367003,-1.345231984426709,0.9574331574810814,8.493779577456451e-07
38.260000000000005,4.520176894063149,4.483794653534601,-1.345228563583434,5.124511192477849,3.735720792423925,-1.3452291193825399,0.9616831317629643,5.55799105850241e-07
38.3,4.517462924565324,4.463982194476691,-1.3452267068312,5.1289841304502195,3.7162282858194184,-1.3452271345734066,0.9659679565902515,4.2774220654351325e-07
38.33,4.516105651952911,4.454075904028038,-1.34522589520205,5.1334571745082185,3.6967353953143682,-1.3452254953068685,0.9770811371324474,3.9989518141325675e-07
38.36,4.513391350437273,4.434262828168962,-1.3452242110535202,5.137930329660344,3.6772423769145908,-1.3452237155947888,0.9813913083914936,4.954587313754644e-07
38.400000000000006,4.510677602624022,4.4144495576990135,-1.3452216321210635,5.142403375201197,3.6577499390736268,-1.3452206304875869,0.9857341246837478,1.0016334766049795e-06
38.43000000000001,4.509320530802648,4.404542871136401,-1.3452194182166068,5.146875524366859,3.638258921939212,-1.3452142951679495,0.9968287017416292,5.123048657296181e-06
38.46000000000001,4.506606772432373,4.3847301728071795,-1.3452097149530218,5.146875524366859,3.638258921939212,-1.3452142951679495,0.9834446619287394,4.580214927774051e-06
38.5,4.503893190219334,4.364918615421901,-1.3451948285991706,5.151347383395951,3.6187718748692377,-1.345199263141523,0.9878926514046693,4.434542352438342e-06
38.53,4.5025360386454185,4.355013078891911,-1.345187199446206,5.155817267441398,3.5992868441953294,-1.3451863263988282,0.9989487002373334,8.730473777252001e-07
38.56,4.499821935481366,4.335201448752894,-1.3451956955661484,5.160295471551647,3.579796941465209,-1.3451947748125919,1.0034247662280074,9.207535565103342e-07
38.599999999999994,4.498465157786181,4.325294932545907,-1.3451928618095181,5.164767617165671,3.560309580550875,-1.3451695989875416,1.0144760007718858,2.326282197651075e-05
38.629999999999995,4.49575136011262,4.30548264203626,-1.3451844489788722,5.164767617165671,3.560309580550875,-1.3451695989875416,1.0014317968612618,1.4849991330612156e-05
38.66,4.493037422229794,4.285669616059519,-1.34518805838057,5.169246987809793,3.5408222645221574,-1.3451845567417098,1.0060104142970456,3.501638860203826e-06
38.7,4.490321575004062,4.2658532258100745,-1.3451856603671366,5.173721227620024,3.52132466101393,-1.3451850728433732,1.0106225155779105,5.875237634178632e-07
38.730000000000004,4.4889644212579345,4.255948137026907,-1.3451875834808262,5.178191802403139,3.5018317286633582,-1.345188935028968,1.0216290619806268,1.3515481418480135e-06
38.760000000000005,4.486249320092164,4.2361314367641,-1.345189601748602,5.182671024880867,3.482331975503082,-1.3451896456214563,1.0262635230281762,4.38728542384581e-08
38.8,4.484892393929821,4.226224382294026,-1.3451896839021416,5.18714431972174,3.4628386632425756,-1.3451905852346773,1.0372634782590964,9.013325357187796e-07
38.83,4.482177871778693,4.206412003000169,-1.3451908703399582,5.191618339013664,3.443343977860675,-1.3451914455273775,1.0419110266912728,5.751874192494455e-07
38.86,4.479461883862477,4.18659648867714,-1.3451916013678704,5.191618339013664,3.443343977860675,-1.3451914455273775,1.0293644211106603,1.5584049295469526e-07
38.900000000000006,4.476746460193191,4.16678164554683,-1.34519215966487,5.196092597960124,3.4238486261721337,-1.3451920208526897,1.0341220127225832,1.388121801948472e-07
38.93000000000001,4.475388880200104,4.1568732861657365,-1.3451815665366218,5.20057085329367,3.404348298070056,-1.3451775329009423,1.045075476608404,4.033635679467906e-06
38.96000000000001,4.472674698094605,4.137058791884027,-1.3451796062847108,5.205044214015158,3.384851643573103,-1.3451810549270466,1.0498479422372353,1.4486423358661682e-06
39.0,4.469959819638424,4.11724480066942,-1.345183449741516,5.209520309473554,3.3653579981237036,-1.345182017823832,1.05464851110102,1.4319176839805436e-06
39.03,4.468602294553188,4.107338102353852,-1.3451897797028585,5.21399575165107,3.345865346199982,-1.3451865732567496,1.0655759776988705,3.206446108849903e-06
39.06,4.469476150196711,4.087689243021511,-1.3451853102393927,5.21399575165107,3.345865346199982,-1.3451865732567496,1.0510052953459534,1.263017356922802e-06
39.099999999999994,4.46317041048728,4.067714043240133,-1.3451926085521007,5.218473453603237,3.3263706991756505,-1.3451938179909513,1.0583348433879212,1.2094388506245224e-06
39.129999999999995,4.461813345694393,4.057807306620276,-1.3451897848595102,5.222942529647135,3.306876413654652,-1.345186067348059,1.0692122523964622,3.7175114513399166e-06
39.16,4.459098270369371,4.037994001676999,-1.3451952918802446,5.227418233111896,3.2873849493968605,-1.345194417837737,1.0741180170323756,8.740425074815761e-07
39.2,4.45638406122363,4.018180082502834,-1.3451995172037425,5.231889250509641,3.2678971195671664,-1.3451988829324923,1.0790425492449578,6.342712501883341e-07
39.230000000000004,4.455026534211556,4.008274337245393,-1.3451975652576837,5.231889250509641,3.2678971195671664,-1.3451988829324923,1.0731608008266937,1.3176748085985679e-06
39.260000000000005,4.452312032592918,3.9884610753714487,-1.3451964473743023,5.23636244197792,3.248405197098426,-1.3451961012369977,1.0781547882485354,3.461373045965388e-07
39.3,4.449597130286596,3.968649195145792,-1.3451968963478502,5.240836532864532,3.2289136661555324,-1.3451968962948369,1.083175168217213,5.301337147045615e-11
39.33,4.448239522909757,3.958743081650263,-1.3451968073523464,5.245310310988699,3.20942127030313,-1.3451967335930286,1.0939858400223164,7.37593177646545e-08
39.36,4.446882155261261,3.948837067961589,-1.3451966403153017,5.249784190868592,3.1899283998468335,-1.3451962592513191,1.1048049806740137,3.810639825907458e-07
39.400000000000006,4.442809241372479,3.919118400958724,-1.3451956274297852,5.2542581138206,3.170435397115486,-1.345195325558159,1.1040722407709838,3.018716261404819e-07
39.43000000000001,4.441452217642495,3.9092118500745365,-1.3451949527211975,5.258731970528001,3.1509428694904678,-1.3451932462260496,1.1148623419026211,1.7064951478573676e-06
39.46000000000001,4.4387380443004085,3.889398773658045,-1.345192501164608,5.258731970528001,3.1509428694904678,-1.3451932462260496,1.1034976943564934,7.450614416537604e-07
39.5,4.439618299062351,3.8697489940885794,-1.345188985886812,5.263205032219903,3.131450849803846,-1.3451901322698145,1.1060647616154353,1.146383002526008e-06
39.53,4.434665902849462,3.859679994497924,-1.3451848388210026,5.267678719340288,3.1119613958494154,-1.3451822922088397,1.1193719020963802,2.5466121629236227e-06
39.56,4.431951608623293,3.8398676034157684,-1.3451787285136798,5.272153488481709,3.092472506191323,-1.3451791450956505,1.1245170653541698,4.165819706969387e-07
39.599999999999994,4.429236039087054,3.8200547863223098,-1.3451788174321713,5.276626403440724,3.072981641555462,-1.3451784595773908,1.129685227499799,3.5785478047500874e-07
39.629999999999995,4.427878671595763,3.810148412763213,-1.3451783097860701,5.276626403440724,3.072981641555462,-1.3451784595773908,1.1241830637777934,1.497913206804924e-07
39.66,4.425164831707765,3.7903352530389047,-1.345178056048955,5.281100247822328,3.0534892803507905,-1.3451781412106822,1.129410210696673,8.516172722572435e-08
39.7,4.422449369857249,3.770522107717084,-1.3451777350566614,5.28557416403388,3.033996361347367,-1.3451778318733052,1.1346605595454178,9.68166438131135e-08
39.730000000000004,4.421091317282575,3.7606161164579284,-1.3451775423568877,5.290048255605336,3.014503086934829,-1.345177445848568,1.1453256364385647,9.650831978014196e-08
39.760000000000005,4.418376300803632,3.7408037296897954,-1.3451771394820362,5.294522516880505,2.995009319303298,-1.3451770306518784,1.1505831106484947,1.0883015777451988e-07
39.8,4.4156614158861895,3.720990068779482,-1.3451766567769547,5.298996935901055,2.9755149772145026,-1.3451765160480837,1.15586104401167,1.407288710009169e-07
39.83,4.4143036883980455,3.7110827901152414,-1.3451763627954634,5.303471501547896,2.9560200566035926,-1.345175853787702,1.1665072359311666,5.090077612734945e-07
39.86,4.411587991725968,3.6912673173333923,-1.3451756918602134,5.303471501547896,2.9560200566035926,-1.345175853787702,1.1558740110855312,1.6192748875099028e-07
39.900000000000006,4.410230209046965,3.6813597053250717,-1.345175578614771,5.307945443526748,2.936524748664317,-1.3451760236291552,1.166478355941901,4.450143842316123e-07
39.93000000000001,4.407515161531676,3.6615439391097437,-1.3451710600903115,5.312454214681913,2.9169690910397463,-1.344977007050483,1.1718815615474572,0.0001940530398285567
39.96000000000001,4.404802948026307,3.6417397404004426,-1.3445749496935127,5.31694412858344,2.89734827567833,-1.3445528087171241,1.1773360548370597,2.214097638852941e-05
40.0,4.402084866664627,3.621912662140808,-1.3445043919841182,5.321410596367354,2.8778032414944006,-1.3445106666749689,1.1827335402313508,6.274690850682774e-06
40.03,4.4007252971161375,3.61200805786267,-1.344525087686519,5.325900228492267,2.8583318605890007,-1.3446077513369263,1.19330484956013,8.266365040743295e-05
40.06,4.398009400702589,3.592199394872998,-1.3446356144019225,5.325900228492267,2.8583318605890007,-1.3446077513369263,1.1830228003602834,2.7863064996136444e-05
40.099999999999994,4.3952912889031674,3.5723869847040213,-1.3447971136929984,5.330398450675574,2.8388820543330144,-1.3447150610633525,1.1884674530152777,8.205262964589011e-05
40.129999999999995,4.393927104381332,3.5624792997310273,-1.3448840069747712,5.334811511900087,2.819347513310404,-1.3448831958926775,1.1989613506283785,8.110820937101693e-07
40.16,4.391204445749237,3.5426645787034596,-1.3450480217663403,5.339188953567825,2.7997744267076907,-1.3450317493154473,1.2043921309093426,1.6272450892973467e-05
40.2,4.388565186600143,3.5238386600239284,-1.3446669605777282,5.343380419346,2.7811415522405105,-1.3446130058854553,1.2096574401843605,5.395469227287286e-05
40.230000000000004,4.38728064841448,3.5149548828138504,-1.344599893103371,5.343380419346,2.7811415522405105,-1.3446130058854553,1.2052422064060169,1.3112782084379049e-05
40.260000000000005,4.386014180768872,3.506133110877053,-1.3448325007877202,5.347401233358276,2.7634249432084403,-1.344842397676596,1.2148582169159534,9.896888875760013e-06
40.3,4.382382782100385,3.4804517896240603,-1.3447917922478974,5.35129144712736,2.746210226483722,-1.3448325867065964,1.215686914549598,4.0794458699089375e-05
40.33,4.381236265116347,3.472560278961603,-1.3451054569908762,5.3549772509530165,2.7302417428228094,-1.3451904356386621,1.224421625337208,8.497864778589381e-05
40.36,4.381876357039114,3.457092487708118,-1.3451927475169199,5.358512849942427,2.7147110279586544,-1.345191972518281,1.226763657372612,7.749986388194685e-07
40.400000000000006,4.376896003925845,3.4419492482100407,-1.34542055018542,5.3618998247777565,2.70009777957989,-1.3457276901142923,1.2331164294589445,0.0003071399288723242
40.43000000000001,4.37589169554926,3.4350434268307812,-1.3460409777588052,5.3618998247777565,2.70009777957989,-1.3457276901142923,1.2297793035003113,0.00031328764451288293
40.459999999999994,4.373942664566972,3.421290814200056,-1.3464334814317975,5.365194202187193,2.6862295694802,-1.3463990585945316,1.2340561755137234,3.4422837265957185e-05
40.5,4.372093848282005,3.408387301162601,-1.34726232289635,5.368350717706602,2.672810968085676,-1.3467868903844322,1.238386164190554,0.0004754325119178393
40.53,4.371222383122497,3.4024555981803397,-1.3480115966151478,5.371420342579346,2.660465798677025,-1.3481621489774906,1.2453693511037656,0.0001505523623428484
40.56,4.369542137536551,3.3907064856470535,-1.3489205422560093,5.374316666988759,2.6484992510494703,-1.3490447146542732,1.249177102786029,0.0001241723982638998
40.599999999999994,4.367972119640943,3.3798106971806625,-1.3502074110255244,5.377063845607908,2.637512727542459,-1.3506141573696573,1.2527060258272835,0.0004067463441328467
40.629999999999995,4.367236946732668,3.3748850068196083,-1.3509223900556304,5.377063845607908,2.637512727542459,-1.3506141573696573,1.250387237594163,0.000308232685973131
40.66,4.365838369182799,3.3651038682685503,-1.3519287307355308,5.379804352597292,2.6274389220673333,-1.3517790936159428,1.2539045371860507,0.0001496371195879309
40.7,4.364533405116783,3.3562084318508996,-1.353002932364028,5.382193420774035,2.6176963176505543,-1.3526099590421028,1.2573909695429595,0.0003929733219252274
40.730000000000004,4.363935354865741,3.352242793990577,-1.3537505862003218,5.384345487387652,2.6089550307943203,-1.353942964394588,1.2624236758991325,0.00019237819426609626
40.75999999999999,4.362780691782892,3.3444292092461816,-1.3538859092484465,5.3860654613211905,2.6010909794330286,-1.353725052444527,1.2647780214214668,0.00016085680391952906
40.8,4.361761402934208,3.3375567358597986,-1.3537574082839297,5.387510931855015,2.594438221250249,-1.3537528229526448,1.2666440789885534,4.585331284889804e-06
40.83,4.361304811086687,3.3346251720463473,-1.353669318243893,5.387510931855015,2.594438221250249,-1.3537528229526448,1.2652966942307269,8.350470875173599e-05
40.86,4.360449552626811,3.3287974387515376,-1.352962984396954,5.388743200764044,2.5887229036511195,-1.353140094342042,1.2669246798067675,0.00017710994508801647
40.89999999999999,4.359724135248765,3.3238269635788207,-1.3528179220535237,5.389970476809267,2.583333739614442,-1.3527572865889261,1.268754404538545,6.06354645975582e-05
40.92999999999999,4.359399527183572,3.321852208262978,-1.3527369231708386,5.3909221629089314,2.5792008003965186,-1.3525973469951702,1.2710507706696168,0.00013957617566839886
40.959999999999994,4.359083796846292,3.3199595492593454,-1.35244537215165,5.391685995203093,2.575499528441556,-1.3523065735758537,1.2729839051014438,0.00013879857579635058
41.0,4.358314933580008,3.3150591962559695,-1.352511088183712,5.392342993857685,2.5726856621057905,-1.352383734290636,1.2729228152752399,0.00012735389307594325
41.03,4.358124665908571,3.3140938462742833,-1.3522959354296882,5.392727557976953,2.570866687061132,-1.3520842641552697,1.2738876537859654,0.0002116712744184568
41.06,4.3577903639127555,3.3122510938857745,-1.3520723115700712,5.392727557976953,2.570866687061132,-1.3520842641552697,1.2730851638206306,1.1952585198482524e-05
41.099999999999994,4.357584617929891,3.311247249634573,-1.3522293520529907,5.393030305462031,2.5693639392970566,-1.3522692260421545,1.2737890790810924,3.9873989163830004e-05
41.129999999999995,4.357527563460878,3.311268659568648,-1.3521012650975823,5.39310032498247,2.5692233125095627,-1.3520337011886134,1.2739867509112854,6.756390896889286e-05
41.16,4.357462677267406,3.311421561569696,-1.351965300730445,5.39300245517956,2.5694264463928476,-1.3519800050469641,1.273930682017141,1.470431651906523e-05
41.2,4.3574552557601205,3.311434409322429,-1.3520430567743458,5.392964025351713,2.569544646052258,-1.3520490080275003,1.2738441163447607,5.951253154501401e-06
41.230000000000004,4.357463128189192,3.3114334712184705,-1.3519975000952726,5.392912343213528,2.5697250793865587,-1.351602851972061,1.2736900782405407,0.0003946481232115495
41.25999999999999,4.357467256895629,3.3113957231269557,-1.3515438376918443,5.392912343213528,2.5697250793865587,-1.351602851972061,1.2736647402539554,5.9014280216818094e-05
41.3,4.357464151467084,3.31141108133221,-1.351579061167829,5.392832631714775,2.569851683214348,-1.3515627566965998,1.2735376833165708,1.6304471229355855e-05
41.33,4.35746811312299,3.311412196336731,-1.351625656268866,5.392846314938688,2.5698640361651135,-1.3516496200907413,1.2735390432370024,2.396382187530577e-05
41.36,4.3574751594189705,3.311418437935784,-1.3517081760416758,5.392861364119464,2.5698684661390203,-1.3517238182289524,1.2735466043910106,1.5642187276565522e-05
41.39999999999999,4.357472493633493,3.3114311856685026,-1.3517663522775345,5.392869287378251,2.569878074914487,-1.3517806093978864,1.2735570409549322,1.4257120351857111e-05
41.42999999999999,4.357472011993116,3.311436516894931,-1.3517948049871982,5.392869287378251,2.569878074914487,-1.3517806093978864,1.2735605367423348,1.4195589311816192e-05
41.459999999999994,4.357472636241433,3.311443683288751,-1.351836691649511,5.392875227413218,2.5698871160090007,-1.3518291446256265,1.273563766868771,7.547023884502124e-06
41.5,4.357472496803863,3.3114500344702975,-1.351858280963947,5.3928729737323895,2.5698965052109672,-1.3518534884029743,1.2735602790526988,4.792560972743942e-06
41.53,4.35747245592934,3.3114526618174756,-1.3518673941999404,5.392869756098366,2.5699032837645217,-1.3518717302192966,1.273555279243124,4.336019356232512e-06
41.56,4.357473343468543,3.311457077536777,-1.3518837126181917,5.392867252857377,2.5699085072263843,-1.3518873529514113,1.2735520522259305,3.6403332195344973e-06
41.599999999999994,4.357473988098635,3.3114611225330055,-1.3518972476285929,5.392865161824618,2.569913422442333,-1.3519002358962637,1.273549321439667,2.9882676708670175e-06
41.629999999999995,4.357474243181235,3.3114627338221307,-1.3519030747306346,5.392865161824618,2.569913422442333,-1.3519002358962637,1.2735500522621956,2.8388343709107033e-06
41.66,4.35747465516061,3.3114659707862684,-1.3519131265808642,5.392863355807768,2.569918230794863,-1.3519108000651772,1.2735473340689665,2.3265156869900494e-06
41.7,4.3574756001807105,3.3114701475478103,-1.3519215436531882,5.3928617550024684,2.569922917909308,-1.3519195236992165,1.273544967161004,2.019953971643673e-06
41.730000000000004,4.357475972073074,3.3114720095171837,-1.3519254256841642,5.39286046224917,2.5699274664912464,-1.3519272728561655,1.2735420494780538,1.847172001356867e-06
41.75999999999999,4.357476658865611,3.311474286111995,-1.3519323703410049,5.392859290839822,2.569931928292968,-1.3519339309450502,1.273539266388613,1.56060404532532e-06
41.8,4.3574766774238505,3.3114753032902087,-1.3519354161229173,5.392858149430989,2.5699363354373292,-1.351939511207631,1.2735363494694536,4.095084713551245e-06
41.83,4.357476493933845,3.3114782686563045,-1.351940757858407,5.392858149430989,2.5699363354373292,-1.351939511207631,1.273538225285029,1.246650776165481e-06
41.86,4.357477238028227,3.3114809769906404,-1.3519452723735164,5.392857032504669,2.569940657422301,-1.3519442149873648,1.2735357727035372,1.057386151526174e-06
41.89999999999999,4.357473212342963,3.311422897212968,-1.3501427320991959,5.3928528100886854,2.5698830348879595,-1.3510865441154705,1.2735353465236392,0.0009438120162745811
41.92999999999999,4.357450995932376,3.3113071069946947,-1.3467210114311459,5.391718653260435,2.570419496251598,-1.3442299593162979,1.2722515626822735,0.0024910521148480136
41.959999999999994,4.357326850388587,3.310968753772886,-1.3339328933982824,5.388781481982564,2.572340877572213,-1.3297811014707521,1.2686488074078592,0.004151791927530235
42.0,4.357260188000491,3.3107510200459744,-1.325325567253326,5.385258616042789,2.5746151879533885,-1.3120661687401096,1.2643878880106687,0.013259398513216336
42.03,4.3572231180776,3.310220403493943,-1.3083253325101143,5.384198254647516,2.5743234408196582,-1.2966774125060616,1.2634169030078843,0.011647920004052681
42.06,4.357346689669809,3.3098034605111804,-1.292086973633789,5.384198254647516,2.5743234408196582,-1.2966774125060616,1.2630736304200987,0.0045904388722726175
42.099999999999994,4.357905630095762,3.3101319538912377,-1.2766144365326413,5.385835084120026,2.5725809958621215,-1.2797002091748253,1.2651562662929383,0.003085772642184015
42.129999999999995,4.357497423606352,3.311445956337298,-1.2707880098005462,5.389785853691305,2.569484412872254,-1.267662749435566,1.2712695760019932,0.003125260364980287
42.16,4.35766329460281,3.31189663859269,-1.2580851672531816,5.395842026433543,2.567121101633705,-1.2541808852392529,1.2776954565459693,0.0039042820139287837
42.2,4.357742457780945,3.3118888004269493,-1.2406626193406574,5.404227219870538,2.563236761171989,-1.234956355012976,1.2867051850234863,0.0057062643276812874
42.230000000000004,4.357703581257035,3.312002717041607,-1.228794133635819,5.413968673754375,2.557582561017922,-1.2099807268434635,1.2980160697939045,0.018813406792355547
42.25999999999999,4.358292121069279,3.311624071459593,-1.2041333683883861,5.413968673754375,2.557582561017922,-1.2099807268434635,1.2973170712506041,0.005847358455077334
42.3,4.357438216916533,3.3122139550696157,-1.1807475735424071,5.42398204229632,2.551401184513977,-1.186629150770885,1.3100961046031305,0.00588157722847793
42.33,4.357379630982952,3.31227622957662,-1.168870648694651,5.4337453292673255,2.5455404040768213,-1.1628718264403413,1.3215320437083866,0.005998822254309699
42.36,4.357295394766396,3.3123718242689617,-1.1446478880043442,5.443101085410858,2.5400070786315765,-1.1385861636558405,1.332486884790766,0.0060617243485037164
42.39999999999999,4.357259416250673,3.312426336397913,-1.120514616696926,5.452266186414658,2.5346402425979186,-1.1145234636174435,1.343127333655903,0.005991153079482503
42.42999999999999,4.357256202193564,3.3124451276114484,-1.1085488805613655,5.452266186414658,2.5346402425979186,-1.1145234636174435,1.343140835763246,0.005974583056078009
42.459999999999994,4.357263325543712,3.3124927957944315,-1.0848379367363146,5.4614718714177775,2.529442599149432,-1.090735097719806,1.3536779983611655,0.005897160983491467
42.5,4.357258839684588,3.312556244144551,-1.0613179974357654,5.470746210579955,2.5245068053911655,-1.0671932765021026,1.3641393048596624,0.0058752790663372245
42.53,4.357240309359243,3.31260018553063,-1.0495060342852067,5.4797849311424205,2.5199574431362506,-1.04351446001096,1.374186648517886,0.00599157427424668
42.56,4.357171456783363,3.3126985038679164,-1.0249448187113535,5.488088244096704,2.515820628246544,-1.0187251785339524,1.3834692365506216,0.0062196401774010646
42.599999999999994,4.357073006656604,3.3127876178129876,-0.9993073014386464,5.494277136981609,2.5122261112796846,-0.9927946489566981,1.3907307287074382,0.006512652481948322
42.629999999999995,4.357015086057002,3.312812122200605,-0.9859701907036394,5.494277136981609,2.5122261112796846,-0.9927946489566981,1.3907921963239203,0.006824458253058663
42.66,4.356971828020349,3.312823828663358,-0.9720506522810773,5.498400361367703,2.5093241051177335,-0.9652099759303069,1.3958763922630781,0.006840676350770458
42.7,4.35690896269453,3.3128074808204273,-0.9279536147314208,5.499707303641793,2.5075066329961526,-0.935979928499973,1.3980334415092912,0.008026313768552229
42.730000000000004,4.356876263254902,3.3127692965778714,-0.9122837950999314,5.49813765169831,2.505692327882194,-0.9034357627811047,1.3978021283968554,0.008848032318826693
42.75999999999999,4.356916688339503,3.3125832026554978,-0.8943251416486928,5.492418436381667,2.5046994941301937,-0.8661781155348945,1.3935710625251259,0.028147026113798268
42.8,4.35687958394378,3.3124491808576706,-0.8377128333352516,5.484231791326748,2.5033511163508066,-0.8285265886282841,1.3876464526240124,0.009186244706967495
42.83,4.35693646567065,3.31238071012133,-0.819534635548869,5.484231791326748,2.5033511163508066,-0.8285265886282841,1.387560317551128,0.008991953079415138
42.86,4.3571374543348504,3.3122895168169193,-0.7846033686808725,5.474893183656212,2.5014355245093958,-0.793224026419881,1.3808917652270136,0.008620657739008442
42.89999999999999,4.357296439810957,3.312228847083681,-0.7507801116432162,5.465030801319662,2.499153455633936,-0.7591889395474929,1.3741058939718778,0.008408827904276661
42.92999999999999,4.357368180727713,3.312210957769146,-0.7340422532844938,5.455175709561386,2.496662422874997,-0.7257071685476297,1.3675894059007219,0.008335084736864062
42.959999999999994,4.357475798270011,3.312177919826944,-0.7008123315590367,5.445369461705845,2.4939793544396403,-0.6925442093034987,1.3612352902219662,0.008268122255537969
43.0,4.357544416636651,3.312133997550567,-0.6678002496947627,5.435633912649547,2.4910543820802307,-0.6595646209314842,1.3551563364993189,0.008235628763278546
43.03,4.357571398203973,3.312109701861578,-0.6513310188708384,5.425998428949295,2.4878267478110736,-0.6265940628965908,1.3494364410247306,0.024736955974247632
43.06,4.357622833141016,3.312056245642404,-0.6182917484688975,5.425998428949295,2.4878267478110736,-0.6265940628965908,1.349363064120988,0.008302314427693358
43.099999999999994,4.3576797028733285,3.312004319330236,-0.5848805019586124,5.416587068935718,2.4842655330314165,-0.5932145144317911,1.344037316537242,0.008334012473178665
43.129999999999995,4.357706164694907,3.3119862805630045,-0.5682609950051977,5.40761553859028,2.480464017590012,-0.5599319915545892,1.3393054047576678,0.008329003450608496
43.16,4.357744524970445,3.311947426864393,-0.5349244117461968,5.3986847479009255,2.4763079038778515,-0.5265750062259489,1.3348595282244993,0.008349405520247877
43.2,4.357790818270157,3.311892795952856,-0.5016949248043309,5.390391706230733,2.4721088605020163,-0.4935452280752876,1.3309777053197658,0.008149696729043254
43.230000000000004,4.357856523592129,3.311876774932148,-0.4855536376165883,5.383653934176382,2.467766567235204,-0.46219205677421255,1.3284511170154278,0.023361580842375773
43.25999999999999,4.3580330172479504,3.311824640115013,-0.4547596761743362,5.383653934176382,2.467766567235204,-0.46219205677421255,1.3282817079349902,0.0074323805998763315
43.3,4.3582064635491475,3.311852928911925,-0.42735518643307285,5.379933565648836,2.464212418984826,-0.433899982896085,1.3275619402628638,0.006544796463012148
43.33,4.358278225746978,3.311898923336945,-0.4152659383771357,5.380537795172565,2.4619414011107823,-0.40960831214913407,1.3294519234899107,0.005657626228001644
43.36,4.3583367474017365,3.3119460390273168,-0.4040561054473581,5.385279438370125,2.4612299786439777,-0.3885841391945799,1.3335400653626959,0.015471966252778191
43.39999999999999,4.358385869516696,3.312113908688477,-0.3723907456040378,5.393629588309091,2.4621276407888373,-0.36685197370081246,1.339479829231133,0.005538771903225326
43.42999999999999,4.3582404113771105,3.3121848918728505,-0.3613416152782562,5.393629588309091,2.4621276407888373,-0.36685197370081246,1.3396372933851883,0.005510358422556261
43.459999999999994,4.357976067971148,3.312219880694796,-0.3403508411251978,5.40432480407013,2.4640312388056484,-0.34542480453170654,1.3469482728619147,0.00507396340650873
43.5,4.3577598470965295,3.3121754706322672,-0.32006947416073384,5.415944618015478,2.466383392887886,-0.32516822541711604,1.3546657330057277,0.005098751256382206
43.53,4.357667840857696,3.3121498460794907,-0.30978131711001644,5.427501934279127,2.4688606470744867,-0.30458597197871135,1.3622340696830915,0.005195345131305096
43.56,4.357528863095996,3.3121010876106425,-0.2888593908917509,5.438687455650075,2.4712681696762213,-0.2836369239414929,1.369636410926502,0.005222466950257965
43.599999999999994,4.357448276008075,3.3120783773533566,-0.2679848141770375,5.449622439452265,2.4736502104849674,-0.2627768653118935,1.3768827816097147,0.00520794886514403
43.629999999999995,4.357421842705538,3.3120826368706155,-0.2575774119271314,5.449622439452265,2.4736502104849674,-0.2627768653118935,1.376906342911105,0.005199453384762076
43.66,4.357400621226023,3.3120924330875225,-0.2472102007730092,5.460450082760118,2.4761373815657213,-0.24204437744685495,1.3840299717692077,0.005165823326154256
43.7,4.3573555279386165,3.3121228523638964,-0.2163853793779906,5.471047740891419,2.478763695936682,-0.22155554160894844,1.3909701034863362,0.005170162230957842
43.730000000000004,4.357335227797865,3.3121099176756865,-0.20594933147334776,5.480479315051608,2.481031930759389,-0.20064656479871915,1.3971912041914265,0.005302766674628617
43.75999999999999,4.357301814518883,3.312083747786557,-0.1953020140316299,5.488597417810773,2.4835215356709197,-0.17923170485251833,1.4022642694490648,0.016070309179111564
43.8,4.357267451203675,3.31211244983185,-0.16366466797113904,5.495180601909483,2.486001799996329,-0.15873328652889543,1.406166826632205,0.004931381442243615
43.83,4.357281192086447,3.3120975982410905,-0.15397681830611137,5.495180601909483,2.486001799996329,-0.15873328652889543,1.4061469819166357,0.004756468222784055
43.86,4.3572776612714135,3.3120540275978625,-0.1348764896174929,5.4999150506303645,2.488119922711352,-0.13975196110639582,1.4087184291959036,0.0048754714889029105
43.89999999999999,4.357276144974263,3.312082009354534,-0.11489860481189268,5.503159288729388,2.490459773569347,-0.11981383982092214,1.4100039991002782,0.004915235009029462
43.92999999999999,4.3572680232021295,3.3120808792383825,-0.10485303659813454,5.5045925084308385,2.492446162777646,-0.09981813962835744,1.410019341297485,0.005034896969777103
43.959999999999994,4.357272430313396,3.312037867221119,-0.08392529025380915,5.504088133865348,2.4939613090467905,-0.07859784611072773,1.4086999371575604,0.005327444143081422
44.0,4.357302859655358,3.312001691936577,-0.06427312498719921,5.503019541143488,2.4953025877660027,-0.059887439810017484,1.4070053805843075,0.004385685177181728
44.03,4.357383954397397,3.312031237030583,-0.05551890764512806,5.501280631583454,2.4964728199392154,-0.043973580291429844,1.4048612528523519,0.011545327353698218
44.06,4.357536769824502,3.3120224566071164,-0.04056075082570703,5.501280631583454,2.4964728199392154,-0.043973580291429844,1.4047317292566668,0.0034128294657228136
44.099999999999994,4.357590179189751,3.3120206850132727,-0.030341466882712373,5.499399764482407,2.4972607996492977,-0.032487738820642154,1.4026983994660092,0.0021462719379297807
44.129999999999995,4.357665801949961,3.3120089557777987,-0.02626955440358352,5.49745400803435,2.4976172155154015,-0.024430021447774123,1.4008394131151105,0.0018395329558093983
44.16,4.357717180875956,3.3119948390033778,-0.019739379574473963,5.494854140533381,2.4977952306502544,-0.01851265208930733,1.3985712235211014,0.001226727485166633
44.2,4.357772262786217,3.3120080461201056,-0.015889571992908573,5.492312571063317,2.498343263481397,-0.0151777224058603,1.3961490212767378,0.0007118495870482733
44.230000000000004,4.357818414481932,3.3120497487722833,-0.014556956992808729,5.48967178749731,2.4990997163364908,-0.012786096703074927,1.393549358022042,0.001770860289733802
44.25999999999999,4.357907928157033,3.31206610080233,-0.012236625136676275,5.48967178749731,2.4990997163364908,-0.012786096703074927,1.3934861949729744,0.0005494715663986512
44.3,4.357945262591004,3.312035156427149,-0.010531688447292289,5.487001610446589,2.499781739670767,-0.010994121683777707,1.390871615090842,0.000462433236485418
44.33,4.357983133515691,3.3120186491625625,-0.010164850765318194,5.484570913613328,2.500122111532603,-0.010034585564373071,1.3886597906185798,0.0001302652009451226
44.36,4.35804691136781,3.3119770972169564,-0.009761215774870928,5.482161443299486,2.5001813700792797,-0.009697196332452656,1.3865950322639118,6.401944241827238e-05
44.39999999999999,4.35805199603028,3.311984159512553,-0.010209270328196345,5.480086138727514,2.500183716430495,-0.01022612307453529,1.3849117577544579,1.6852746338945e-05
44.42999999999999,4.358059261346536,3.3119928262886407,-0.010268922617386815,5.480086138727514,2.500183716430495,-0.01022612307453529,1.3849109517994223,4.27995428515255e-05
44.459999999999994,4.358091223723759,3.311997269932579,-0.01013768630573913,5.478219755163214,2.5000937293424936,-0.010133824921252898,1.3834288149982372,3.8613844862318836e-06
44.5,4.358095450665667,3.312008230285178,-0.010174983827194888,5.476559725744148,2.5000849855359784,-0.01016783926866637,1.382093227677099,7.1445585285174334e-06
44.53,4.358111068133763,3.3120174342104374,-0.0100217258729342,5.475257619723011,2.5001490657406262,-0.009943530070745166,1.3809948100733693,7.81958021890336e-05
44.56,4.35815182190995,3.312013269375739,-0.009631194522144275,5.474131572846409,2.500147390858591,-0.009512756653986645,1.3800496401219131,0.00011843786815762987
44.599999999999994,4.358182044136519,3.3120036408902354,-0.009347357479108469,5.473203319010507,2.5001229904336806,-0.009296113532773726,1.3792833769778319,5.1243946334742635e-05
44.629999999999995,4.358203459422746,3.312002362019079,-0.009238130089707244,5.473203319010507,2.5001229904336806,-0.009296113532773726,1.3792653120000617,5.798344306648211e-05
44.66,4.3582462144290375,3.312001080533502,-0.008994532979386287,5.472379616421517,2.5001037198774214,-0.009060914881397725,1.3785755553017922,6.638190201143854e-05
44.7,4.358247461304021,3.312005149214279,-0.009391352846178362,5.47172604604317,2.500143374869558,-0.00917765048444266,1.3780254349303047,0.0002137023617357018
44.730000000000004,4.358257639088423,3.312004499485706,-0.009512457902893727,5.47137086979014,2.5002087439609486,-0.009643823620510701,1.3776913344618327,0.00013136571761697413
44.75999999999999,4.358259747936254,3.3120014814242853,-0.00987771818581689,5.471120576838845,2.5001442644739273,-0.00999772587203316,1.3775236350858535,0.00012000768621626967
44.8,4.3582566010956505,3.312000722114455,-0.010230982298668083,5.470756008802232,2.500127374699387,-0.010406323705491624,1.3772411787303056,0.00017534140682354087
44.83,4.358248349971953,3.3120035042591858,-0.01032896980383174,5.470756008802232,2.500127374699387,-0.010406323705491624,1.3772494838281937,7.73539016598844e-05
44.86,4.358244277407118,3.3119991030125266,-0.010562801473774579,5.470496537472015,2.5000625210731897,-0.010557807618331314,1.3770788296647385,4.993855443264847e-06
44.89999999999999,4.358256956915892,3.3120130067566107,-0.010772887492710152,5.4702749577881695,2.500066972622851,-0.010749084547624993,1.3768952017526666,2.380294508515929e-05
44.92999999999999,4.358236598149838,3.312005836731779,-0.010774282703322086,5.470132313071515,2.5000887631872515,-0.010842859757485876,1.3767793632874867,6.857705416379e-05
44.959999999999994,4.358238349667262,3.312002815068264,-0.011023691486634785,5.469888352744023,2.500078712101076,-0.011045559050499714,1.3765850784893885,2.1867563864928774e-05
45.0,4.358221644276823,3.3120020172421536,-0.011204533821727418,5.469745451884874,2.5000764774006363,-0.011230818761073966,1.376484019931375,2.6284939346548145e-05
45.03,4.358221154067403,3.312003881215719,-0.011256188085071388,5.469712461860722,2.500062111279574,-0.011232668366330276,1.37646734980062,2.351971874111139e-05
45.06,4.358221202023763,3.3120019240796177,-0.011209311706161289,5.469712461860722,2.500062111279574,-0.011232668366330276,1.3764661566140008,2.3356660168987603e-05
45.099999999999994,4.358217717064869,3.3120032423950896,-0.011167873088574191,5.469709862808282,2.500057915689606,-0.011171150978423592,1.3764701244880584,3.277889849400209e-06
45.129999999999995,4.358212752997949,3.312003845949043,-0.011134365771521208,5.469712398075144,2.500061055388329,-0.0111324424914297,1.3764746841661306,1.9232800915081755e-06
45.16,4.35820975455991,3.3120031094988795,-0.011127721534774197,5.469710051911957,2.5000538525365674,-0.011115684733612675,1.3764790252289856,1.2036801161522531e-05
45.2,4.358205407120011,3.312002563102538,-0.011106249769561254,5.469695956861896,2.500066745962059,-0.011119701465815975,1.376463226287246,1.3451696254721673e-05
45.230000000000004,4.358200181595319,3.3120038175166258,-0.011173914349969775,5.4694419376887415,2.500054208457385,-0.011278565067420364,1.3762704705605824,0.00010465071745058806
45.25999999999999,4.358210308424482,3.3120017302244062,-0.01123215159487761,5.4694419376887415,2.500054208457385,-0.011278565067420364,1.37626106243725,4.641347254275355e-05
45.3,4.3582043862316855,3.3120008644240686,-0.011476240123983343,5.4691936480242935,2.5000092594310384,-0.011466616511204055,1.3760913873713625,9.623612779287652e-06
45.33,4.358220195100112,3.311999705243056,-0.011622546241199787,5.468964009107418,2.5000173667877155,-0.011682075777494519,1.3758877637070905,5.952953629473172e-05
45.36,4.358216717231907,3.3120055438902094,-0.011702869767379935,5.468816935508625,2.5000397231384075,-0.011776374900591448,1.3757620938612314,7.350513321151275e-05
45.39999999999999,4.358223476417867,3.312005439811511,-0.01189985809965182,5.468573828172385,2.5000299449896373,-0.011978500409584883,1.3755661044939314,7.864230993306215e-05
45.42999999999999,4.358204103084475,3.3120007615621496,-0.012032647647662589,5.468573828172385,2.5000299449896373,-0.011978500409584883,1.375578981141117,5.4147238077706036e-05
45.459999999999994,4.358201027335401,3.3120044419404886,-0.0122443667815259,5.4684287096229305,2.500029818197817,-0.012161583625190871,1.3754665739739345,8.278315633502772e-05
45.5,4.358201625362692,3.312001862585158,-0.012428397823954489,5.46817495520855,2.5000337408103372,-0.012364698297406697,1.3752574390810008,6.369952654779187e-05
45.53,4.358185156628486,3.3120058548569724,-0.01245832144756192,5.468031813310003,2.50004086313671,-0.012494742913580914,1.3751533547668155,3.642146601899425e-05
45.56,4.358193193185045,3.3120039175992484,-0.012664320561836577,5.467823880369949,2.500060784582094,-0.012658362189527423,1.3749661498364802,5.9583723091543445e-06
45.599999999999994,4.359244852816767,3.311943719453093,-0.013059556254808972,5.468494438053998,2.4999941989648877,-0.013267991127436296,1.374662382612544,0.00020843487262732323
45.629999999999995,4.36031249752557,3.3118834620590825,-0.01352674216696397,5.468494438053998,2.4999941989648877,-0.013267991127436296,1.3737654053152555,0.0002587510395276743
45.66,4.36241932854114,3.3117733869765047,-0.013968195451304613,5.469922445140933,2.500038634816142,-0.013932100632686883,1.373126527725359,3.609481861772956e-05
45.7,4.365507597280761,3.311582718652027,-0.014096790058085888,5.472044055106953,2.5000083872509515,-0.013992473277206865,1.3722521007044,0.00010431678087902303
45.730000000000004,4.367566134563395,3.3114563900219105,-0.01417759929965528,5.47536658724703,2.4999639042254422,-0.014167598176257077,1.3732231783181483,1.0001123398203915e-05
45.75999999999999,4.371676079857136,3.3112142450091473,-0.014318121451119154,5.479187476799873,2.4999235853074278,-0.014284249114590855,1.372870725479025,3.3872336528299046e-05
45.8,4.373892925802692,3.3110804551129656,-0.01433206767087241,5.483951203056108,2.499830687053927,-0.014858857423410879,1.374902020172589,0.0005267897525384688
45.83,4.379728797733165,3.3107206199986488,-0.015092843106354108,5.483951203056108,2.499830687053927,-0.014858857423410879,1.3699816070912347,0.0002339856829432288
45.86,4.3858094296652625,3.3103406285396586,-0.015212469940656552,5.489489752675691,2.499665731459356,-0.015212826878576807,1.369417410491251,3.56937920255318e-07
45.89999999999999,4.392820035588944,3.309912015447264,-0.015607350289709767,5.495647203416597,2.4994635237163383,-0.01545119719111476,1.3685958204845199,0.00015615309859500805
45.92999999999999,4.396840828228474,3.3096669147544984,-0.0158084010669785,5.502953419177503,2.499215173909536,-0.015943368731171227,1.3712465453355218,0.00013496766419272832
45.959999999999994,4.400919542798551,3.3094220542414634,-0.015998287305678923,5.510884315829901,2.4990246215369516,-0.016004462168469853,1.3743237596376625,6.17486279093013e-06
46.0,4.413973500866193,3.3086138413249637,-0.016655598172591927,5.519777856958543,2.4988146312906463,-0.01687767930054837,1.370612284537469,0.00022208112795644303
46.03,4.4190035529572,3.3083075004826106,-0.016958515120013055,5.529696946908452,2.498566730473111,-0.01688314625902421,1.3745253471589844,7.536886098884546e-05
46.06,4.424069859284843,3.307991913049035,-0.016916214279156287,5.529696946908452,2.498566730473111,-0.01688314625902421,1.37024829249123,3.306802013207724e-05
46.099999999999994,4.440110836152503,3.306995109719585,-0.01745044635801556,5.540120992882244,2.498311207522673,-0.017079674093118974,1.3652809229535932,0.0003707722648965857
46.129999999999995,4.44614091363268,3.306617128160972,-0.0175492497394582,5.551847968515566,2.497979342557144,-0.017529039765892505,1.3698478599917756,2.020997356569354e-05
46.16,4.458259243454103,3.305875563185543,-0.017443348399543476,5.563878288892725,2.4977693506657257,-0.017417805163125695,1.369463078855992,2.5543236417780585e-05
46.2,4.471254232764282,3.3050736955859854,-0.01776052067384442,5.577209290746123,2.497496737667018,-0.017801983097846957,1.3694221895519554,4.1462424002536996e-05
46.230000000000004,4.47830434481024,3.3046357527634758,-0.017791815154473083,5.59125603478492,2.497215136722275,-0.01764449625132737,1.3749870964579443,0.00014731890314571144
46.25999999999999,4.492428454821346,3.3037563052713845,-0.017591119680716295,5.59125603478492,2.497215136722275,-0.01764449625132737,1.3630593189781461,5.337657061107656e-05
46.3,4.5073907819035925,3.3028302897767357,-0.01813582570628374,5.605768954160848,2.49691597786821,-0.017826801484775646,1.3623261310824888,0.0003090242215080946
46.33,4.515429897931221,3.3023275561900918,-0.018201652538645193,5.6216484053619915,2.4964974725195765,-0.018180885457290807,1.3686056809507956,2.076708135438643e-05
46.36,4.531552145439388,3.3013327892017004,-0.018038662474685933,5.63772490504667,2.4962005782992986,-0.01799064669216687,1.3681579043114063,4.801578251906191e-05
46.39999999999999,4.548068886532094,3.300692650516316,-0.018485724276171064,5.655107555778054,2.495786567673617,-0.018534207679581458,1.3687251065875297,4.848340341039384e-05
46.42999999999999,4.557550217045606,3.299721345701532,-0.01852166880509947,5.655107555778054,2.495786567673617,-0.018534207679581458,1.3604937482870865,1.2538874481986262e-05
46.459999999999994,4.575673557268172,3.2985986418530815,-0.0183536353029216,5.67317487685147,2.4954246097894317,-0.018397669274152473,1.3599991442160766,4.403397123087238e-05
46.5,4.594630339094028,3.297428110044251,-0.018481234728644873,5.69184991843901,2.495087462240763,-0.018426600349415435,1.359279706467988,5.463437922943737e-05
46.53,4.604687532724585,3.2968058621049146,-0.018514025796328267,5.71187906975808,2.494700064003283,-0.01851243661301594,1.3672040122186773,1.5891833123268806e-06
46.56,4.62478073827532,3.295555085689454,-0.01843302582750311,5.731959169258221,2.4943309893018952,-0.018407135458394328,1.3666763079331612,2.589036910878237e-05
46.599999999999994,4.644740419852191,3.294307039279285,-0.018313341200589965,5.752008285449369,2.4939553938010253,-0.018292455566169638,1.3662374912890836,2.0885634420327037e-05
46.629999999999995,4.654717822489483,3.2936824400657048,-0.01828007632375333,5.752008285449369,2.4939553938010253,-0.018292455566169638,1.3577959009475427,1.237924241630911e-05
46.66,4.674677771792484,3.2924341796090966,-0.018202824322984968,5.772046633933097,2.493577500554831,-0.0182091200779125,1.3573468286570654,6.295754927533592e-06
46.7,4.694609625914662,3.2911915363633915,-0.018332576955304818,5.792275508875189,2.493234738787402,-0.018303883788223497,1.3570576411535518,2.8693167081320775e-05
46.730000000000004,4.704592450863792,3.2905682242877,-0.01832806972507666,5.812580961968278,2.492866916553332,-0.01828559245502788,1.3652713712301505,4.2477270048781046e-05
46.75999999999999,4.724559868889701,3.2893184338027486,-0.017798544667916017,5.832848897339252,2.4924516418358422,-0.017578464490248427,1.3650279318465535,0.00022008017766758994
46.8,4.7445142986437085,3.2880659400634142,-0.017108765843917455,5.852967507283992,2.4919792770512155,-0.017046397915955646,1.3647060089157805,6.236792796180876e-05
46.83,4.754493062619663,3.287443143725108,-0.01702127908789602,5.852967507283992,2.4919792770512155,-0.017046397915955646,1.3562480852574081,2.5118828059625398e-05
46.86,4.774461015698192,3.2862105995819366,-0.017184742493268894,5.872927562571813,2.4916459893486094,-0.01711193477053803,1.355714451658496,7.280772273086239e-05
46.89999999999999,4.794415280827669,3.28496209876755,-0.017429146223742746,5.892753144481783,2.491351378635479,-0.01742194234548791,1.3550513045065216,7.203878254837676e-06
46.92999999999999,4.804387352043773,3.284334546032274,-0.0174588078182975,5.912317404593491,2.491003590408491,-0.017107949007144265,1.3626749452799687,0.0003508588111532339
46.959999999999994,4.824351517343856,3.2830761944178457,-0.01743185283569109,5.931974471409835,2.4905461635954333,-0.017369513960306723,1.3619590515611033,6.233887538436775e-05
47.0,4.844326892518767,3.2818191995528165,-0.017468736204199357,5.951574230586867,2.4900388469949237,-0.017498259962052766,1.3612173942304713,2.952375785340855e-05
47.03,4.85430822589572,3.281200201618554,-0.01771998692083259,5.971274105542225,2.4895953733745957,-0.018038174390594786,1.3690328631532687,0.00031818746976219545
47.06,4.874259291444532,3.2799560635996343,-0.018051645024081457,5.971274105542225,2.4895953733745957,-0.018038174390594786,1.3520767444944815,1.3470633486670908e-05
47.099999999999994,4.8942138548840735,3.278711365982522,-0.018269236554661665,5.991060142532159,2.4892344752309117,-0.01821962885141126,1.3514235234589547,4.960770325040595e-05
47.129999999999995,4.9041762092146355,3.2780902702326076,-0.018266190248648888,6.010936189239877,2.4888755056449052,-0.018240077485967517,1.3593298341567788,2.6112762681371193e-05
47.16,4.924128188263652,3.27684085396029,-0.01810461693868375,6.030920259527823,2.4885101762813444,-0.01806406250619233,1.3588428703801552,4.055443249141935e-05
47.2,4.944081884515871,3.2755972941135942,-0.017989453387625632,6.050927975802825,2.4881581995743662,-0.017968198344638576,1.3583698308656473,2.125504298705616e-05
47.230000000000004,4.954059039872185,3.2749749838999005,-0.017966472331817963,6.070916022792494,2.48780138230245,-0.017946140551927586,1.3663864019192218,2.0331779890376406e-05
47.25999999999999,4.964033734198311,3.27435204539461,-0.017947329522565995,6.070916022792494,2.48780138230245,-0.017946140551927586,1.3578845114420492,1.1889706384091148e-06
47.3,4.993966583163239,3.272486280792486,-0.01792956311280574,6.090915964773711,2.4874416293524084,-0.01793123418073046,1.3489229223978185,1.6710679247196325e-06
47.33,5.003945444811275,3.271865277486133,-0.01792614878044268,6.110912609345312,2.487082473853148,-0.017924548087282294,1.3569304890946237,1.6006931603841645e-06
47.36,5.0239053180711375,3.2706217330811307,-0.017919972726454007,6.130910865839703,2.4867232560062518,-0.017918515290260822,1.3564505538908143,1.457436193185585e-06
47.39999999999999,5.04386601328828,3.269377741598381,-0.017914435036827152,6.150910164423754,2.4863649985064002,-0.017913214782569586,1.3559703936324312,1.2202542575660835e-06
47.42999999999999,5.053846746445044,3.2687556254502677,-0.017912076215023047,6.150910164423754,2.4863649985064002,-0.017913214782569586,1.3474729074073248,1.1385675465387657e-06
47.459999999999994,5.073807045869603,3.2675129699979304,-0.01789305310508154,6.170906217955883,2.486011420662579,-0.017893313552065467,1.346985992876673,2.6044698392749255e-07
47.5,5.093770104347089,3.266270236034917,-0.017879810804346464,6.190913055968808,2.4856507596511053,-0.017888206840084596,1.3465100902714966,8.396035738131996e-06
47.53,5.1037501599667285,3.2656500836657787,-0.017863330711493867,6.210918091841712,2.48530703578064,-0.017861925485230863,1.3545316909378669,1.4052262630043222e-06
47.56,5.123707676034906,3.2644057324787368,-0.01794494064503154,6.231162409747927,2.484961078203241,-0.018027641863774705,1.354248853166221,8.270121874316347e-05
47.599999999999994,5.14366196575808,3.2631641812463936,-0.018524526758496522,6.251587673285702,2.48460685087276,-0.0186895543683085,1.3541236612950456,0.00016502760981197684
47.629999999999995,5.153623972683076,3.2625416654783477,-0.0188064801101459,6.251587673285702,2.48460685087276,-0.0186895543683085,1.3456250828579417,0.0001169257418374009
47.66,5.173573693968614,3.2613007809601937,-0.019041103998183418,6.27200139226333,2.484308118233114,-0.019047420274464297,1.3454594034428329,6.316276280879385e-06
47.7,5.193531482924312,3.260058598778576,-0.018946392813676764,6.292402713948221,2.4839624179000293,-0.018949159317684885,1.3453041530993153,2.766504008121229e-06
47.730000000000004,5.203498441209724,3.2594405592494757,-0.018887280257752374,6.312792625150682,2.4836699700148963,-0.018882385651533738,1.353644559567468,4.894606218636133e-06
47.75999999999999,5.223458546229258,3.2582013789975046,-0.018655710185426715,6.333200785731419,2.4833158348550253,-0.018535082839549317,1.353504874263945,0.00012062734587739779
47.8,5.2434413479758195,3.25695491069877,-0.01805777326408491,6.3533462378565995,2.4828467475861316,-0.017965673739154083,1.3531933759736225,9.209952493082624e-05
47.83,5.253422647004131,3.2563317363575157,-0.017903573441033705,6.3533462378565995,2.4828467475861316,-0.017965673739154083,1.3446601554178874,6.210029812037804e-05
47.86,5.273376152967536,3.2551014581343134,-0.01771898320100445,6.373440160658849,2.4824692934491326,-0.01772850963365324,1.344284673320343,9.526432648791078e-06
47.89999999999999,5.2933524770078595,3.253866128349799,-0.017812108443053302,6.3933866766241945,2.4821656948995194,-0.01777609578828824,1.3437249716042716,3.6012654765063545e-05
47.92999999999999,5.303326644878302,3.2532417722609352,-0.01797628627979624,6.413196092159358,2.481827885071857,-0.01799135174480314,1.3516247908928423,1.5065465006899176e-05
47.959999999999994,5.323300648827756,3.251986817761347,-0.017638115425209152,6.432872010577708,2.481388485934886,-0.01770379349018331,1.350914651571064,6.567806497415757e-05
48.0,5.343279554535295,3.2507462731975925,-0.017977765516401005,6.452530126588493,2.4810051245905136,-0.01810596762561036,1.3501623115238004,0.00012820210920935424
48.03,5.353267756020012,3.2501294219890147,-0.017926428434871182,6.472075366287082,2.480524102773757,-0.017977448437039228,1.3579480167355196,5.1020002168045836e-05
48.06,5.373227396608944,3.2488806396359324,-0.018110745311818048,6.472075366287082,2.480524102773757,-0.017977448437039228,1.3408350488425491,0.00013329687477882032
48.099999999999994,5.393190662635473,3.247637678108138,-0.01853906092431983,6.491785294626688,2.4801292733504474,-0.018459936182944264,1.3401415286504657,7.912474137556497e-05
48.129999999999995,5.403160978480931,3.247016972473002,-0.018481576478298786,6.511550918163109,2.4796752899919547,-0.01858973820050098,1.3480880965506323,0.00010816172220219286
48.16,5.423121596427717,3.245772763683353,-0.018702721307187024,6.531288218130963,2.4792773718092445,-0.01883656331893419,1.3474228910113664,0.00013384201174716434
48.2,5.4430671781425914,3.2445301693244724,-0.018913035664573856,6.551126319183692,2.4788551384687025,-0.01899300368781715,1.346867964174932,7.996802324329241e-05
48.230000000000004,5.453047239013407,3.2439055092236098,-0.01901631530371167,6.571043641716992,2.478477258596144,-0.019091347486191353,1.3549156295935105,7.503218247968332e-05
48.25999999999999,5.473004763879954,3.24266184502964,-0.01906691569998691,6.571043641716992,2.478477258596144,-0.019091347486191353,1.3377845339904906,2.4431786204443667e-05
48.3,5.4929629826306074,3.241419871638927,-0.019016629859200877,6.591036203988907,2.4780839725418637,-0.019019861736811913,1.3373281176713947,3.2318776110353e-06
48.33,5.502942759972152,3.240798775058534,-0.01901133021776896,6.6110356447038905,2.4776978067053963,-0.019008189703810695,1.345434104330124,3.1405139582635355e-06
48.36,5.522903416221958,3.239557552088174,-0.01898093728724153,6.631039695269597,2.4773196948051575,-0.018978385726937667,1.3449805069282421,2.551560303862277e-06
48.39999999999999,5.542864250703716,3.2383148239930386,-0.018971076550192416,6.651038200720711,2.4769366442160625,-0.018968654209255847,1.3445245390608422,2.422340936569095e-06
48.42999999999999,5.552844933748896,3.2376935115636476,-0.01896613796463991,6.651038200720711,2.4769366442160625,-0.018968654209255847,1.335956385081017,2.516244615936164e-06
48.459999999999994,5.572808263589985,3.2364532634543877,-0.018955278870331264,6.671038517367515,2.4765557332191768,-0.018957974835664533,1.3354976401214016,2.6959653332686573e-06
48.5,5.592774046841084,3.235212502502903,-0.018928595941292085,6.691040266973794,2.476176355258489,-0.01894778697799039,1.3350372890328697,1.9191036698305852e-05
48.53,5.602758178669973,3.23459164375684,-0.01892280049504829,6.71104858067595,2.4757984653710876,-0.018920675801164098,1.3431584801293266,2.1246938841923413e-06
48.56,5.622724498504451,3.2333487029795163,-0.018897850044453372,6.731056544131693,2.475423064288693,-0.018898584590197998,1.3427029444926228,7.345457446253367e-07
48.599999999999994,5.6426916648091465,3.2321091176054195,-0.018912729797083853,6.75107190629365,2.4750581706328374,-0.018896135227553935,1.342249192968776,1.6594569529918002e-05
48.629999999999995,5.652666617310105,3.231489649617094,-0.01884619342012999,6.75107190629365,2.4750581706328374,-0.018896135227553935,1.3336726589629615,4.994180742394494e-05
48.66,5.672637383698453,3.230250874165125,-0.019139964165468752,6.771416255739728,2.4747220868899076,-0.01904782584785449,1.3334686940629155,9.21383176142633e-05
48.7,5.6925432552912305,3.22900849005787,-0.01945641526399549,6.791915690965524,2.474373088947126,-0.019452011510939112,1.3334520392312588,4.403753056377718e-06
48.730000000000004,5.702526624767292,3.228389235925648,-0.019597610956866456,6.812503068972639,2.474000141975684,-0.019676200890679712,1.3420695256809139,7.858993381325632e-05
48.75999999999999,5.722481785557851,3.227151616480053,-0.01964498138805875,6.832963256994804,2.4737027153633973,-0.019541610590805,1.3419591443105394,0.00010337079725375106
48.8,5.742419330034715,3.226356112927914,-0.019205282843894386,6.853222476056957,2.4733705731442965,-0.019086755414948708,1.341965294758451,0.0001185274289456778
48.83,5.752437762160059,3.2252953135458444,-0.0189761349871062,6.853222476056957,2.4733705731442965,-0.019086755414948708,1.333085819284344,0.00011062042784250672
48.86,5.772397064587747,3.224053411705542,-0.018516175504024117,6.873286042249465,2.4729839155489417,-0.01856277451578622,1.3326897347822526,4.659901176210304e-05
48.89999999999999,5.792378741085322,3.222809907058283,-0.018569052558661644,6.893332175332132,2.472562184755859,-0.01853972670168274,1.332280041582782,2.932585697890469e-05
48.92999999999999,5.802366109157884,3.222191219204658,-0.01862633909136851,6.91330435787204,2.4721853628363517,-0.018658224998077882,1.3404076160044869,3.188590670937311e-05
48.959999999999994,5.822326551001122,3.220953986122638,-0.01880642717306407,6.933228509895666,2.471829795521525,-0.018876398885632428,1.3398844036779838,6.997171256835702e-05
49.0,5.842292925131268,3.219705685196509,-0.019109550179314753,6.953145137683938,2.471437611513709,-0.019187852498216418,1.3393646808192798,7.830231890166434e-05
49.03,5.852273716078133,3.2190807998464384,-0.01930901016124891,6.972822395634308,2.471111323481716,-0.019520946957546307,1.3472518995452945,0.00021193679629739545
49.06,5.872246162156456,3.217837356195672,-0.019663725253220073,6.972822395634308,2.471111323481716,-0.019520946957546307,1.3299878998054906,0.00014277829567376638
49.099999999999994,5.89221043799737,3.216590614645697,-0.019992022003520505,6.992335588415596,2.470733075598561,-0.019941134644551103,1.3291270876542145,5.0887358969402274e-05
49.129999999999995,5.902186235356541,3.2159652968752908,-0.020145820447791278,7.011982289306656,2.4703369078190662,-0.020205066224137033,1.3370149497779846,5.924577634575448e-05
49.16,5.92216166143389,3.214718983164114,-0.020334451158110438,7.031838652755392,2.4699254559741957,-0.020333900648177947,1.3364506811747083,5.505099324905338e-07
49.2,5.942122931215176,3.2134802751151086,-0.02048165614618241,7.051722130554503,2.4695143296976503,-0.020503511001476498,1.3359250394821436,2.185485529408726e-05
49.230000000000004,5.952098035567238,3.2128587554683,-0.020513186603319182,7.071694752250502,2.469087410243197,-0.020500763298032392,1.3441326653221042,1.2423305286789893e-05
49.25999999999999,5.972049099142794,3.211617939396431,-0.02048314794404543,7.071694752250502,2.469087410243197,-0.020500763298032392,1.3268655354342653,1.7615353986963345e-05
49.3,5.9920057078793505,3.210379535083322,-0.020444720223094338,7.091687008021836,2.46868116993039,-0.020451777838591565,1.3264295785127833,7.0576154972273875e-06
49.33,6.00198305393682,3.209759251277577,-0.02043462891345798,7.11168147350509,2.4682728144537434,-0.020430428597289885,1.3346283072024288,4.20031616809452e-06
49.36,6.021939340248325,3.208517533619059,-0.020418802507718704,7.1316767956959675,2.467861885824915,-0.020415188876581898,1.3341993886345365,3.613631136805545e-06
49.39999999999999,6.041897188905559,3.207276867653562,-0.02040506778407363,7.151672450973431,2.4674515352657544,-0.02040196295209717,1.3337700906605092,3.1048319764602483e-06
49.42999999999999,6.0518766539585895,3.2066571160906783,-0.020398975325821075,7.151672450973431,2.4674515352657544,-0.02040196295209717,1.3251323276768334,2.987626276096389e-06
49.459999999999994,6.071835083885139,3.205418609780987,-0.020383954716428336,7.171662804012475,2.4670377873125453,-0.020383716495942176,1.3246989291720839,2.3822048616020663e-07
49.5,6.0917955822614545,3.2041798818230225,-0.02036543522405625,7.191662541084815,2.4666341245808843,-0.020376504481714037,1.3242662387666717,1.1069257657786435e-05
49.53,6.101774217590721,3.2035602923511335,-0.020371981629716925,7.211653666608773,2.4662296916588256,-0.02037077889477932,1.3324746924688262,1.2027349376060592e-06
49.56,6.12173735116735,3.2023207518870387,-0.020369866696658016,7.231654647159517,2.4658256509982768,-0.02037264116850276,1.3320440824446131,2.7744718447443584e-06
49.599999999999994,6.141703603871932,3.201081416456985,-0.020357035497662705,7.251672609101932,2.4654194371043703,-0.020354565573626037,1.3316267271410118,2.4699240366680975e-06
49.629999999999995,6.151674585933258,3.200463129160067,-0.020472415203661436,7.251672609101932,2.4654194371043703,-0.020354565573626037,1.3229833257474788,0.00011784963003539858
49.66,6.171642611286906,3.1992250569382144,-0.02045213635599768,7.271912798350169,2.465037939734408,-0.020465376102088578,1.3227339897380208,1.323974609089909e-05
49.7,6.191572651878003,3.197977194471002,-0.020946857350072113,7.292297773581919,2.4645522350335223,-0.021005370003606444,1.3226896705864037,5.8512653534330966e-05
49.730000000000004,6.201553503388549,3.197359954006351,-0.020809109138907038,7.312672414940508,2.4641348357269273,-0.02081049323738475,1.3312416421087059,1.3840984777122034e-06
49.75999999999999,6.221507375601013,3.1961343419914034,-0.02075485293679773,7.33304753766129,2.4637298889373103,-0.020652630256446047,1.3311415457142235,0.00010222268035168375
49.8,6.24145502459977,3.1949009828936403,-0.02049939821772944,7.353351658558014,2.463417241537217,-0.020465925382768174,1.3309329767033589,3.347283496126646e-05
49.83,6.251437322490139,3.194284100974851,-0.020471363300618543,7.353351658558014,2.463417241537217,-0.020465925382768174,1.32226380509191,5.437917850369123e-06
49.86,6.271391162625934,3.1930426503147933,-0.020063682811151055,7.373626183671419,2.4630445219302266,-0.020200558720939253,1.3220511749036459,0.00013687590978819775
49.89999999999999,6.291359597750467,3.1917979974065056,-0.019666493021870787,7.393769019205484,2.4625353807612242,-0.0197145025173088,1.3217906402108877,4.8009495438011696e-05
49.92999999999999,6.301340689348623,3.191180416610096,-0.0196611186936883,7.41377852824211,2.462087059034145,-0.01967816323270822,1.3300733323630638,1.7044539019919758e-05
49.959999999999994,6.321302288461277,3.189956197822922,-0.019755324079519573,7.433689434263204,2.4617014762337237,-0.01976856560427351,1.3295713977302304,1.324152475393886e-05
50.0,6.341279776971783,3.1887171143374706,-0.01944244133508282,7.453396622557374,2.4612778255408863,-0.019383369864508008,1.3288987158997958,5.9071470574812573e-05
50.03,6.351269381673066,3.188097353417951,-0.019350486255324588,7.47309160430145,2.4609297114008863,-0.019501430559482877,1.33688364444313,0.0001509443041582889
50.06,6.371237626014184,3.1868574119827233,-0.019619293322036872,7.47309160430145,2.4609297114008863,-0.019501430559482877,1.3194897559054815,0.00011786276255399547
50.099999999999994,6.39120068358655,3.1856102520543352,-0.019671844126103837,7.492658391105974,2.4605020098438644,-0.01958961405350199,1.3187080967278182,8.223007260184725e-05
50.129999999999995,6.401189450751016,3.184986338082735,-0.019898502408672795,7.512305162157477,2.4600584379393626,-0.019950479696842084,1.3266870710685947,5.1977288169288705e-05
50.16,6.421155397145044,3.1837554447346785,-0.02035165092880347,7.53189426454157,2.4596171987354367,-0.020260326505453036,1.3259400555319902,9.132442335043484e-05
50.2,6.441121371569931,3.1825090272902665,-0.02057151559327901,7.551644825280738,2.4591682588349637,-0.020578986244667093,1.3253241899819408,7.470651388081367e-06
50.230000000000004,6.451106608042646,3.181891889888895,-0.02060060987027684,7.5714897692503795,2.4587620469228724,-0.020686544602687682,1.3334823574783055,8.59347324108431e-05
50.25999999999999,6.471061343326102,3.1806573614676497,-0.020673096435443065,7.5714897692503795,2.4587620469228724,-0.020686544602687682,1.316083418991321,1.3448167244616699e-05
50.3,6.491017624245215,3.1794159602479106,-0.02073636934165706,7.5914252411440035,2.458305789187811,-0.02070692812148052,1.3156355126459598,2.944122017654177e-05
50.33,6.500996670874022,3.178795584715471,-0.020850685499627923,7.611331682173041,2.4578776912430946,-0.02086525567060828,1.323845325725419,1.4570170980356817e-05
50.36,6.5209426652704945,3.1775654458633453,-0.020839497866717176,7.63132416317016,2.4574610421535263,-0.020832606450653806,1.3234415072530328,6.89141606336971e-06
50.39999999999999,6.540906390886608,3.1763269946631616,-0.020820336678407818,7.6513250435563585,2.457048195411014,-0.02081548209432204,1.3230236487873204,4.854584085778324e-06
50.42999999999999,6.550885737106806,3.1757087045776617,-0.020811440804683053,7.6513250435563585,2.457048195411014,-0.02081548209432204,1.3143209633171182,4.041289638986173e-06
50.459999999999994,6.5708435646140035,3.1744723643895663,-0.02079887128938023,7.671320731633292,2.4566294284557952,-0.020801604886964645,1.3139058093336888,2.7335975844137994e-06
50.5,6.5908040776483245,3.1732373331554897,-0.020789736219920245,7.6913176107649415,2.4562124109999686,-0.02079178972159715,1.3134895414752834,2.0535016769067382e-06
50.53,6.600784884677328,3.1726194211448147,-0.020786038501795216,7.711315277752017,2.4557960123125167,-0.020784375020919784,1.3217842310273562,1.663480875432194e-06
50.56,6.620747085036653,3.1713833087753898,-0.02078000224462822,7.7313137245047105,2.455379918549909,-0.020778739510397402,1.321370165969308,1.2627342308169087e-06
50.599999999999994,6.639647701975983,3.1702056062602435,-0.020752164634910416,7.750374876785501,2.454977904897665,-0.020746425388401112,1.3210849789687,5.739246509303686e-06
50.629999999999995,6.648554397124116,3.1696456882327464,-0.020734171865760258,7.750374876785501,2.454977904897665,-0.020746425388401112,1.313300578671282,1.225352264085447e-05
50.66,6.666336319860546,3.1685345627447576,-0.02121180052890497,7.768709390699456,2.4545728707534726,-0.021228530029996365,1.3133802514663706,1.6729501091394122e-05
50.7,6.683263308309529,3.1674777264429532,-0.021249259318742046,7.786719304620824,2.454217098280984,-0.021322918268351202,1.3139086191517886,7.365894960915595e-05
50.730000000000004,6.691226104350655,3.1669786285508383,-0.021395929510691074,7.803753932630925,2.453901616001944,-0.021377726721014668,1.3214374728013696,1.820278967640601e-05
50.75999999999999,6.699146568958108,3.166484684736437,-0.021271191643371816,7.820372935557392,2.4535874428261697,-0.02177012019323874,1.3286726619753637,0.0004989285498669255
50.8,6.721961433639141,3.1650643161789085,-0.022501897123325888,7.836496318381436,2.453273366919296,-0.022826270626573917,1.322435013433712,0.0003243735032480294
50.83,6.728891511211849,3.164626153696072,-0.023007379171841643,7.836496318381436,2.453273366919296,-0.022826270626573917,1.3163628664316935,0.00018110854526772607
50.86,6.742763449705519,3.163757994731293,-0.024204022873007984,7.852119572165727,2.4529247550325737,-0.02389598895642731,1.317556412872149,0.00030803391658067517
50.89999999999999,6.755676021665881,3.1629393078350887,-0.02487102324980611,7.867173656972867,2.452570538523611,-0.024856680115056637,1.3191098444428826,1.4343134749471992e-05
50.92999999999999,6.761631920330588,3.1625691956432744,-0.024566815940715022,7.881354394936485,2.452293468748766,-0.02427901959864084,1.3259977482458543,0.00028779634207418137
50.959999999999994,6.773573803860218,3.161834489978525,-0.022972305983242007,7.894614170425408,2.45208221783744,-0.02262802160830102,1.3268307319617103,0.00034428437494098824
51.0,6.784580858962402,3.161133949146172,-0.0211039971800066,7.906552749513915,2.4516502283166295,-0.02038231579058422,1.3274743211489515,0.0007216813894223781
51.03,6.789580895069367,3.160809070373638,-0.019625942153969896,7.917181795146831,2.450856863919425,-0.017345872299057923,1.332484868696344,0.0022800698549119737
51.06,6.799501023100037,3.1601722215503965,-0.016754874319635897,7.917181795146831,2.450856863919425,-0.017345872299057923,1.3237592623941377,0.0005909979794220255
51.099999999999994,6.8042666392108035,3.1598788262412785,-0.015668212385901926,7.927032590694172,2.449945267356225,-0.014929787317143957,1.3283858776129593,0.000738425068757969
51.129999999999995,6.812415860567553,3.1593743165438264,-0.012403303986522946,7.935818099013401,2.4489114673649954,-0.011711744920585349,1.329206548813406,0.000691559065937597
51.16,6.820277727863139,3.158885136440391,-0.010108615249988455,7.944223523030938,2.4480721248463397,-0.009557414796687268,1.3298531076501574,0.0005512004533011865
51.2,6.827249359021076,3.1584774890066827,-0.007199015699272442,7.9516573874443965,2.4474177364352085,-0.006422480230428177,1.330375656012175,0.0007765354688442647
51.230000000000004,6.830205512166943,3.158284733175494,-0.005720608946596367,7.958259644947084,2.446807381008429,-0.004376924572558741,1.3336814271515574,0.001343684374037626
51.25999999999999,6.836105530332283,3.1578903635548574,-0.004165229926238406,7.958259644947084,2.446807381008429,-0.004376924572558741,1.3284836713388888,0.00021169464632033504
51.3,6.841546558306447,3.157845428755258,-0.003140081173775781,7.964136419984865,2.4466290306519745,-0.003464628182274756,1.3289231589802994,0.0003245470084989751
51.33,6.843143083857655,3.1574585865033957,-0.0028076610531865757,7.968440667852324,2.446541938548469,-0.0028152833932307227,1.331051138342817,7.622340044147018e-06
51.36,6.8470733642654915,3.1571861001482158,-0.0032854870288407316,7.972072017930857,2.446633719587941,-0.0035197330454778343,1.3306038690266753,0.00023424601663710274
51.39999999999999,6.850080631685428,3.156983271170896,-0.0032853609435198813,7.9746298571336975,2.4466520449608202,-0.003225035619504828,1.3301057895466109,6.0325324015053465e-05
51.42999999999999,6.851060140345922,3.1569003471020576,-0.003253141147373232,7.9746298571336975,2.4466520449608202,-0.003225035619504828,1.3292334479605425,2.8105527868403993e-05
51.459999999999994,6.852934220090913,3.1567607540388,-0.0038336257651917986,7.976347226684412,2.4466925585070936,-0.0036650124494059765,1.3290047500626547,0.00016861331578582215
51.5,6.853977321413951,3.1566850485282334,-0.003591275072310322,7.97761771147896,2.4467673654373776,-0.0036679522624930823,1.3291165648469414,7.667719018276042e-05
51.53,6.853992077517596,3.1566679364967927,-0.0036083534574812767,7.977593717490568,2.4468091484765098,-0.003699283399348926,1.3290523482088947,9.092994186764942e-05
51.56,6.853901851907594,3.156663326874513,-0.004031417242164652,7.977146510541748,2.4468678108575643,-0.00413175935798242,1.328716763538386,0.00010034211581776836
51.599999999999994,6.85390702552159,3.1566648861213666,-0.003807086989491219,7.976381158628696,2.4469099695967556,-0.003868673970951093,1.3280437571952992,6.158698145987407e-05
51.629999999999995,6.853931893070795,3.1566622402016984,-0.00369339306973198,7.976381158628696,2.4469099695967556,-0.003868673970951093,1.3280213248966835,0.0001752809012191131
51.66,6.8539484317151285,3.156654248667745,-0.0034368671622284,7.975542881582276,2.4469171433336943,-0.0034921673352165377,1.3272908003375703,5.5300172988137584e-05
51.7,6.853964050550696,3.156657329215869,-0.003689990365438093,7.975011092315812,2.446919861994289,-0.0036170305154187925,1.3268284524490805,7.295985001930065e-05
51.730000000000004,6.853978784963293,3.15665816694106,-0.003285671931592508,7.974511980934956,2.4468911960784507,-0.003248788040124718,1.326410116141291,3.688389146778992e-05
51.75999999999999,6.854013357504258,3.1566664403401745,-0.0034219763829392217,7.974015488914906,2.4468598151324676,-0.003122455697551328,1.3259827372756965,0.00029952068538789374
51.8,6.853976593807831,3.1566574096996316,-0.0033628186774001183,7.97367501280704,2.446803860405132,-0.0033489304330440958,1.3257513382815522,1.388824435602249e-05
51.83,6.853989506726047,3.15665662333726,-0.0033899304299928527,7.97367501280704,2.446803860405132,-0.0033489304330440958,1.3257400113032058,4.099999694875695e-05
51.86,6.853990297888938,3.1566608644600658,-0.0031620936594060544,7.973253462775307,2.446798074686912,-0.0031904393153215312,1.3253887024476914,2.8345655915476813e-05
51.89999999999999,6.853988690533871,3.1566560952314977,-0.003445998469473847,7.973106017057166,2.446731361497078,-0.003391270893301026,1.325298727869507,5.47275761728209e-05
51.92999999999999,6.853989370435629,3.1566566755415226,-0.0035020754675829024,7.973134108211497,2.4466952437123566,-0.0035043840792611204,1.325341532879859,2.30861167821797e-06
51.959999999999994,6.8539872976752605,3.156662221699535,-0.003471931065131821,7.973203820935898,2.4466872634565666,-0.0034610130413251544,1.325409396100591,1.091802380666666e-05
52.0,6.853984938433211,3.1566616260532565,-0.0034579214890548197,7.973238187531842,2.446663643985522,-0.003472761215180849,1.3254527415785513,1.4839726126029094e-05
52.03,6.853984147575037,3.156659839423789,-0.0034935093445795295,7.973223797551289,2.446650803768851,-0.0035596627923374733,1.325447179177887,6.615344775794379e-05
52.06,6.853982407990233,3.156658264178998,-0.0035316890274987227,7.973223797551289,2.446650803768851,-0.0035596627923374733,1.3254478043078988,2.797376483875064e-05
52.099999999999994,6.853977377910528,3.156660897838953,-0.0036894620855920024,7.973189340003914,2.446659245110102,-0.0036601965012456167,1.3254198440383438,2.9265584346385622e-05
52.129999999999995,6.853978579404375,3.1566597741929554,-0.003724973482044751,7.973172345729859,2.446658815322027,-0.003742007130803789,1.3254041075005993,1.703364875903831e-05
52.16,6.853980762535718,3.156658894696789,-0.0037649547091368955,7.973178638228665,2.446666114535495,-0.0037621681165546424,1.3254031963281094,2.78659258225308e-06
52.2,6.853984690967549,3.156659163408217,-0.003753490136611352,7.9731975255730205,2.4466718474256735,-0.0037537115456084875,1.3254129009488749,2.2140899713554013e-07
52.230000000000004,6.853985909343676,3.156659001431393,-0.003753763133989833,7.973180626484036,2.4466712794063095,-0.0037932201793901914,1.3253978196380358,3.9457045400358506e-05
52.25999999999999,6.853980670184383,3.1566583727086086,-0.003802136175173602,7.973180626484036,2.4466712794063095,-0.0037932201793901914,1.3254019069086156,8.915995783410555e-06
52.3,6.854005588227897,3.1566540896828648,-0.0017736816105022241,7.972842730190371,2.4466575920515785,-0.002847410964913375,1.3251005912320204,0.001073729354411151
52.33,6.853989172470959,3.156638950225543,0.0015322820828834256,7.97063697491321,2.4460694541328127,0.0037269198314197186,1.3235600943956367,0.002194637748536293
52.36,6.853924950375749,3.1565649310553017,0.012388153038318146,7.965872216112003,2.4441375470338866,0.01604129715829737,1.3205981596541503,0.003653144119979225
52.39999999999999,6.85391595089059,3.156454781302879,0.029663805815737083,7.957987509322306,2.439599192405452,0.03465318593390811,1.3163798621489602,0.004989380118171023
52.42999999999999,6.8539748390627455,3.1564022245326138,0.039471108889791724,7.948235152581292,2.4333353994526976,0.05445589737432123,1.31157587171801,0.014984788484529506
52.459999999999994,6.854248267511233,3.1563619083082552,0.06022554139856558,7.948235152581292,2.4333353994526976,0.05445589737432123,1.3113255267907913,0.005769644024244347
52.5,6.854359066742424,3.1563861663486437,0.07222302115771313,7.938238196820483,2.4256385500331685,0.07824603906646695,1.307205434264071,0.006023017908753814
52.53,6.8544662969402985,3.1564901035570334,0.09628179488265827,7.928248790043621,2.4179524649933413,0.10181347289198063,1.3032446762102736,0.0055316780093223605
52.56,6.854480629232794,3.156602397202425,0.11742439958169956,7.918527650912994,2.4109506888535743,0.12235024828865063,1.299304634991372,0.004925848706951064
52.599999999999994,6.854386527512797,3.1566411572336346,0.1381644776036391,7.909639418089103,2.4042701539369857,0.14359075973155908,1.2960018478656794,0.005426282127919985
52.629999999999995,6.854341366304444,3.1566398148784955,0.14886503144059,7.909639418089103,2.4042701539369857,0.14359075973155908,1.296037840807798,0.005274271709030914
52.66,6.8543272807533775,3.156677363446272,0.17015713227151033,7.901193389669471,2.3980316806696784,0.1648314922081307,1.2928541766157102,0.0053256400633796275
52.7,6.8543655432564305,3.1566881738726185,0.1902069681747661,7.893570004858986,2.392170821046128,0.18503486586748055,1.2901289454110705,0.005172102307285542
52.730000000000004,6.854370661518264,3.1566608454818326,0.20067439490060496,7.886359834471024,2.386177830292625,0.20594996951580144,1.2878842066687424,0.005275574615196482
52.75999999999999,6.854335853806253,3.1566416291563413,0.2217444244740268,7.879478693853812,2.3804484861497137,0.2269901289377841,1.2858435510400488,0.0052457044637573
52.8,6.85435232851816,3.156639791111839,0.24279352157055595,7.873276063566956,2.3749541765914106,0.2480814994227165,1.284226606870442,0.005287977852160564
52.83,6.854355049158393,3.1566479077631175,0.2534144828721537,7.873276063566956,2.3749541765914106,0.2480814994227165,1.284229388760637,0.0053329834494371675
52.86,6.854339729436057,3.156680605551888,0.27534563462730915,7.867386107707447,2.3701840210370415,0.26978226924816673,1.2825130962225297,0.0055633653791424265
52.89999999999999,6.854334196185311,3.156710095417212,0.2983438146968079,7.861962433346304,2.3662713278019263,0.2924831711971013,1.280667056526926,0.005860643499706553
52.92999999999999,6.854331874353788,3.156723004089536,0.3103459734549046,7.857008292024393,2.3632361113971725,0.31653745712066644,1.2786639306038705,0.006191483665761832
52.959999999999994,6.854335432341456,3.156715176014504,0.33592660903459676,7.852601373591907,2.360577386375595,0.34267302597044963,1.276859533994157,0.0067464169358528725
53.0,6.854342693785383,3.1566840991889906,0.3638122920188814,7.848790935211409,2.3583634890926177,0.37117049430404836,1.2752423696615325,0.0073582022851669815
53.03,6.854346221249546,3.1566792913023267,0.3786904071316682,7.845642897790534,2.356774834099633,0.40225406243826867,1.2737802956451885,0.023563655306600484
53.06,6.85435336999416,3.156687589228165,0.41045403952004295,7.845642897790534,2.356774834099633,0.40225406243826867,1.2737799432147128,0.008199977081774279
53.099999999999994,6.854623809446911,3.1570205960502538,0.4450500874736703,7.843244401290282,2.356094180146645,0.4361274383852325,1.2723418559133144,0.008922649088437817
53.129999999999995,6.854362073913338,3.1567317041409986,0.4634523623155924,7.8417118845504294,2.3567927647477824,0.4729331846076735,1.2707328418368058,0.009480822292081081
53.16,6.854357306311568,3.156782214960119,0.5024766774061674,7.841188319832002,2.359618268900267,0.5126344642298389,1.2685841738503123,0.010157786823671522
53.2,6.854287775293912,3.1567745978230115,0.5228913343940921,7.841126444008231,2.363829835416358,0.5544736100523837,1.265943108634031,0.031582275658291636
53.230000000000004,6.854123905554468,3.1566883309189224,0.5653316819413831,7.840583721692053,2.3671596214593102,0.598554800310073,1.2635104083129505,0.03322311836868996
53.25999999999999,6.8540351190542115,3.156558151637543,0.5874980013656796,7.840583721692053,2.3671596214593102,0.598554800310073,1.2634983912986326,0.011056798944393376
53.3,6.853910234804706,3.1562756434001766,0.6558134729532245,7.839417385794955,2.368916166987623,0.6442427276181772,1.2614116258183006,0.011570745335047206
53.33,6.8538819503916075,3.1561333937797937,0.6787057353568394,7.8381957257870365,2.3686473419581158,0.6899486732148141,1.2605585627994034,0.0112429378579747
53.36,6.85385814189919,3.156126229023322,0.7234391115256417,7.837080889308034,2.3685051605655083,0.7345407530061506,1.259791220203103,0.011101641480508961
53.39999999999999,6.853813793755728,3.156216789454032,0.7676526249143706,7.835343953856536,2.3685722074518885,0.7786458213426706,1.258485376452523,0.01099319642829999
53.42999999999999,6.85379933450365,3.156257569187754,0.7896417709170899,7.835343953856536,2.3685722074518885,0.7786458213426706,1.2585221765521506,0.010995949574419295
53.459999999999994,6.853744632732841,3.1563003454683454,0.833706139406913,7.832337521044585,2.369023247258472,0.8227511983482695,1.2559654734187882,0.010954941058643475
53.5,6.8536890612422035,3.1563347352741817,0.8549470869011345,7.827388824267098,2.3721414961289113,0.865394299604124,1.2502200865591175,0.010447212702989428
53.53,6.853596630271519,3.1565261959790956,0.8967423952846799,7.820346776285133,2.378322232454478,0.9071310009203781,1.241050866670165,0.010388605635698211
53.56,6.853429052682416,3.156386688568813,0.9379861268984714,7.81279769628017,2.383329332358091,0.9483103691249483,1.2320738087915455,0.010324242226476876
53.599999999999994,6.853529007801061,3.155781189361894,0.9781402154298086,7.806942819617586,2.382831384482665,0.9874964364648455,1.2273749620329368,0.009356221035036971
53.629999999999995,6.853598889573309,3.155492038208211,0.9971396374762562,7.806942819617586,2.382831384482665,0.9874964364648455,1.227138596397267,0.009643201011410696
53.66,6.853771271392274,3.1556788245359693,1.0334692940486225,7.80266044552091,2.3801581848350466,1.0248496783530965,1.2254888524097858,0.00861961569552605
53.7,6.853913162316935,3.1560229566170475,1.067524391438615,7.798505429620837,2.3765964115247984,1.0587133161789535,1.2246470065470971,0.008811075259661516
53.730000000000004,6.853934479293869,3.1561073779871913,1.0861377438499917,7.795637281281432,2.3721131463906198,1.0952306977963844,1.2253371464408993,0.009092953946392646
53.75999999999999,6.853941454280726,3.156151489566083,1.1226567538770298,7.793545616871247,2.367099254517997,1.1316020548051438,1.2269716427007658,0.008945300928113964
53.8,6.853892427944578,3.1561889899024984,1.1575545796964906,7.791333338889272,2.3622218829720145,1.1661298779792841,1.2284865601219985,0.008575298282793575
53.83,6.853848154484851,3.1562346107073966,1.174673507332529,7.791333338889272,2.3622218829720145,1.1661298779792841,1.2285498291821841,0.00854362935324482
53.86,6.8538397766447146,3.156281047956811,1.191747228704924,7.789555692202903,2.3577601300464046,1.2001625453675953,1.2301219171160949,0.008415316662671257
53.89999999999999,6.853799783034773,3.156333246348897,1.2420740567872346,7.7875541952556615,2.3538370704967466,1.2336617245913146,1.231217858301,0.00841233219591997
53.92999999999999,6.853786643823135,3.1563431680460132,1.2588619426851737,7.785293713355365,2.3502688580673325,1.267268887626351,1.231852756540379,0.008406944941177219
53.959999999999994,6.853768375429786,3.1563595131579962,1.292527480084013,7.782872311961954,2.347319045588787,1.3010553826705737,1.2319823874732043,0.008527902586560776
54.0,6.85377014694223,3.156360228711979,1.3096626070745787,7.780374103528471,2.3449378501034803,1.3349196117315345,1.2316660135231265,0.025257004656955795
54.03,6.853781906157783,3.156357979024634,1.3432587966971883,7.777660201335569,2.3432744044786853,1.3683575947590576,1.2307136155487306,0.02509879806186932
54.06,6.853772948707954,3.156382927847632,1.3768974414178063,7.777660201335569,2.3432744044786853,1.3683575947590576,1.2307368225347897,0.00853984665874874
54.099999999999994,6.853778492900757,3.156391479405733,1.3934073162563174,7.774834089389052,2.3423345400465436,1.4015989230269985,1.2292404615620414,0.008191606770681092
54.129999999999995,6.853777273064399,3.1563524290666862,1.423812893136143,7.771918864016931,2.342375476389628,1.4303745797676375,1.2270054851247723,0.00656168663149459
54.16,6.853775073076225,3.1563387247497183,1.4502928658421417,7.768630942704119,2.343318023759816,1.4568059283114096,1.2239133639399167,0.006513062469267972
54.2,6.85373654475956,3.156328111078677,1.4746001736205057,7.76525028234213,2.3444324148339004,1.4800005320941976,1.220668634553431,0.005400358473691913
54.230000000000004,6.853744344518237,3.1562924130167596,1.4853287711648018,7.761485933787344,2.346133836718076,1.5008958827087568,1.2166970500659207,0.01556711154395507
54.25999999999999,6.853735754918769,3.156236268338374,1.5055989077794352,7.761485933787344,2.346133836718076,1.5008958827087568,1.2166660745467712,0.004703025070678324
54.3,6.853716374446412,3.1561652632309585,1.5221158443192897,7.757330883020307,2.347688486134413,1.518342980918299,1.2124990223541046,0.0037728634009908113
54.33,6.853729448142584,3.15611044441066,1.5296910864595856,7.753406941116541,2.3485145015307776,1.533567289909264,1.2089792381674513,0.003876203449678428
54.36,6.853785866851139,3.155826120886854,1.5453817771590554,7.7495103238276855,2.3489478551144263,1.5493791456909622,1.2055599688948908,0.0039973685319067975
54.39999999999999,6.853762156529374,3.155981742275538,1.5531823762825432,7.745853522030645,2.348893934479647,1.562943629606362,1.2030036300421953,0.00976125332381872
54.42999999999999,6.8537728838499685,3.1559712436622323,1.5658928504894267,7.745853522030645,2.348893934479647,1.562943629606362,1.2029886317061542,0.002949220883064818
54.459999999999994,6.853808088876936,3.155944968731176,1.5773591880589781,7.742923078432369,2.3488677227871335,1.5745985148836834,1.200791049922,0.0027606731752947145
54.5,6.853802667042379,3.155967481625812,1.587271552061028,7.74042806510219,2.3489060963308916,1.5849602671195115,1.1989381452430625,0.002311284941516556
54.53,6.853798292868184,3.1559558060394757,1.5916922456447786,7.738500208424334,2.348804015791686,1.593991544222448,1.1975773427586764,0.0022992985776693065
54.56,6.853816731807036,3.155867219922613,1.6003012343585072,7.737263951144063,2.348430744377796,1.6023701595704918,1.1968427847443288,0.0020689252119845403
54.599999999999994,6.85382499324048,3.1558485536733945,1.6076682724470177,7.736520627994569,2.3482486408748406,1.6091547924187506,1.1963984297741939,0.0014865199717328803
54.629999999999995,6.853815273408826,3.1558471176397407,1.6105550963818822,7.736520627994569,2.3482486408748406,1.6091547924187506,1.1964046316724657,0.0014003039631316216
54.66,6.853793721921645,3.155832632958631,1.615887912351297,7.736317764905589,2.3483717432074886,1.614628244110554,1.1961779863057311,0.0012596682407430837
54.7,6.85378454657692,3.1556958415768945,1.6199915931957949,7.736525739729162,2.3487683314003824,1.6190943126334656,1.1959782693542174,0.0008972805623292945
54.730000000000004,6.853766173894153,3.1556244171248475,1.6216041229036402,7.736919167050709,2.349385300379588,1.6223283473784724,1.1958180140353967,0.0007242244748322246
54.75999999999999,6.853720939824569,3.1554662946469354,1.6243958301267098,7.73738043125829,2.3501932040058486,1.6249496152291953,1.1955412361401636,0.0005537851024854934
54.8,6.853703258956237,3.15534506897772,1.6261581531193898,7.737920470564326,2.3510882601861054,1.626533438794357,1.1952694640923676,0.00037528567496725174
54.83,6.853692621948289,3.1552808841615283,1.6268528231495296,7.737920470564326,2.3510882601861054,1.626533438794357,1.1952341464017089,0.00031938435517253616
54.86,6.853660757274342,3.155140205501724,1.6280723793953862,7.738328175095391,2.3519263552937537,1.6277843274972126,1.1949012215744332,0.00028805189817360244
54.89999999999999,6.853643960486245,3.155020778933015,1.629174960414662,7.7386336068470785,2.3526682744111778,1.6289032938867185,1.1945610975075063,0.00027166652794341495
54.92999999999999,6.8536401417933375,3.1549573731369036,1.6296196634334676,7.738812181584599,2.3531985694394,1.6297987909048237,1.1942975840780534,0.00017912747135606644
54.959999999999994,6.853623727053982,3.1548290249519066,1.6302106605696423,7.738847588896255,2.3536937378366822,1.630320539795145,1.1939175155077257,0.00010987922550276252
55.0,6.853615429462624,3.154721301982604,1.6305088670260675,7.7388347485895155,2.3540751321714537,1.6305522471664682,1.1935859969808387,4.338014040072835e-05
55.03,6.853615520711598,3.1546804007222407,1.6306096537184884,7.738789754358725,2.3543649982165094,1.630767835937022,1.1933307032841693,0.0001581822185334758
55.06,6.853614779590287,3.154617439558244,1.6308385157507472,7.738789754358725,2.3543649982165094,1.630767835937022,1.193289028622032,7.067981372532728e-05
55.099999999999994,6.853617768517856,3.1546373082715524,1.6301400436171076,7.738737674791483,2.354651165352705,1.630376402000972,1.1930696028916368,0.00023635838386426578
55.129999999999995,6.853621818088548,3.1546527733053926,1.6295416367391067,7.738781183750891,2.354775133457472,1.6292346022123951,1.1930261276889291,0.0003070345267115471
55.16,6.853633326449078,3.154662610296642,1.6284146048799093,7.738868555796862,2.354815486749844,1.6281804856649134,1.1930619566160474,0.00023411921499594257
55.2,6.853632483939947,3.154668138125583,1.6279648175477515,7.738933182324591,2.3548241114475608,1.6274018608880898,1.193108458428173,0.000562956659661662
55.230000000000004,6.853625241724417,3.1546817090508896,1.6272221917462237,7.739048839901085,2.354896163123232,1.6267639533157177,1.193160453452477,0.00045823843050607493
55.25999999999999,6.853628010607849,3.154714314707601,1.62666212167994,7.739048839901085,2.354896163123232,1.6267639533157177,1.193180254844237,0.00010183163577770493
55.3,6.853622817110113,3.154742167996631,1.6262334891317847,7.739071225028846,2.354999902612409,1.626335337061288,1.1931498540115184,0.00010184792950340693
55.33,6.853619441495914,3.1547505067813835,1.6260451311610677,7.739029734465096,2.3550645684551466,1.6259749388731641,1.1930838138423,7.019228790361431e-05
55.36,6.853623217482594,3.1547654581996736,1.6257445900989338,7.739024343784977,2.3550743863624573,1.6256741377839738,1.1930804519535485,7.045231495994564e-05
55.39999999999999,6.853630214336141,3.154775825797362,1.62548817886996,7.73900668347247,2.3550914040614157,1.6254336234431543,1.1930576962022696,5.455542680565806e-05
55.42999999999999,6.853630288848111,3.1547824853460873,1.625382209003664,7.738995865573153,2.3550960187603414,1.6252637243708765,1.1930509835250385,0.00011848463278751886
55.459999999999994,6.853630527731035,3.154786915243635,1.6252302413772817,7.738995865573153,2.3550960187603414,1.6252637243708765,1.1930537755568866,3.348299359484663e-05
55.5,6.853632233397882,3.154791819224747,1.62510449478486,7.738991276720339,2.3551006396413063,1.625127951348826,1.1930492941603088,2.3456563965851274e-05
55.53,6.853631341607229,3.1547977734860213,1.6250794343982855,7.738984257781885,2.355108520500306,1.6250779503494666,1.1930434558388137,1.4840488189449275e-06
55.56,6.853632166884489,3.154799760949216,1.625062382464367,7.738986792167656,2.355109113498859,1.6250591259077551,1.1930456588621698,3.2565566119302503e-06
55.599999999999994,6.853632877467503,3.154803405682686,1.6250393084919208,7.738986742251453,2.355108405264943,1.6250382963109056,1.1930480122698375,1.0121810152252664e-06
55.629999999999995,6.853632701832879,3.1548047309944702,1.6250368204988477,7.738986742251453,2.355108405264943,1.6250382963109056,1.1930490309584094,1.4758120578939327e-06
55.66,6.853632657081068,3.1548064188848546,1.6250326053113269,7.738983386695163,2.355112933867306,1.6250303507500128,1.1930446699129598,2.2545613140856346e-06
55.7,6.853633414303346,3.1548099682885344,1.625019909141471,7.738983351576209,2.355116184697556,1.6250218540680295,1.1930442820545755,1.9449265584725595e-06
55.730000000000004,6.853633219759974,3.154811449674961,1.6250162590671464,7.738983395529839,2.3551190316241724,1.6250145537657232,1.193043543724892,1.7053014231827035e-06
55.75999999999999,6.853633004632634,3.154814078966288,1.6250099257480488,7.738983396543945,2.355121671426493,1.6250085384117607,1.1930436970766436,1.387336288072305e-06
55.8,6.85363129007927,3.1548150485375657,1.6250048223039195,7.738983311132687,2.3551242147392233,1.625003709872902,1.1930438511825363,1.1124310175247842e-06
55.83,6.853632956442095,3.1548175450734672,1.625002654265775,7.738983311132687,2.3551242147392233,1.625003709872902,1.193044288001008,1.0556071270428902e-06
55.86,6.853632973708001,3.1548199154594845,1.6249966615750273,7.738983312838547,2.355126858638858,1.624999093274753,1.1930440931188133,2.4316997255802164e-06
55.89999999999999,6.853633530336767,3.154823727236823,1.6249889108077036,7.7389843590141,2.3551304469908376,1.6249905338007022,1.1930446061695366,1.6229929986621983e-06
55.92999999999999,6.853634007130537,3.154825351503019,1.6249861206189853,7.738984968445938,2.3551336629253723,1.6249849134840015,1.193043637710823,1.2071349837494694e-06
55.959999999999994,6.8536344984157065,3.1548283719016714,1.6249818810414987,7.738985157493424,2.3551366630591617,1.6249810231143162,1.1930434270054056,8.57927182407181e-07
56.0,6.853688345374055,3.1558219288191656,1.6248531206408103,7.738918271571297,2.35658878084095,1.624853066618978,1.1926464887225985,5.4021832340822584e-08
56.03,6.853745024770161,3.156904799378797,1.6248527238152737,7.7388084182610335,2.358624870948194,1.624894513619494,1.1918842454839091,4.1789804220426774e-05
56.06,6.853811328051989,3.1580167510717274,1.624884302110194,7.7388084182610335,2.358624870948194,1.624894513619494,1.1925800718131736,1.021150930013981e-05
56.099999999999994,6.854094327846274,3.161990522931028,1.6249972577176055,7.738674462027207,2.3611001866993573,1.6248981672180502,1.1932758878217715,9.90904995552544e-05
56.129999999999995,6.854229999249474,3.1640356133591836,1.6250239748186375,7.738448248780196,2.365019446741367,1.6250467984877726,1.1917502873168542,2.2823669135085822e-05
56.16,6.854525867589433,3.168184352071613,1.625194755774364,7.738232294518902,2.36911930018536,1.6251945404444028,1.1914033767546692,2.1532996119510983e-07
56.2,6.854894151558815,3.1731337460037734,1.62477563865082,7.737976156112511,2.37455466389896,1.624765778208746,1.1906142856281963,9.86044207418324e-06
56.230000000000004,6.85511165246845,3.176176789254049,1.6247774015615273,7.737647493018398,2.380606236329298,1.624836019022903,1.1881927514238575,5.8617461375698454e-05
56.25999999999999,6.855568178547756,3.1823026390169074,1.6248734052089548,7.737647493018398,2.380606236329298,1.624836019022903,1.1919652004564774,3.738618605186872e-05
56.3,6.856094407978974,3.189275864568453,1.6248922892929596,7.7372831960850155,2.387267305077961,1.6249050491934856,1.191516432861842,1.2759900525960433e-05
56.33,6.856387850005141,3.1933398198991076,1.6249256648459478,7.736852029165274,2.395254175383715,1.6249501663004906,1.1883424871499277,2.4501454542802392e-05
56.36,6.857007090580929,3.2014387088376886,1.6250816510161255,7.736389419478995,2.4033774605841405,1.6251028548750632,1.1875247518861227,2.120385893777943e-05
56.39999999999999,6.857689034980786,3.2104064703964426,1.6250868288566198,7.735846136015078,2.4129683875474806,1.6251027813741206,1.1861987144128845,1.595251750075022e-05
56.42999999999999,6.85806425739591,3.215467319022169,1.6251181512607504,7.735846136015078,2.4129683875474806,1.6251027813741206,1.1893298791547335,1.5369886629867935e-05
56.459999999999994,6.858844601785495,3.2255613159337866,1.625262163978792,7.7352964344262345,2.42308688042068,1.6252674028237084,1.1883320388643026,5.238844916322094e-06
56.5,6.859688733037552,3.2365195613705215,1.6251841498920852,7.73473210344567,2.4336784839125754,1.6251905739972594,1.1875414501182833,6.424105174263062e-06
56.53,6.8601443994603155,3.2425621454043982,1.625228956621473,7.734098948364998,2.445677494560803,1.6252706702720097,1.1827179293057601,4.171365053662335e-05
56.56,6.861074027786918,3.254685462737748,1.6255265448575442,7.733422274223917,2.457993748393359,1.6255146385334598,1.18140135041683,1.190632408443193e-05
56.599999999999994,6.861559058585622,3.2608734592588204,1.6254181661582134,7.732688424228072,2.471637268232696,1.6254010975698132,1.1754829377366742,1.7068588400226403e-05
56.629999999999995,6.862612833257862,3.2746868178953124,1.6254660816315636,7.732688424228072,2.471637268232696,1.6254010975698132,1.184027074528066,6.498406175037275e-05
56.66,6.863703451316247,3.288748995719331,1.6255990816883839,7.73191272311401,2.4859085435780646,1.6255152897166467,1.182514326014698,8.379197173713493e-05
56.7,6.864862436118649,3.3036872873744687,1.6254621511700402,7.731069906930999,2.5009190006728614,1.6254592195955915,1.1809963186331118,2.9315744487501405e-06
56.730000000000004,6.865476978928399,3.3117205815490696,1.6255386065700743,7.730193145785444,2.517049463948813,1.6256035023887039,1.174408887216025,6.489581862956229e-05
56.75999999999999,6.866736273389309,3.3277588018062914,1.6250550640977113,7.7293607603258785,2.533594091953718,1.6250441355950005,1.172526584704075,1.092850271078305e-05
56.8,6.868058541379318,3.3446991210166748,1.6247397795357652,7.728512564705431,2.5507612298210596,1.6246119371360528,1.1707768793985625,0.00012784239971241895
56.83,6.868750591543037,3.353688597566961,1.624505496798943,7.728512564705431,2.5507612298210596,1.6246119371360528,1.1763855696035441,0.00010644033710982548
56.86,6.87015865367591,3.3717427422747552,1.6245402992501456,7.727623090464494,2.568698632120978,1.6244560455693762,1.174787258702543,8.425368076947493e-05
56.89999999999999,6.871631206195816,3.3907252083635173,1.6248066239293943,7.726589889329082,2.586834313002507,1.6247913451023643,1.1735394844270455,1.527882703000749e-05
56.92999999999999,6.872407517996116,3.4007281344780487,1.6247671379927504,7.725545782670075,2.6050397017926947,1.624850344265338,1.166604037606663,8.320627258751045e-05
56.959999999999994,6.873986461233196,3.420810396391804,1.624730505006585,7.7245148904857635,2.623516741822585,1.6248081592584906,1.1657940558191147,7.765425190564557e-05
57.0,6.875571441877941,3.440805356043923,1.6253865315659748,7.723573045733221,2.642285291578114,1.6256015046048817,1.164792261948716,0.00021497303890694042
57.03,6.876363523090854,3.4507861513606586,1.6257067951492465,7.722618685560382,2.6613676268131075,1.6262317549928855,1.1572940019308662,0.0005249598436389835
57.06,6.877945400056694,3.470738614433693,1.626269759697443,7.722618685560382,2.6613676268131075,1.6262317549928855,1.169852279070104,3.80047045573928e-05
57.099999999999994,6.879527819486514,3.4906585361642413,1.6263059672443592,7.721518963000855,2.6808261827263986,1.6263673478260718,1.1682369307769989,6.13805817126778e-05
57.129999999999995,6.880322849139736,3.500630600654462,1.6262858644616986,7.720380938410581,2.7005575430468443,1.6262540695168648,1.1600924492724642,3.17949448338517e-05
57.16,6.88191319934883,3.5205593268057997,1.626199981708877,7.719270817458019,2.720273384577298,1.6262082424811386,1.1582855304000201,8.260772261570182e-06
57.2,6.883511607438111,3.5404698835491386,1.6261418779526697,7.718158715609136,2.7400995376668247,1.6261181143663936,1.1563859588156673,2.3763586276093207e-05
57.230000000000004,6.884307234534351,3.5504403230496155,1.6261028803562776,7.717034471882411,2.7599923824389876,1.6261484327611817,1.1481474638028497,4.5552404904114496e-05
57.25999999999999,6.885894434396707,3.5703656847407843,1.6261800274712654,7.717034471882411,2.7599923824389876,1.6261484327611817,1.160818095566768,3.159471008373771e-05
57.3,6.887484001446994,3.590291109874573,1.6261897617920396,7.715915560881377,2.7799110004871035,1.626191638350411,1.1588851411411445,1.8765583713609146e-06
57.33,6.8882803373357255,3.6002599631509717,1.6261910276935638,7.714807795748659,2.7998884887927904,1.6261900232869881,1.1505399325867978,1.0044065756886766e-06
57.36,6.889869396842762,3.6201949961793742,1.6261927194175123,7.713701273882157,2.8198578758982658,1.62619284546351,1.1485810671111163,1.2604599763932356e-07
57.39999999999999,6.891459021278048,3.640127746414211,1.6261935718663012,7.712594696356194,2.8398276802070064,1.626193854011773,1.1466228642658836,2.821454718748839e-07
57.42999999999999,6.892254489991417,3.6500949338924062,1.6261941513949465,7.712594696356194,2.8398276802070064,1.626193854011773,1.1530355920670818,2.9738317341987397e-07
57.459999999999994,6.893844369517543,3.6700310527768667,1.6261953229220663,7.711487738765174,2.859798493310901,1.6261950522558295,1.1510940359907125,2.7066623675686685e-07
57.5,6.895433914236548,3.6899680954657033,1.626196388631761,7.710381783411498,2.8797701341854403,1.6261958712764701,1.1491565454434334,5.173552908299683e-07
57.53,6.896228959019481,3.6999386547554733,1.6262054773533092,7.709271332203413,2.8997495534026365,1.62620561183235,1.1407631211239346,1.3447904079200157e-07
57.56,6.897819181699138,3.7198784630791346,1.62621018212327,7.708154880022009,2.9197239973048026,1.626202918979266,1.1388112719300871,7.263144004010513e-06
57.599999999999994,6.899409377331002,3.739819740562142,1.6262381051161277,7.707080418553896,2.9398491559144446,1.6260358533572499,1.1367873359303629,0.00020225175887778057
57.629999999999995,6.900205945967164,3.7497809850021038,1.6260665103285878,7.707080418553896,2.9398491559144446,1.6260358533572499,1.1432567438162777,3.0656971337972294e-05
57.66,6.901794185140121,3.769721321283866,1.626378819593039,7.70597180511653,2.960027725897212,1.6263259615966243,1.1411859457954643,5.2857996414745756e-05
57.7,6.903380390627562,3.789648355269352,1.626188354783355,7.704901101974872,2.9803759952371625,1.6261152145915334,1.1390158925277414,7.314019182169673e-05
57.730000000000004,6.904175880316973,3.7996078643970908,1.6263883007816147,7.7037879971548735,3.0006993196663365,1.6264981399535363,1.1303249091468348,0.00010983917192164405
57.75999999999999,6.9057565976765325,3.8195293195557367,1.626576710981881,7.702628660737045,3.021258646300302,1.626682167706808,1.1279366793690162,0.00010545672492701108
57.8,6.907342778396179,3.839457142542126,1.626897996818646,7.701450449424061,3.0418702024733872,1.6269443547882825,1.1255007419604575,4.635796963636807e-05
57.83,6.908137597342094,3.8494183452938984,1.6269667824536138,7.701450449424061,3.0418702024733872,1.6269443547882825,1.1320244185755366,2.242766533133711e-05
57.86,6.90973599549012,3.8693269626785316,1.6263304489004162,7.700339655153391,3.0626521161756313,1.626389541848256,1.1295036319788594,5.9092947839678445e-05
57.89999999999999,6.911318852377947,3.8892451244263775,1.6264824972063985,7.699165943164594,3.083190291373012,1.6263678221965159,1.1271323934434996,0.00011467500988260326
57.92999999999999,6.912108354559708,3.8992212562754727,1.6268260336773095,7.69795568506811,3.1035579895054455,1.6271280787921794,1.118318407679286,0.0003020451148698644
57.959999999999994,6.913703596864401,3.919178608758436,1.6279369018987881,7.697005883755654,3.123546538584109,1.6280525962128025,1.116509231372026,0.00011569431401436958
58.0,6.915306282495374,3.939123074469062,1.6279121370984535,7.696010239423148,3.14341053330157,1.627746790830624,1.1147453146499033,0.00016534626782949147
58.03,6.916092438430333,3.94911440682844,1.6280630783307966,7.694927753806139,3.1629439452005057,1.628066913386128,1.1066383524949834,3.835055331524728e-06
58.06,6.917671535632216,3.969078238256881,1.6278727876400312,7.694927753806139,3.1629439452005057,1.628066913386128,1.1198123624659315,0.00019412574609689592
58.099999999999994,6.919273708769011,3.9890223527677224,1.6278723539894628,7.693902872506594,3.182412529395524,1.6280445134697454,1.1183334692627755,0.00017215948028259653
58.129999999999995,6.9200677702867885,3.9989926733067884,1.6277832019951437,7.692774671348523,3.2020998001164904,1.627674042294849,1.110006399211247,0.00010915970029468092
58.16,6.921655562083885,4.018946894495537,1.627733141849286,7.691609422396951,3.221840994682707,1.6276879593154798,1.1082449018729632,4.51825338061429e-05
58.2,6.923251000963722,4.038866460304749,1.6275820943555863,7.690471355294431,3.241675218695157,1.6275518815609247,1.1064090327715064,3.0212794661643727e-05
58.230000000000004,6.924049552324192,4.0488407075379245,1.627847946664328,7.689405274812664,3.2615084524416553,1.6278130823619332,1.0980261662915087,3.486430239485472e-05
58.25999999999999,6.925646468156179,4.068779424307771,1.6278666642122448,7.689405274812664,3.2615084524416553,1.6278130823619332,1.1113118089730718,5.3581850311568147e-05
58.3,6.927236768885766,4.088706824126817,1.6278288875980986,7.688302084068129,3.281352853443306,1.627834422454879,1.1095228019072252,5.534856780453623e-06
58.33,6.928031516019889,4.098676371378961,1.627819409703944,7.687172777673954,3.3013179356208537,1.6278019861331459,1.1009432002698145,1.742357079814738e-05
58.36,6.92962534523387,4.118608615687069,1.62779377166467,7.686031493552856,3.3212802211844075,1.6277913266910944,1.099037228621013,2.444973575599363e-06
58.39999999999999,6.931219777227966,4.138537449861942,1.6277839608667093,7.684894092350628,3.3412456937542143,1.6277814018815946,1.0971322243161752,2.558985114697876e-06
58.42999999999999,6.9320176102889235,4.148503172245768,1.627778974766597,7.684894092350628,3.3412456937542143,1.6277814018815946,1.1038512734160113,2.427114997649582e-06
58.459999999999994,6.933611871098575,4.168435556787075,1.627770739868805,7.683755417728869,3.3612123885066847,1.6277725905150722,1.1019639667247327,1.8506462671208368e-06
58.5,6.933837813123597,4.188384457498197,1.6277645412094297,7.682616148388761,3.3811804102364027,1.6277659103910915,1.1010210575998494,1.369181661825536e-06
58.53,6.936002609629437,4.198336742808616,1.6277621350911586,7.6814769158085054,3.4011496248445514,1.6277610921487273,1.0914390694037917,1.0429424313063151e-06
58.56,6.9368000598225805,4.20830448205151,1.6277601619627675,7.680337822338307,3.4211199932668577,1.6277579621543152,1.0828240040145247,2.199808452285623e-06
58.599999999999994,6.93919157915824,4.2382085229441815,1.6277417409853887,7.679191332707,3.4410950731807515,1.6277412707264682,1.0876532016437879,4.7025892047081186e-07
58.629999999999995,6.939988599912837,4.248176027648345,1.627649779931891,7.679191332707,3.4410950731807515,1.6277412707264682,1.09444065496247,9.149079457726472e-05
58.66,6.9415875026755245,4.268100845770645,1.6275874000894928,7.678088767565396,3.461248351393613,1.6275193350341475,1.0924491113396628,6.806505534528995e-05
58.7,6.943174817932338,4.288045331712417,1.6278224513947896,7.676919062383496,3.481495976547395,1.6277689960299067,1.090368047304356,5.345536488299274e-05
58.730000000000004,6.943971873416864,4.298008005390538,1.6279072104417636,7.675743052665975,3.501745902826956,1.6279649759886683,1.0814445870032419,5.7765546904731124e-05
58.75999999999999,6.945568728118574,4.3179397766806815,1.6280528748700536,7.674542887360526,3.522058641849023,1.6281203587951016,1.0792729523264442,6.748392504807299e-05
58.8,6.947163330615957,4.337871785621184,1.628130085796445,7.673341993449828,3.5425433463432716,1.6280736643045663,1.0769785404916057,5.64214918785666e-05
58.83,6.947963881113539,4.347829587634724,1.628041460370847,7.673341993449828,3.5425433463432716,1.6280736643045663,1.0838170215815366,3.220393371927699e-05
58.86,6.949558872376096,4.367751902914912,1.6280459634694897,7.672134464598959,3.5632128751711956,1.6280874171395576,1.0813873189745777,4.145367006791467e-05
58.89999999999999,6.951158395726059,4.3876676816714415,1.6274508398966387,7.670947420007181,3.583880072760432,1.6276483456949762,1.0789674507205707,0.00019750579833743842
58.92999999999999,6.951961646661817,4.397636282901427,1.6272940498812687,7.669832159304373,3.6042559173728783,1.627308108499395,1.069948819957244,1.4058618126311373e-05
58.959999999999994,6.95356012149187,4.4175962146561485,1.6274853535284286,7.668709588845813,3.6240802498216325,1.6275828780154877,1.0682257940641016,9.752448705913075e-05
59.0,6.955155708480422,4.437534094497128,1.627865638927473,7.66763274995876,3.643761430840537,1.627935882537261,1.0666295402820063,7.024360978791222e-05
59.03,6.955951222577637,4.447507380599143,1.6280129919082085,7.666497311681835,3.6632799623563383,1.627997474825242,1.0582477915238215,1.5517082966542972e-05
59.06,6.95754043192181,4.467476358371505,1.6279991094884836,7.666497311681835,3.6632799623563383,1.627997474825242,1.072078215767326,1.6346632416563978e-06
59.099999999999994,6.95913754393062,4.48744601596891,1.6283840691266307,7.665426750903739,3.682754184085273,1.6283273205819562,1.0706882777853515,5.674854467452306e-05
59.129999999999995,6.9599366995213785,4.497412674909793,1.6283714760318104,7.664298647646992,3.7022721110323578,1.6283577366145778,1.0622496271077877,1.373941723259442e-05
59.16,6.961529623286481,4.517362251955701,1.6284780242155847,7.66312841010315,3.7216948492444115,1.6284495326537942,1.0608145329886614,2.849156179052237e-05
59.2,6.96312751333503,4.537296806177203,1.6284024610748715,7.661964871530332,3.741340073711157,1.6283826778635575,1.0592076157049728,1.978321131401728e-05
59.230000000000004,6.963925980909019,4.547262778825555,1.6284093808635327,7.660768013904902,3.7610822263152976,1.628421368958491,1.0505563669290523,1.1988094958281792e-05
59.25999999999999,6.965520300996236,4.567189328038634,1.6284004460814996,7.660768013904902,3.7610822263152976,1.628421368958491,1.064508356826535,2.0922876991402717e-05
59.3,6.967121502115779,4.587115140224414,1.6284082377574207,7.659597388537221,3.780936695192342,1.628422434483444,1.0627542230024267,1.4196726023207873e-05
59.33,6.967920333331643,4.597081695677916,1.6284223627897902,7.658430819077509,3.8007851188136,1.6284517536595022,1.0539890745405383,2.9390869711987122e-05
59.36,6.9687178683388975,4.6070367298045145,1.6284400321406998,7.65727361328602,3.8206662010894465,1.6284332328825553,1.0452213269596553,6.799258144507547e-06
59.39999999999999,6.971111423778719,4.636926281134051,1.628418813496274,7.6561174803484215,3.8406259722440668,1.628444286595567,1.0503939639370832,2.5473099293016332e-05
59.42999999999999,6.97191083435229,4.646902575360863,1.6284852141461257,7.6561174803484215,3.8406259722440668,1.628444286595567,1.0574595477647528,4.092755055862263e-05
59.459999999999994,6.9735043485253385,4.666838085628845,1.6284777433860405,7.654963937810173,3.8605941953244636,1.6284657814329357,1.0556592170210035,1.1961953104711043e-05
59.5,6.9751013145513205,4.6867691547627786,1.6283848242948633,7.6538431720036995,3.8805548237638248,1.628430115581842,1.0538842709548313,4.52912869786104e-05
59.53,6.9759006706519,4.696733767637988,1.6283736407936698,7.652739553714542,3.9005464625546145,1.6283452777567766,1.0450000470820136,2.836303689313091e-05
59.56,6.977495673947333,4.716670185068918,1.628349540968854,7.651590127739877,3.9205442226064107,1.6283194494884532,1.0431777800263589,3.0091480400784576e-05
59.599999999999994,6.979091186771106,4.736607860310379,1.6281541507710684,7.650464780249826,3.940623224471159,1.6281947331703504,1.0413136139091939,4.0582399281952064e-05
59.629999999999995,6.9798906114815225,4.746579683774956,1.6281933604114476,7.650464780249826,3.940623224471159,1.6281947331703504,1.0484443381089978,1.372758902773441e-06
59.66,6.981492031649986,4.766513853019845,1.6280552902289105,7.649404285636282,3.96073476400713,1.6280601498097997,1.0466072421473183,4.859580889249315e-06
59.7,6.983077528653489,4.786459066566304,1.628263105007279,7.6482565636778315,3.980898008641026,1.628267966788488,1.0446969736156075,4.861781208953531e-06
59.730000000000004,6.983870333712207,4.796414923155309,1.6280345153268194,7.647137736267669,4.001147678809008,1.6280236139765094,1.0355547485395589,1.0901350310010827e-05
59.75999999999999,6.985469896202046,4.8163453073658635,1.6282856270015666,7.64598400966613,4.021413526991297,1.628388097706158,1.0335354031356268,0.00010247070459135088
59.8,6.987059906668289,4.83627148454001,1.6284827338361096,7.644786680891801,4.04189242402471,1.6286068298384735,1.0313305005262066,0.00012409600236384932
59.83,6.987857964383625,4.846245186869363,1.6287298160839216,7.644786680891801,4.04189242402471,1.6286068298384735,1.0385271809966772,0.0001229862454481534
59.86,6.989454260067893,4.866162297438636,1.6283990031507272,7.643648162917649,4.062446545745743,1.6287323230080022,1.0363052986668877,0.00033331985727502733
59.89999999999999,6.991047265083782,4.886073325844525,1.6282662851136436,7.642459045342517,4.083207829302448,1.628277379514263,1.0338908612603224,1.1094400619526823e-05
59.92999999999999,6.991842687388711,4.896035775186553,1.6283134204802188,7.641190029461724,4.103974378290161,1.6283960468197667,1.0242134675499774,8.262633954791987e-05
59.959999999999994,6.993433267407697,4.915973467502708,1.6284953411510208,7.639925005236427,4.124517240480239,1.6284324780267332,1.0219366547753594,6.286312428760432e-05
60.0,6.995034880635501,4.935925254279422,1.6282597983204454,7.638728576830667,4.14446286734679,1.6282266410054773,1.0201736540660584,3.315731496811303e-05
60.03,6.995836297525399,4.94588482816833,1.6282073608082495,7.637612793655363,4.164081284749476,1.6282685161673696,1.0114810188466858,6.115535912010195e-05
60.06,6.99743870299161,4.965841782276914,1.6283111539762127,7.637612793655363,4.164081284749476,1.6282685161673696,1.0259838018958232,4.263780884317114e-05
60.099999999999994,6.999029362435714,4.985807182319486,1.6283668529282005,7.636520919109374,4.183461357937609,1.6284400942080202,1.0247703678059985,7.32412798196691e-05
60.129999999999995,6.999823126057358,4.99578280705682,1.6284256954023442,7.635391054026853,4.202736161563419,1.6284570069301016,1.0163019103552706,3.131152775748269e-05
60.16,7.001411360197475,5.015735014762745,1.6283777684031535,7.634219269773596,4.222266681740189,1.6283787908315703,1.0149078016902298,1.02242841681921e-06
60.2,7.003002905635649,5.0356821352543,1.6283663557084744,7.63303987492971,4.241924450882888,1.6283469496125413,1.0134090211636717,1.940609593309439e-05
60.230000000000004,7.003800023378135,5.045636822130218,1.6283297756054549,7.6319134086051195,4.2615972628364345,1.6288019531471125,1.0046115942188267,0.0004721775416576257
60.25999999999999,7.005394360865191,5.065577390829189,1.6288057421853632,7.6319134086051195,4.2615972628364345,1.6288019531471125,1.019269426299147,3.7890382507121956e-06
60.3,7.005603306758628,5.08554335987246,1.6287645024886053,7.630755921289654,4.281433575228911,1.6288099192871919,1.018532442887546,4.541679858660608e-05
60.33,7.007778159431329,5.095463245374573,1.6288179848924351,7.629565449905961,4.301291294521433,1.6287829897588835,1.0086270480795498,3.499513355165185e-05
60.36,7.009371091688381,5.1153953710912905,1.6288118869091774,7.628369925411734,4.321206271472435,1.6288406341361532,1.0069239703693023,2.874722697576715e-05
60.39999999999999,7.010968228586666,5.135322246361835,1.628840646339601,7.627214491770733,4.34114739766799,1.628840765987711,1.0052229340729437,1.1964811008624565e-07
60.42999999999999,7.011766492979743,5.145291639277291,1.6288403686887594,7.627214491770733,4.34114739766799,1.628840765987711,1.0126323126037562,3.97298951737568e-07
60.459999999999994,7.013359833051224,5.16522572908686,1.6288386427498653,7.626054679640804,4.361115097984289,1.6288390426780055,1.010934657675561,3.999281401600996e-07
60.5,7.014952913050519,5.185158138265148,1.628837073056115,7.624894498283812,4.381083003055984,1.6288374542844772,1.009240090592193,3.812283622117718e-07
60.53,7.015749741669429,5.195125984728474,1.6288363400171373,7.623734162002569,4.401051748856019,1.628835990709257,1.0000994687751052,3.4930788017639713e-07
60.56,7.017343466085377,5.215062497887117,1.6288337524342789,7.6225745667791385,4.421021587284135,1.628832971191237,0.998401548956228,7.812430418141503e-07
60.599999999999994,7.018937898088696,5.235000745490936,1.6288317194794373,7.621414824710496,4.440992286348163,1.6288305586700762,0.9967085232413391,1.1608093610782078e-06
60.629999999999995,7.019734613989398,5.24497001421937,1.6288284819606687,7.621414824710496,4.440992286348163,1.6288305586700762,1.00419084983201,2.0767094075502257e-06
60.66,7.021329415119282,5.2649092077779205,1.6288222415579698,7.620259084565085,4.460965131296101,1.6288226734872207,1.0025182427530506,4.3192925081037004e-07
60.7,7.02292399944002,5.284849088924249,1.6288201957083044,7.619099396929409,4.480938350044583,1.6288206441300792,1.0008484304117589,4.484217748235153e-07
60.730000000000004,7.0237215668836,5.294819932242401,1.6288193514118192,7.617939499542512,4.500912632823783,1.6288189454410014,0.9916570735710982,4.05970817851653e-07
60.75999999999999,7.025316439308346,5.314761510960938,1.6288182441306662,7.616778832636059,4.520887464452317,1.6288184403154449,0.9899816990434313,1.9618477864469241e-07
60.8,7.026910313500519,5.334702078696784,1.6288265447298023,7.615617771164511,4.540865555609706,1.6288153005852863,0.9883080977590858,1.1244144515920595e-05
60.83,7.027707678469879,5.344669152898055,1.6287414241047509,7.615617771164511,4.540865555609706,1.6288153005852863,0.9958606830806713,7.387648053547302e-05
60.86,7.02930564663332,5.364588109814205,1.628247598800018,7.614480515710728,4.561098696287717,1.62825416950714,0.9939943989021778,6.570707121955621e-06
60.89999999999999,7.0308930798138825,5.3844841367608165,1.6278332931884996,7.613331576559372,4.581273416063973,1.628294477500288,0.9921603017322799,0.0004611843117885428
60.92999999999999,7.03168820027874,5.394432613495981,1.6277149844764682,7.612173742637592,4.6019155558118685,1.6276888205325577,0.9823679308731191,2.6163943910528786e-05
60.959999999999994,7.033282805835011,5.414352964607801,1.6276548945146678,7.61092371656749,4.622575098205191,1.627710139157502,0.9800924504744015,5.524464283412911e-05
61.0,7.034808829766822,5.433238241046863,1.6278793062526442,7.609666861767537,4.64322121155347,1.627983639880622,0.9770305337323386,0.00010433362797779289
61.03,7.035545998649727,5.4421794812254465,1.628204985756263,7.608543087053569,4.663298747003029,1.6296637180015454,0.966944083937707,0.0014587322452823681
61.06,7.037009382167339,5.460053075313561,1.6305004976281654,7.608543087053569,4.663298747003029,1.6296637180015454,0.9805448666443298,0.0008367796266199878
61.099999999999994,7.038423317925272,5.477040594231289,1.6345563699494556,7.60799846953094,4.682209153487848,1.6337539721928982,0.9778409239344168,0.0008023977565574381
61.129999999999995,7.039091005525842,5.485099924169749,1.6350191168672548,7.6074338694142645,4.699086672579679,1.6349226378925266,0.9699641450116017,9.6478974728198e-05
61.16,7.040347150684631,5.501011937601817,1.6345078926167944,7.606424669085104,4.714581277436834,1.6342625362526884,0.9689772649995296,0.000245356364106053
61.2,7.041560717576068,5.515980424250861,1.6339800729051153,7.605427717836128,4.7288571260639385,1.6338996696353816,0.968250525706512,8.04032697336865e-05
61.230000000000004,7.042153045800995,5.522935997006987,1.6337993549361307,7.60453191739397,4.742436825757591,1.633440711094865,0.962002573559542,0.0003586438412657156
61.25999999999999,7.0433137946867355,5.536798252306988,1.6332408759043437,7.60453191739397,4.742436825757591,1.633440711094865,0.9726129020553994,0.00019983519052124699
61.3,7.044389828259973,5.549774769060516,1.6334303152716187,7.603751562154649,4.755512847800858,1.633435131993192,0.971461552975073,4.81672157315316e-06
61.33,7.044898289560731,5.555707381373277,1.6333706009879214,7.603081285201885,4.767474830026957,1.633293070336949,0.9658565171001647,7.753065097237943e-05
61.36,7.0458781529746535,5.567529493965576,1.6329923778348927,7.602380460502712,4.779241444076993,1.63289575309386,0.9649315353335693,9.662474103278029e-05
61.39999999999999,7.046780121541621,5.578504681845471,1.632918539830296,7.601730344919542,4.789550948195362,1.6328996056651517,0.9645816420954998,1.8934165144202098e-05
61.42999999999999,7.047206336902402,5.583413147734617,1.6328720099033167,7.601730344919542,4.789550948195362,1.6328996056651517,0.9683563741333536,2.7595761834975363e-05
61.459999999999994,7.047329544704331,5.593182204735291,1.6327954903812398,7.601122020545021,4.799375938169971,1.632769802361995,0.9678917786282367,2.5688019244851645e-05
61.5,7.048133057574605,5.602661070199911,1.63293155864996,7.600541575639789,4.808662096213135,1.6328858215211945,0.9672587769170284,4.57371287654329e-05
61.53,7.049123539076856,5.606128844089289,1.6329074171999927,7.600062525615102,4.816630424461726,1.632893873200976,0.9627260885019213,1.3543999016762953e-05
61.56,7.049457364373813,5.610020473484499,1.6328826855114023,7.599569850188825,4.824578723563202,1.632855114057165,0.9589277812061766,2.7571454237262927e-05
61.599999999999994,7.050366407420198,5.620942921914571,1.6331034991636384,7.599203336268506,4.8310841907865445,1.6331023211157485,0.961820559983419,1.1780478899048319e-06
61.629999999999995,7.050632652949344,5.623849136705823,1.633082148653249,7.599203336268506,4.8310841907865445,1.6331023211157485,0.9640570802995274,2.0172462499523647e-05
61.66,7.051129847436033,5.629683494801332,1.6330387723316186,7.598836473707623,4.83704084569749,1.6330503490662467,0.9634650578200354,1.157673462803821e-05
61.7,7.0515551100658955,5.6346609667833585,1.6332707670325077,7.598514036385856,4.842474008853503,1.633233040882146,0.9626651772009012,3.772615036168325e-05
61.730000000000004,7.0517432938152425,5.63657543358997,1.6332532071144015,7.598302579125285,4.846494745450206,1.6332413027188377,0.960705233737189,1.1904395563755443e-05
61.75999999999999,7.051792013221101,5.64033474641089,1.6331869917323405,7.598049587386937,4.8504591930845224,1.6331791764580814,0.9603648926716231,7.815274259082017e-06
61.8,7.052345463853639,5.643419222351169,1.633482450992736,7.5979486377524585,4.85297580895119,1.6334878752230106,0.9604601049267354,5.424230274719832e-06
61.83,7.05245393990724,5.644336756794845,1.633482392350579,7.5979486377524585,4.85297580895119,1.6334878752230106,0.9611537937027836,5.482872431628039e-06
61.86,7.052629880127743,5.646193190498963,1.633376725471156,7.597832714723855,4.8549546654370115,1.6334300567361335,0.9608873682143226,5.333126497752971e-05
61.89999999999999,7.052736628602725,5.647223799889169,1.633518104738528,7.597699912417679,4.856451405680973,1.6335109482646664,0.96036761719049,7.15647386173579e-06
61.92999999999999,7.052764317351433,5.647166791925351,1.6335602727919158,7.597699263224409,4.856528727665844,1.6335392697427642,0.9602409301261867,2.1003049151646636e-05
61.959999999999994,7.052785258825969,5.647014509295712,1.633451560576034,7.5977075840518005,4.856443853790301,1.6334532216312658,0.9601782656755888,1.661055231805264e-06
62.0,7.052784843952091,5.647015495014039,1.633391626297111,7.597692611253525,4.856405868693035,1.6333875852972388,0.9602020912791589,4.040999872279016e-06
62.03,7.052784330641645,5.647023261334375,1.633369474665247,7.5977011686215805,4.856385647744486,1.6333256786831862,0.9602302829723539,4.379598206072366e-05
62.06,7.0527838352466565,5.64703281535648,1.6332836320841282,7.5977011686215805,4.856385647744486,1.6333256786831862,0.9602384307375472,4.20465990580432e-05
62.099999999999994,7.0527835412951845,5.647028994942727,1.6332417141812996,7.597694641952031,4.856346126587853,1.6332410563214887,0.9602642896249689,6.578598108486489e-07
62.129999999999995,7.052783274124209,5.64702861722839,1.6332425047966015,7.597700223946408,4.856343778595711,1.6332426633345987,0.9602692311258927,1.585379971746903e-07
62.16,7.052782707160603,5.647026807169744,1.6332424488657744,7.597702480638942,4.856341639511669,1.633242216992251,0.9602711043669712,2.3187352349296475e-07
62.2,7.052782132113417,5.647025338625941,1.6332419412098473,7.597703534427252,4.856339297688077,1.6332409365854033,0.9602727477303882,1.0046244440786722e-06
62.230000000000004,7.0527819117740265,5.6470221433627845,1.6332405768986642,7.597704153957094,4.856336894412948,1.6332394791218456,0.9602725722068121,1.0977768185593817e-06
62.25999999999999,7.052782288574063,5.647019859698814,1.6332391229632608,7.597704153957094,4.856336894412948,1.6332394791218456,0.960270478024693,3.561585848466109e-07
62.3,7.052782340332859,5.64701818589469,1.6332377684127761,7.59770461298848,4.856334485990933,1.6332380913438096,0.9602713140199807,3.2293103346958674e-07
62.33,7.052782014626214,5.647017379705784,1.6332371478947754,7.597705010418346,4.856332090911054,1.6332368503897885,0.9602730326628348,2.9750498686809124e-07
62.36,7.052782444214963,5.647015200241567,1.6332360264269652,7.597705382563475,4.856329713935529,1.6332357681692855,0.9602731626955902,2.582576796861247e-07
62.39999999999999,7.052782427123161,5.647011818367044,1.6332350566835105,7.597705743129433,4.856327355163141,1.6332348334349982,0.960272534585529,2.2324851234323262e-07
62.42999999999999,7.05278220874116,5.647010820988827,1.6332346230898447,7.597705743129433,4.856327355163141,1.6332348334349982,0.9602718372733453,2.1034515351736616e-07
62.459999999999994,7.052781119017651,5.647008539859687,1.6332338473887096,7.597706097448945,4.856325013271031,1.6332340282745266,0.9602727067541907,1.80885816991605e-07
62.5,7.052780909761297,5.647007224958826,1.633233500607258,7.5977064477150815,4.856322686659261,1.633233334327374,0.9602738573033314,1.6627988408401961e-07
62.53,7.052781389115518,5.6470043145102995,1.6332328790997146,7.597706794910887,4.856320373824395,1.6332327348924645,0.9602732902355656,1.4420725014119284e-07
62.56,7.052780979547331,5.647001863050804,1.6332323407463627,7.597707139518149,4.856318073451071,1.633232215453812,0.9602735938035244,1.2529255077886603e-07
62.599999999999994,7.052780875848821,5.64699922113337,1.6332318731916406,7.597707481800775,4.856315784417126,1.633231763630807,0.9602735563222214,1.0956083373869774e-07
62.629999999999995,7.052781167211845,5.646998190423582,1.6332316620795964,7.597707481800775,4.856315784417126,1.633231763630807,0.9602725423022523,1.0155121055177574e-07
62.66,7.052781246655326,5.6469969206831845,1.633231280312216,7.597707821920475,4.85631350577234,1.6332313689452587,0.9602735209539409,8.863304268302841e-08
62.7,7.052787919796098,5.647070653642589,1.6355987875966194,7.597761338079972,4.856133583870823,1.6344939071836408,0.9605089666292338,0.001104880412978515
62.730000000000004,7.052808435358732,5.647068573996206,1.6389851266539064,7.598670122654567,4.854703749025319,1.6413658802292725,0.9621886496465236,0.002380753575366157
62.75999999999999,7.052892195287965,5.6470209298363,1.650322317651031,7.601100714239536,4.851701715812401,1.6541398898093571,0.9659530177222219,0.0038175721583260103
62.8,7.052933117712158,5.647010162804615,1.6582713168949135,7.605621486345586,4.846716285918808,1.673325520052429,0.9725917551591702,0.0150542031575156
62.83,7.053024456426071,5.647007777456679,1.6792826177044167,7.605621486345586,4.846716285918808,1.673325520052429,0.9725378907290857,0.005957097651987597
62.86,7.053110067526592,5.647125101915524,1.7047334789259814,7.612576183774734,4.839837419044356,1.6983802438306514,0.9821994390882534,0.006353235095329923
62.89999999999999,7.05298120571284,5.647418776420664,1.7299814776872926,7.620269689013134,4.832828508277859,1.723674227716503,0.9926598250347977,0.006307249970789686
62.92999999999999,7.0529069064184515,5.647554820304396,1.7425882249820268,7.628138290098787,4.825985378518797,1.7488857878643924,1.0029294553689678,0.006297562882365604
62.959999999999994,7.052857023308373,5.647733580214281,1.7683152795461026,7.636139622886358,4.819604339131605,1.7749337466781527,1.0129247903505079,0.006618467132050165
63.0,7.052804442038266,5.647913242831638,1.7947115238719549,7.643945150120978,4.81377838274927,1.8008391129990617,1.0223640748564884,0.006127589127106869
63.03,7.05280435181626,5.647905538504492,1.807052538794594,7.648366976905147,4.809640983967428,1.826354198373752,1.0282909626151486,0.01930165957915797
63.06,7.052499287490006,5.647985552678437,1.8329143050977053,7.648366976905147,4.809640983967428,1.826354198373752,1.028532896496843,0.006560106723953352
63.099999999999994,7.0522657057030465,5.647755882650991,1.8613822380566147,7.647138339135625,4.808142187385691,1.8537291964495264,1.028992034606713,0.007653041607088351
63.129999999999995,7.052202205729867,5.6475684632751175,1.8770342216178189,7.639686397961957,4.809447893778697,1.8850158896964009,1.023515395651475,0.007981668078582027
63.16,7.052187979791651,5.6473241390994176,1.9085360647733363,7.628818025520312,4.812454115536913,1.916319150173926,1.0146478038611693,0.0077830854005898065
63.2,7.052509934317902,5.647044602487984,1.9387839515325784,7.617869621963224,4.816341351363808,1.946140352740454,1.0048380306510558,0.007356401207875507
63.230000000000004,7.052694034430321,5.646970273279109,1.9534928703935213,7.608559041203435,4.819949772368245,1.9761743578591127,0.9964681704308126,0.0226814874655914
63.25999999999999,7.052831854141736,5.647027025848509,1.9685634143632416,7.608559041203435,4.819949772368245,1.9761743578591127,0.9964384023430471,0.007610943495871103
63.3,7.053181743141311,5.647230379933761,2.0150781782613207,7.600081849781842,4.823078916530826,2.0075342033590866,0.9891033117286707,0.00754397490223413
63.33,7.052923876718431,5.647154202368702,2.0297403422250286,7.589837786716305,4.826589995239776,2.0359823470190195,0.9806131575551733,0.006242004793990841
63.36,7.052887178894196,5.647011762948544,2.0556901369202953,7.579346666178368,4.830569516155841,2.0631089879599345,0.9714615453528928,0.007418851039639129
63.39999999999999,7.052916610165617,5.646927746369005,2.0847497890854174,7.568741678910184,4.834095508343722,2.0919738917638373,0.9626898507403755,0.007224102678419886
63.42999999999999,7.052937766354141,5.646893836345899,2.0990972047307097,7.568741678910184,4.834095508343722,2.0919738917638373,0.9626498835045147,0.007123312966872408
63.459999999999994,7.05298490163838,5.646873512193771,2.1272026787539793,7.558227590423461,4.837659205481257,2.1204534497196303,0.9539905496172341,0.006749229034348936
63.5,7.053086883186337,5.646816883659167,2.1545455002363343,7.547906974986347,4.841225045227451,2.147704310452247,0.9454232562174267,0.006841189784087209
63.53,7.053052416915723,5.646829776612913,2.1682090124627176,7.538149627546843,4.84463375961136,2.17520815292213,0.9374634677976785,0.006999140459412523
63.56,7.053069448807804,5.646843531491656,2.195173914789542,7.528971414883759,4.847545284296164,2.201769091392641,0.9302474774406781,0.006595176603099162
63.599999999999994,7.053065604713634,5.646869073725297,2.2209829147448494,7.5205250141153694,4.850194311813132,2.2273449840779187,0.9236931177106517,0.006362069333069265
63.629999999999995,7.053075608137005,5.646869023054928,2.2337493984995755,7.5205250141153694,4.850194311813132,2.2273449840779187,0.9236880115502881,0.0064044144216568455
63.66,7.05309461610425,5.646863681450356,2.259434751851774,7.512908313622416,4.8526839819307845,2.2528524718419223,0.9176873277725509,0.006582280009851615
63.7,7.053082415336383,5.646860088875363,2.285729538716351,7.506089031957872,4.854681991363903,2.278824512379817,0.9125574682614379,0.006905026336534004
63.730000000000004,7.05308741290782,5.64688051613734,2.299967625603822,7.500166971255627,4.856665439173774,2.307308018539506,0.9079207010268051,0.007340392935683671
63.75999999999999,7.05310991303851,5.646894843613223,2.330275149275939,7.495395615885216,4.858578408533917,2.3382629610580006,0.9039134055642446,0.007987811782061538
63.8,7.0531317843015335,5.646903851375459,2.363298117195306,7.491916146549428,4.860450331039816,2.3720195449214065,0.9005780677995757,0.008721427726100739
63.83,7.053142260896811,5.646906708306628,2.3809392415228543,7.491916146549428,4.860450331039816,2.3720195449214065,0.9005754582900503,0.008919696601447757
63.86,7.053152481577003,5.646905846393565,2.418896018179636,7.489668853618462,4.862200251697332,2.409053050070747,0.8979473333151599,0.009842968108888961
63.89999999999999,7.053134260049013,5.646885621059851,2.460809354793008,7.4884183636156685,4.863637666125681,2.449934552584085,0.8960745558972129,0.010874802208923118
63.92999999999999,7.053133276233889,5.646880473331075,2.483401618841,7.4883594518434995,4.864810587307954,2.495138028240029,0.8950168325567881,0.011736409399028869
63.959999999999994,7.0531428279251696,5.6468751792080045,2.507182390846564,7.489264560320672,4.865804571749898,2.543465367351514,0.8945800463360615,0.03628297650495016
64.0,7.053101537036014,5.6469024954946345,2.5797333269862057,7.490765734218629,4.867122973895168,2.5916550727626184,0.8942069401438323,0.011921745776412696
64.03,7.053094707663917,5.646934217922256,2.6036104902459543,7.492344043531021,4.86869799791205,2.639849672494422,0.8936395208334652,0.03623918224846756
64.06,7.053103348467614,5.647023921460715,2.6518495402427527,7.492344043531021,4.86869799791205,2.639849672494422,0.8937133944770362,0.01199986774833084
64.1,7.052978009281988,5.646912201710294,2.699687252753598,7.493397993940394,4.8703438090764894,2.687695202906554,0.8927643761510433,0.01199204984704405
64.13,7.052945710690121,5.646917450286038,2.7235089272402973,7.494015719525605,4.87203901327215,2.735363874741883,0.8916161420943548,0.011854947501585666
64.16,7.052927596130102,5.646922149149324,2.770836440056225,7.49463112708069,4.873818513490544,2.7826654764945067,0.8903882527993281,0.011829036438281815
64.2,7.052965745007027,5.646919168060565,2.818137953099488,7.495222040570903,4.875781675617431,2.829930383723928,0.8889565024326931,0.011792430624439909
64.23,7.052971910672194,5.646925862976827,2.8416949303228267,7.495685716859499,4.8781648831942,2.876792787839557,0.887123981315574,0.035097857516730446
64.25999999999999,7.052978779807477,5.646942412440984,2.8884279727799167,7.495685716859499,4.8781648831942,2.876792787839557,0.8871348948095615,0.011635184940359533
64.3,7.052961137884753,5.646967541069303,2.933714391943831,7.496129753831168,4.881041257581176,2.9227031223983855,0.88489631816264,0.011011269545445401
64.33,7.052954160550641,5.646981015812186,2.955139448582924,7.496828251264364,4.884697557638604,2.965628965103916,0.8820999257521843,0.010489516520991948
64.36,7.052998531897892,5.6470210125486195,2.995455133663462,7.49753668454309,4.889248277866736,3.0050593983227807,0.8785406573315009,0.00960426465931885
64.39999999999999,7.0529865056578736,5.647004969833611,3.0331354426219224,7.497993125856938,4.894503203558124,3.042000963910493,0.874236695791661,0.008865521288570655
64.42999999999999,7.052975527573938,5.647004296177106,3.0507712669071974,7.497993125856938,4.894503203558124,3.042000963910493,0.8742417040923697,0.008770302996704338
64.46,7.053007155338431,5.647008465888666,3.0843270141984376,7.498209132818653,4.900650762314813,3.076317667762956,0.8690538662455486,0.008009346435481568
64.5,7.053151493463888,5.646956478815392,3.112825239001015,7.49764190653721,4.90753220982957,3.106634282843637,0.8627398083311733,0.006190956157377858
64.53,7.05325606019262,5.646901739712214,3.1252347033139585,7.496519892036166,4.914114573700074,3.131411820609863,0.856422708300479,0.006177117295904644
64.56,7.053362348386445,5.6468369159996294,3.1373411518003507,7.495157828413058,4.92072229534776,-3.128235157522351,0.849956286226741,0.0176089978568843
64.6,7.053582936202615,5.646698511675863,-3.1121754193732483,7.49350618443158,4.926548495452134,-3.1072425716257124,0.8438889205335983,0.0049328477475358845
64.63,7.053651946643109,5.646650531664669,-3.102302043189096,7.49350618443158,4.926548495452134,-3.1072425716257124,0.8438120010155793,0.004940528436616187
64.66,7.053711027389317,5.6465978326358055,-3.0832861313180224,7.491793468070536,4.931640164331349,-3.0880079636332893,0.8384990711387569,0.004721832315266905
64.7,7.053644519257995,5.646421537100119,-3.0661282533582486,7.489925902139871,4.936201357854452,-3.070167845159962,0.8335191347875998,0.004039591801713538
64.73,7.053756421345554,5.646602512828307,-3.0584638193763807,7.487862365111947,4.9400687890290165,-3.0546206622940373,0.8292393341364134,0.003843157082343396
64.75999999999999,7.0537725708891585,5.646580956344897,-3.0513220817757554,7.485774409152643,4.943423989302919,-3.040614793087923,0.8252607518613149,0.010707288687832328
64.8,7.053805030296984,5.646591511482198,-3.03137073431629,7.483604974593471,4.946284154058256,-3.0283665004241924,0.8216802218499407,0.0030042338920974743
64.83,7.053808161812954,5.646597495676451,-3.0261061568622822,7.483604974593471,4.946284154058256,-3.0283665004241924,0.8216836841052237,0.002260343561910183
64.86,7.053814592200343,5.646611237181435,-3.015356722758028,7.4814139915368845,4.948668035938353,-3.0180271176020614,0.8185144827517792,0.002670394844033641
64.89999999999999,7.053844897456851,5.646614371726487,-3.0059600786906713,7.479512843121091,4.950920170976286,-3.0082781935925413,0.8155878989560086,0.002318114901870061
64.92999999999999,7.0538472243259545,5.646616398322167,-3.001319786961538,7.47785156197393,4.952985454530572,-2.9989962575145244,0.8129597557871588,0.002323529447013417
64.96,7.053869013814878,5.646631806328189,-2.9930870322046483,7.4763080556353705,4.954762220360296,-2.991237510807013,0.8106406528429229,0.0018495213976352787
65.0,7.053867682743654,5.646623260254946,-2.986331869338778,7.474871745657293,4.956121455986834,-2.9850395809478902,0.8087256411709167,0.001292288390887908
65.03,7.053869393825625,5.646612929576902,-2.9836945914686384,7.473440677522161,4.9570080553206965,-2.980334069579183,0.8072143115063531,0.003360521889455459
65.06,7.053881909447002,5.646601438618291,-2.98144848977868,7.473440677522161,4.9570080553206965,-2.980334069579183,0.8071979894403651,0.001114420199497257
65.1,7.053901514392973,5.646591175118852,-2.975816863300263,7.4721670066373225,4.9575014209893125,-2.9767078868603716,0.806095969006617,0.000891023560108728
65.13,7.053906982883554,5.646596340003823,-2.974000202678154,7.471315520751229,4.957781751472102,-2.973085586344197,0.805416305309841,0.0009146163339570634
65.16,7.053923660117156,5.646611483498672,-2.970356085610931,7.470827564692113,4.957877302809586,-2.969500624154223,0.8050861055187277,0.0008554614567080066
65.2,7.053948475888478,5.646608256729708,-2.9683849112190126,7.470172199837515,4.957522822878767,-2.9681532532276647,0.8050347343584278,0.0002316579913479444
65.23,7.053932916618164,5.646605495838283,-2.9676798370493023,7.469664150112888,4.9571857332471785,-2.9665561680721413,0.805066498839829,0.0011236689771609853
65.25999999999999,7.053929415115806,5.646621279875612,-2.966148737273019,7.469664150112888,4.9571857332471785,-2.9665561680721413,0.8050818236911956,0.00040743079912219926
65.3,7.053938542961237,5.646643623223683,-2.965176714443572,7.46907681761161,4.956906912016809,-2.965386753486715,0.805031998038689,0.00021003904314298438
65.33,7.0539514752318615,5.64664337122869,-2.9654751173518052,7.468248827048529,4.956769874428262,-2.9653967448884146,0.8047159357872526,7.837246339059689e-05
65.36,7.053952642235409,5.646649189383474,-2.9653374096188485,7.467564751698814,4.956681098467967,-2.9652983555777075,0.8044444937821116,3.905404114101785e-05
65.39999999999999,7.0539717210612825,5.646643930964322,-2.9656629370397307,7.466781161354035,4.956648865881097,-2.9656056207009627,0.8040552368052951,5.7316338768043096e-05
65.42999999999999,7.0539841461792685,5.646643150726858,-2.9655759868937235,7.466781161354035,4.956648865881097,-2.9656056207009627,0.804048188143602,2.9633807239193288e-05
65.46,7.0539800707670475,5.646632915132654,-2.9653702731121965,7.466278879446308,4.95657213802937,-2.9654348629901963,0.8038496026836902,6.458987799984328e-05
65.5,7.054003300917001,5.646635955702131,-2.965722570138126,7.465651253084468,4.9565396542099975,-2.9657487361629946,0.8035464777203558,2.6166024868601312e-05
65.53,7.054008956073262,5.646628390104023,-2.965701447590836,7.465003396550373,4.9564743818324635,-2.9657256824033267,0.8032614675411694,2.4234812490586677e-05
65.56,7.054033380145512,5.64661989652791,-2.9661098468257587,7.464252453813441,4.9564056119616415,-2.9660143699737356,0.8029168369266518,9.547685202315748e-05
65.6,7.05404800309271,5.646623743226871,-2.9658957174418927,7.463550371974527,4.956336660610927,-2.9658919005975863,0.8026135100696045,3.816844306392397e-06
65.63,7.054072184007369,5.646619452081314,-2.9661486314201864,7.463550371974527,4.956336660610927,-2.9658919005975863,0.8025974823166449,0.00025673082260002644
65.66,7.05409178436085,5.646609924913067,-2.9661392085884692,7.4626765833876885,4.956214545560743,-2.9661920287378485,0.8022389406073733,5.282014937924018e-05
65.7,7.054088092607576,5.6466128903098545,-2.965865565022596,7.461891862680634,4.956137762465444,-2.9661130731174516,0.8019101053469491,0.0002475080948558528
65.73,7.054113454215994,5.646617788832704,-2.965917636622897,7.461119923991411,4.9560922201430255,-2.9659680041932766,0.8015483937063638,5.036757037935047e-05
65.75999999999999,7.054141461733492,5.646606846664994,-2.966234921547607,7.460317633500352,4.9560502367440895,-2.9662552076606996,0.8011538641338717,2.028611309246031e-05
65.8,7.054135880793034,5.646603169063052,-2.966264068271693,7.459562806988753,4.956057966881988,-2.966246904173121,0.8007644277437629,1.716409857177581e-05
65.83,7.054141580668229,5.6466068726023515,-2.9664968462817094,7.459562806988753,4.956057966881988,-2.966246904173121,0.8007647357013352,0.000249942108588197
65.86,7.054151977892147,5.646605557536885,-2.966679061500752,7.458806177207573,4.956080165353684,-2.966400660056164,0.8003563820407588,0.00027840144458801674
65.89999999999999,7.054169934562383,5.646605597310986,-2.9667788838669273,7.4581045942134985,4.956135817230361,-2.9665246084625188,0.7999448271425025,0.0002542754044085882
65.92999999999999,7.054170832939429,5.646604263243487,-2.9667102651210437,7.4573656799211925,4.956141680881759,-2.966700506975329,0.7995652958165925,9.758145714577893e-06
65.96,7.054192614188858,5.646593076235727,-2.967030640558559,7.456566461863001,4.956056759346967,-2.96705179793983,0.7992153140639818,2.1157381270953124e-05
66.0,7.054203039117776,5.646590387857943,-2.9669978378367032,7.455888848760678,4.9559566611243655,-2.966680703553976,0.7989533366664058,0.0003171342827270607
66.03,7.054218532585057,5.646587003709041,-2.9669621963132493,7.455071804111226,4.955859343317912,-2.966895957815868,0.798616332241356,6.623849738129906e-05
66.06,7.054227280065167,5.6465848429607695,-2.9669823261272255,7.455071804111226,4.955859343317912,-2.966895957815868,0.7986100727605349,8.636831135744316e-05
66.1,7.054232807696055,5.646586210707611,-2.9668888916844716,7.454395180221903,4.95572096371865,-2.9668727523739875,0.7983888237460699,1.6139310484053482e-05
66.13,7.054246914135776,5.646588497333523,-2.967241686964225,7.4536007646860645,4.955641945669725,-2.967285377869095,0.7980542808640502,4.369090486999738e-05
66.16,7.054248040725014,5.64658548080141,-2.967202348448414,7.452921793034344,4.955586564065044,-2.9671624955271394,0.7977595274963708,3.9852921274619035e-05
66.2,7.05330701608179,5.6466989000506755,-2.9680977945713587,7.451282316307012,4.955414869987324,-2.9681922074421245,0.7976577899136844,9.441287076583649e-05
66.23,7.052290205272527,5.646819013036227,-2.9682071639703596,7.4490437306514625,4.955010330937814,-2.968056544432743,0.7975039890353884,0.00015061953761641433
66.25999999999999,7.05121709507741,5.646961137728537,-2.96811492657815,7.4490437306514625,4.955010330937814,-2.968056544432743,0.7981616070636967,5.838214540698772e-05
66.3,7.047245066685135,5.647560315708324,-2.9678445366730757,7.446249537230419,4.954409376048567,-2.967787578769975,0.7997892176482044,5.6957903100673946e-05
66.33,7.045247857897734,5.647862210877834,-2.9678524317303117,7.442236184915371,4.953698346733736,-2.9677849672650995,0.7996644309156988,6.746446521210814e-05
66.36,7.041173110758507,5.648532993197129,-2.967475472640736,7.4379275455911635,4.95288134646879,-2.967355711412329,0.8008403680854448,0.00011976122840717807
66.39999999999999,7.03627717953025,5.6493558280134515,-2.9674541504680554,7.432712104310901,4.951898667580847,-2.967534533474428,0.8022512949347924,8.038300637247531e-05
66.42999999999999,7.0333082050900835,5.649833120600693,-2.9675877382707636,7.432712104310901,4.951898667580847,-2.967534533474428,0.8041367890010406,5.320479633574848e-05
66.46,7.027283499881301,5.6508585109950005,-2.9674253960472603,7.426604673709071,4.950833263625924,-2.9675078007445332,0.8059111283642412,8.240469727294197e-05
66.5,7.0203768783758616,5.65204129649171,-2.967679742399175,7.42014258277736,4.94966597977617,-2.9674850924697944,0.8081730655910783,0.0001946499293805637
66.53,7.016424937210032,5.652709429414351,-2.9682078117156543,7.412748700806611,4.948576766007397,-2.9684768409882745,0.8080070131304105,0.0002690292726201804
66.56,7.008457900739989,5.65410528022502,-2.9691783059153,7.404904047720537,4.947478182142039,-2.969342259704056,0.8102415708916058,0.00016395378875611044
66.6,6.999569154158645,5.65564458080271,-2.970264671800139,7.396688126345722,4.946288701328842,-2.9703950027595374,0.8129509467459055,0.0001303309593985169
66.63,6.994605565495809,5.656489147348549,-2.9704871792130865,7.396688126345722,4.946288701328842,-2.9703950027595374,0.8161219634749539,9.217645354908655e-05
66.66,6.984630714391103,5.6582393658237935,-2.970479789463172,7.388481995034579,4.9449941872099945,-2.9705467497446842,0.8196429354866701,6.696028151242928e-05
66.7,6.973714791972528,5.660140401013601,-2.970989462667671,7.380126013807125,4.943582558418339,-2.9708268286247335,0.8237871223913774,0.00016263404293770378
66.73,6.967771547681389,5.661166658203189,-2.9712749394745823,7.371537947084839,4.9420899925435124,-2.9711780388285267,0.8246808815435611,9.690064605560877e-05
66.75999999999999,6.955870053112856,5.663286373213406,-2.970947162919263,7.362568580500074,4.94052231540349,-2.9708125791964677,0.8293320055567542,0.00013458372279551156
66.8,6.942938541752676,5.6655601714062485,-2.9704914466221566,7.3531276623970925,4.938972315563853,-2.970409614026321,0.8343770292575707,8.183259583560698e-05
66.83,6.935990038014621,5.666767445301325,-2.9703508161247862,7.3531276623970925,4.938972315563853,-2.970409614026321,0.8388620557308784,5.8797901534735075e-05
66.86,6.922089188848207,5.669236590590555,-2.9698019445881516,7.343160775589321,4.937359017989691,-2.969924808511658,0.8443613340488842,0.00012286392350624453
66.89999999999999,6.907195945324772,5.67185384060916,-2.969785453756497,7.3324778928205765,4.935560567483302,-2.969729621626391,0.8502896676522732,5.583213010629251e-05
66.92999999999999,6.899267360941261,5.673231897317059,-2.969882716143102,7.320954869165731,4.93357559283556,-2.9699450614209013,0.8514175258660062,6.23452777994693e-05
66.96,6.883185422824453,5.673215845053909,-2.970110538819629,7.3084380764969055,4.931383652566973,-2.9700629313873037,0.8550759154984063,4.760743232523623e-05
67.0,6.866531276957502,5.679047734660131,-2.970034763143321,7.294850574574774,4.928980962710446,-2.9700667840880888,0.8637462492505386,3.2020944767729986e-05
67.03,6.857607997976743,5.68061342003311,-2.9700925077757883,7.279984877253291,4.926409296821749,-2.970110744728389,0.8644224011537492,1.8236952600947376e-05
67.06,6.8397555169734545,5.68381241506286,-2.9701393802863962,7.279984877253291,4.926409296821749,-2.970110744728389,0.876048727625212,2.863555800702855e-05
67.1,6.820931874504463,5.687152449275478,-2.9703153053359537,7.263652949630048,4.923534452564598,-2.970327429918061,0.8826745692842245,1.2124582107198023e-05
67.13,6.811026026678905,5.688897724727207,-2.970226515908659,7.245672195199856,4.92044243284871,-2.970284135029551,0.8828594607444655,5.761912089186083e-05
67.16,6.79122639045737,5.69244311198059,-2.9704721294956347,7.226340687103077,4.917040553107615,-2.9704461757461678,0.8891420468363004,2.5953749466900433e-05
67.2,6.771548270665521,5.69602480435233,-2.9704380880667967,7.206633149757617,4.913637428766523,-2.970450826614164,0.8952255902791374,1.2738547367163733e-05
67.23,6.761755141103289,5.6978315662267045,-2.9704801403943955,7.186906852699279,4.9102345744459415,-2.970409165078165,0.8950212284270731,7.097531623045938e-05
67.25999999999999,6.742145853498111,5.70143894659873,-2.970411440330416,7.186906852699279,4.9102345744459415,-2.970409165078165,0.9076434899915874,2.275252251049409e-06
67.3,6.722501996754797,5.705038103970512,-2.970414787922062,7.1671848631699175,4.906826239235858,-2.970417278345158,0.9137204346441756,2.4904230957467632e-06
67.33,6.712670249270889,5.706836425343216,-2.970418329714523,7.147476654197474,4.903413691689727,-2.9704196294364196,0.9135341803766432,1.2997218967747415e-06
67.36,6.693003216379088,5.710432311764912,-2.970421382627609,7.127763883127661,4.900006471374989,-2.9704319227975295,0.9196775957493885,1.05401699204144e-05
67.39999999999999,6.673342203355041,5.714027355842219,-2.9705747765631116,7.10791555548713,4.896604723707414,-2.9705661605422335,0.9257611775774108,8.616020878093877e-06
67.42999999999999,6.663502872824389,5.715822386217296,-2.9705526275317777,7.10791555548713,4.896604723707414,-2.9705661605422335,0.9319979673151916,1.35330104558129e-05
67.46,6.643805518147449,5.715935523388266,-2.970526675664875,7.088176279895823,4.89321675241817,-2.970532021885369,0.9350569768754068,5.346220493862575e-06
67.5,6.624138588082093,5.723023225622277,-2.970508595601073,7.068449795657617,4.889819219576648,-2.970512710358697,0.9442676341311852,4.114757623963072e-06
67.53,6.6142961550898995,5.7248208006739025,-2.970500981181216,7.048724332658681,4.886415379873271,-2.9704974282538763,0.9442729960629059,3.5529273398893224e-06
67.56,6.594597332308348,5.724913276223965,-2.970486165912453,7.0289990909649855,4.883007970747997,-2.9704818728008044,0.9473697437181343,4.293111648401293e-06
67.6,6.574929695097577,5.732013725315907,-2.970410024885856,7.009245184576229,4.879606468394309,-2.9703938551196214,0.9566755333203022,1.616976623441957e-05
67.63,6.565089859576702,5.733812493598435,-2.9704310595310845,7.009245184576229,4.879606468394309,-2.9703938551196214,0.9627782123731655,3.720441146315423e-05
67.66,6.545448590971545,5.7374023598471995,-2.970966693865433,6.989222311896048,4.876194759244409,-2.9710138477191967,0.9688207505618339,4.715385376385939e-05
67.7,6.525787888782507,5.740996190978857,-2.970835515356164,6.969147953448875,4.872767495473466,-2.9708409375848874,0.9748790769320868,5.4222287233507416e-06
67.73,6.515966148245374,5.742784911967318,-2.9707650669680388,6.948794549586529,4.869239401682571,-2.970912370647792,0.9748959860139843,0.00014730367975301917
67.75999999999999,6.496299631772692,5.746377422748647,-2.9710277496095183,6.9285273392936215,4.865695906558068,-2.9709363968248708,0.9810304399500219,9.135278464755814e-05
67.8,6.476619022998763,5.749975595081244,-2.9703357956052066,6.908676029182541,4.86220470068273,-2.9701162169276527,0.9873248794260309,0.00021957867755384441
67.83,6.466764967029107,5.751780619057714,-2.969931093929471,6.908676029182541,4.86220470068273,-2.9701162169276527,0.9932928578250585,0.00018512299818151945
67.86,6.44707083292112,5.755389262282842,-2.9699042431699754,6.889210716844355,4.858820266988048,-2.969764550968255,0.9996617629376284,0.0001396922017202762
67.89999999999999,6.427338603727956,5.758990870085337,-2.9703789486171397,6.869930035842702,4.855428869649131,-2.970250508154755,1.0061369014272659,0.0001284404623844715
67.92999999999999,6.4174722210045,5.7607966905204835,-2.970782465501629,6.851005332549947,4.8521701790407405,-2.9706087043829457,1.0067537415724486,0.00017376111868339095
67.96,6.397776821298574,5.76440262362083,-2.9711448097399957,6.831946047467493,4.84896716857519,-2.9710656870225436,1.0131756951816084,7.912271745214028e-05
68.0,6.37804589167756,5.76451872718706,-2.9712803702793025,6.812623522850434,4.845700675328845,-2.971297913546312,1.0164075609401728,1.7543267009312302e-05
68.03,6.368238199609809,5.769792447323904,-2.9710104040447423,6.793255378858767,4.842368989801399,-2.971021263279825,1.020173452026536,1.0859235082705254e-05
68.06,6.348560143800927,5.773382132290079,-2.9710326127229565,6.793255378858767,4.842368989801399,-2.971021263279825,1.0317651494258737,1.1349443131525305e-05
68.1,6.328886386253133,5.7769814095716985,-2.9710375786781626,6.773755388837637,4.838976342322228,-2.971035426343243,1.0381531368956196,2.1523349196250763e-06
68.13,6.319064526979718,5.778784815116137,-2.97103046980669,6.754169454753384,4.835601843758104,-2.971003240028914,1.0387061257317665,2.7229777775694686e-05
68.16,6.299384745937124,5.78238677981569,-2.9709801549459978,6.734540520307563,4.832203059673263,-2.9709858692092146,1.0450883455438775,5.71426321682722e-06
68.2,6.279720917091932,5.785984296154894,-2.970968081265855,6.714842674499394,4.828809272657105,-2.9709734156567946,1.0514347195034757,5.334390939637501e-06
68.23,6.269887610307986,5.787783099888582,-2.9709753382301654,6.695132361762725,4.825414543278347,-2.970979170702256,1.0521341822181567,3.832472090792294e-06
68.25999999999999,6.250193711069346,5.787885453393852,-2.9709802172004385,6.695132361762725,4.825414543278347,-2.970979170702256,1.060339877444687,1.0464981823332664e-06
68.3,6.230550198827828,5.794981837353346,-2.9709836531561606,6.675421260496642,4.822018909002079,-2.9709829008594704,1.0698444379704044,7.522966902762107e-07
68.33,6.220714286453804,5.796781761456231,-2.970984979459926,6.65570966349496,4.818622969295517,-2.9709855607474194,1.070521181821492,5.81287493250926e-07
68.36,6.20104082729246,5.800381914238062,-2.970987011591257,6.6359972693358396,4.815226721217434,-2.970987410760015,1.076901973631094,3.991687580473524e-07
68.39999999999999,6.181366793543466,5.803982308340704,-2.9709883744573857,6.616283844264717,4.811830214248398,-2.970988635706805,1.0832906437423975,2.6124941943095337e-07
68.42999999999999,6.171529085234895,5.805782597350256,-2.970988866136614,6.616283844264717,4.811830214248398,-2.970988635706805,1.0889206286748072,2.3042980901166743e-07
68.46,6.151852678424202,5.8093829876580205,-2.9709906821899805,6.596569243655946,4.80843351819398,-2.9709894343231142,1.09529569697496,1.2478668662829762e-06
68.5,6.132176122019892,5.812983597609378,-2.970993340300365,6.576852611436303,4.805039605308597,-2.970992864456309,1.10167521160047,4.7584405615808123e-07
68.53,6.122337490907485,5.814783756747344,-2.9709939829440266,6.55713589867004,4.801643552091438,-2.970994112874178,1.1024984034832273,1.2993015152673593e-07
68.56,6.11249872262913,5.816583927577858,-2.9709940691008065,6.5373973112885535,4.798258976370273,-2.9710618308567827,1.103414934146126,6.776175597611456e-05
68.6,6.0829979455798595,5.821981450155767,-2.9714181857444855,6.517444445538552,4.7948191753378,-2.971296537978451,1.1152605525775487,0.00012164776603462713
68.63,6.073172121796288,5.823779177380903,-2.971197228607018,6.517444445538552,4.7948191753378,-2.971296537978451,1.1207749923369514,9.930937143298735e-05
68.66,6.06333722095852,5.825579935718746,-2.9710764790166033,6.4975107834480905,4.791398269845704,-2.970985666651483,1.1216231097801197,9.081236512020752e-05
68.7,6.033850721991287,5.830974074495865,-2.9712782046133572,6.477272981855444,4.787976320908608,-2.971293815103205,1.133343555384289,1.5610489847883713e-05
68.73,6.02403336518976,5.8327715258430715,-2.971722576827543,6.456957756244704,4.784514030296205,-2.971806309402746,1.1341372515443102,8.373257520322142e-05
68.75999999999999,6.004375690625558,5.836369657726207,-2.971814675409088,6.436771441873072,4.781027913806044,-2.9718133486521414,1.1404877387141665,1.3267569465291729e-06
68.8,5.9847354296310815,5.839961473251437,-2.971792293270656,6.416445676471786,4.777497582510728,-2.9717077506304412,1.1468231146759935,8.454264021473534e-05
68.83,5.974894605092706,5.84175910512211,-2.97159045175331,6.416445676471786,4.777497582510728,-2.9717077506304412,1.1522239092932893,0.00011729887713141096
68.86,5.955200839388314,5.845362795853138,-2.9708542157318742,6.39632651434822,4.774035490693867,-2.971009384982014,1.1585914102429111,0.00015516925013958627
68.89999999999999,5.93552544311712,5.848977206061042,-2.970951117901373,6.3766406404542435,4.77071883188891,-2.970835202545183,1.1649994587097874,0.0001159153561900439
68.92999999999999,5.925692109555651,5.850776817231637,-2.971188178788128,6.357135961350362,4.767355971850613,-2.9712751624795475,1.1661665942126749,8.698369141946216e-05
68.96,5.915849875485443,5.852571794831611,-2.9713402938503424,6.337714839053889,4.763963842890413,-2.971632249217753,1.1674918931265503,0.0002919553674107789
69.0,5.886289244759968,5.8579741283992774,-2.9715021813493423,6.3183980544747165,4.760696636919193,-2.971391844005012,1.1792946691738764,0.00011033734433008036
69.03,5.876443600179254,5.859778922014392,-2.971347952342775,6.299061246973287,4.75734611952769,-2.9714934230155885,1.1806624239724115,0.0001454706728134525
69.06,5.856772169924977,5.863377706371056,-2.9714947905979576,6.299061246973287,4.75734611952769,-2.9714934230155885,1.191186592760135,1.3675823691272626e-06
69.1,5.837072472511297,5.8669802181986155,-2.9715078090792706,6.279721262276625,4.754005721828471,-2.971641518738569,1.1977688343963064,0.00013370965929837553
69.13,5.827246451067067,5.868781518193774,-2.971592664744299,6.260309205623677,4.750689416003404,-2.97152605986422,1.1990301490640844,6.660488007881327e-05
69.16,5.807552243017534,5.872382583781035,-2.9715748452295614,6.24078349780138,4.747328893826127,-2.9715880621501713,1.2055849722863747,1.3216920609959715e-05
69.2,5.787874334231265,5.875982289668851,-2.9713904557192854,6.221171719768112,4.74397947571142,-2.971365649980038,1.2120961162880644,2.480573924756868e-05
69.23,5.778042310409489,5.877782114342843,-2.971368064138371,6.201464733280191,4.7406142418042485,-2.97137980190418,1.213440282223912,1.173776580909447e-05
69.25999999999999,5.758376286250719,5.881385766977406,-2.9713833488476755,6.201464733280191,4.7406142418042485,-2.97137980190418,1.2238002469916733,3.5469434953583345e-06
69.3,5.738711781902857,5.884986765621833,-2.9713959664114307,6.181754796316267,4.737233335125936,-2.971392245069348,1.2302947004013396,3.7213420824855348e-06
69.33,5.728878813020476,5.886786897551579,-2.971401343985093,6.162044261630038,4.733843395068718,-2.9714032089455453,1.2316294190163568,1.8649604522913421e-06
69.36,5.709209192997872,5.890389400213344,-2.97140651049016,6.142330361777413,4.7304585022623185,-2.9714075455211844,1.2381573546469884,1.0350310244433558e-06
69.39999999999999,5.689538791602187,5.8939929736268635,-2.971429730883655,6.122618116727511,4.727070389911291,-2.971429986905188,1.2446951507242379,2.560215328628601e-07
69.42999999999999,5.679702436472112,5.895793874161736,-2.971430237236997,6.122618116727511,4.727070389911291,-2.971429986905188,1.2498355421632894,2.5033180905964514e-07
69.46,5.660012631207152,5.895902038373584,-2.9714514946800654,6.102904099153344,4.723683169236877,-2.9714512226750758,1.2530961373891756,2.720049896431931e-07
69.5,5.640357965209546,5.902998710260207,-2.9714681321907275,6.08318751889911,4.720296436047596,-2.9714697068422034,1.2628866469515712,1.574651475877431e-06
69.53,5.6305195356373705,5.904799695455193,-2.9714731509873253,6.063455345755234,4.7168928701084685,-2.971453026989674,1.2643401604741278,2.0123997651388947e-05
69.56,5.610854641209276,5.9084025857724205,-2.9714536506620046,6.043558683905157,4.713474307792382,-2.9714729695627464,1.2708604872611702,1.9318900741804867e-05
69.6,5.59111502120495,5.908501681865668,-2.971600993329816,6.023517113130252,4.710099220063037,-2.9715355478194945,1.2740251290912532,6.544551032172663e-05
69.63,5.581349327648892,5.913802200941951,-2.9714004630756765,6.023517113130252,4.710099220063037,-2.9715355478194945,1.2823467614862498,0.0001350847438179592
69.66,5.561676062219684,5.917406570568029,-2.971622380083718,6.003369179693823,4.70665841089006,-2.9716515209821024,1.288799408824978,2.914089838457201e-05
69.7,5.542017910762735,5.921006950440667,-2.971224253274793,5.983310023927556,4.703230498086687,-2.9712884651678313,1.295267623716936,6.421189303829067e-05
69.73,5.532198773788134,5.922804646042048,-2.971605007552812,5.963000652629736,4.699817709218338,-2.97147512753196,1.2966446338356916,0.00012988002085201344
69.75999999999999,5.512548079237188,5.9264017048018385,-2.9717404606825273,5.942670025475277,4.696406554985565,-2.971790679975196,1.303032216488602,5.02192926687961e-05
69.8,5.492892135496984,5.929999712847341,-2.9717822437487627,5.922333221025677,4.692899040041769,-2.97178568181716,1.3095181253407917,3.4380683975321347e-06
69.83,5.4830678838620335,5.931796003187561,-2.971855883838884,5.922333221025677,4.692899040041769,-2.97178568181716,1.3144655650588017,7.020202172380863e-05
69.86,5.463403109661133,5.93538823766241,-2.9715133815955235,5.901894357694658,4.689328704912663,-2.971644313529086,1.320961367246793,0.00013093193356272792
69.89999999999999,5.4437082962565935,5.938998048889844,-2.970619012374598,5.881709816286211,4.685830664710656,-2.970831230608148,1.3275066193125986,0.00021221823355022096
69.92999999999999,5.433866902563292,5.94080819707788,-2.970453709310919,5.8620252098970695,4.682497210204622,-2.970507865870064,1.3291599135637808,5.415655914520201e-05
69.96,5.414196390108835,5.944417003402281,-2.9709505425353293,5.8425195575523245,4.6791874070506605,-2.971069090453502,1.33576445051248,0.0001185479181726734
70.0,5.3944818647033195,5.948014488415006,-2.9709582007460362,5.823258212832715,4.675895187598811,-2.9710619823921816,1.3424368410559453,0.00010378164614532892
70.03,5.384638584697793,5.949815492567728,-2.971193271870091,5.804176141002712,4.6726408252732226,-2.9711154239009985,1.3443165147870249,7.784796909238167e-05
70.06,5.364935850465455,5.953425804907116,-2.9711457377344628,5.804176141002712,4.6726408252732226,-2.9711154239009985,1.35400967385283,3.031383346430161e-05
70.1,5.345250353005552,5.95702195939986,-2.971250440312181,5.784798909432483,4.669327739212672,-2.9712128404552707,1.3606466617606825,3.759985691020873e-05
70.13,5.3354092423695585,5.9588194117622155,-2.9713120351422786,5.765292669504773,4.665946147909673,-2.9713429632065127,1.3624687289293078,3.092806423410366e-05
70.16,5.315744268856932,5.962423295256173,-2.97101901060668,5.745789694033308,4.662625578215303,-2.971008438187847,1.3690920980488444,1.0572418832843766e-05
70.2,5.296084434484636,5.966027216393748,-2.971037123854653,5.726232796242385,4.6592804419671126,-2.970984830204441,1.375723353584321,5.229365021230947e-05
70.23,5.286248160758567,5.967827650238922,-2.970943462176646,5.706633003733931,4.655907671878109,-2.9710841093277867,1.3776274699009372,0.0001406471511407048
70.25999999999999,5.266585592111138,5.971429250542011,-2.9710799551106026,5.706633003733931,4.655907671878109,-2.9710841093277867,1.3871693293921563,4.154217184026976e-06
70.3,5.246881637213482,5.971524647119906,-2.9710455648414738,5.686958657883923,4.652529003750239,-2.9710475918772183,1.39047376507086,2.0270357445895115e-06
70.33,5.237078487258634,5.976832966532068,-2.9710455535499065,5.667245110019803,4.649141465095533,-2.9710461400389314,1.3956389383807513,5.864890249007715e-07
70.36,5.217408825040591,5.980438224461114,-2.971048439812558,5.6475330370869,4.645749949919818,-2.971049293068545,1.4022837187910586,8.532559867546752e-07
70.39999999999999,5.207574244464142,5.9822406996775,-2.971050184674231,5.6278242259219775,4.642351896439873,-2.9710710261185342,1.4042478598726331,2.084144430325452e-05
70.42999999999999,5.1879067351876635,5.985845313092292,-2.9710710924857158,5.6278242259219775,4.642351896439873,-2.9710710261185342,1.4136838257695266,6.636718152819299e-08
70.46,5.178070773645744,5.98764777150307,-2.971071098685168,5.608111638361713,4.638957824168032,-2.9710884855005557,1.415591649935901,1.7386815387876453e-05
70.5,5.148563831073209,5.9930547757600054,-2.9710924729206782,5.588398320531283,4.63556142266654,-2.9710922042532766,1.4269697200045224,2.6866740165942815e-07
70.53,5.138726466074186,5.994857615289544,-2.9710930904428214,5.568683688039892,4.632168082354899,-2.971110903779479,1.4289107655448992,1.781333665773488e-05
70.56,5.119053005905603,5.998460763900738,-2.971114943742608,5.5489477346645195,4.628761416743211,-2.971149673518144,1.435578552158835,3.472977553586887e-05
70.6,5.099410363227632,6.002059043314295,-2.9710998017135526,5.528996483033239,4.625282877665491,-2.970988513762638,1.4422402173799835,0.00011128795091464028
70.63,5.0895744602275,6.003859179850572,-2.9709038268346597,5.528996483033239,4.625282877665491,-2.970988513762638,1.4469154553991674,8.468692797825028e-05
70.66,5.069907901435357,6.007474509806501,-2.97098049121223,5.50897066426766,4.621910516476013,-2.971033740802357,1.4534660950018288,5.3249590127091295e-05
70.7,5.050248668837477,6.011071090604754,-2.9711704321463435,5.488896147400608,4.618500850308865,-2.9710983054406164,1.4600217411420773,7.212670572709357e-05
70.73,5.040419962832807,6.012874075605929,-2.971090287301736,5.468793820802503,4.6150684222632625,-2.9710266620196872,1.461972915860126,6.36252820487293e-05
70.75999999999999,5.020760097437979,6.016467890648669,-2.970844138842079,5.448654090298893,4.611588341764343,-2.9708008928473526,1.4685979082103728,4.3245994726603953e-05
70.8,5.001089832187301,6.020069414682368,-2.97073753854479,5.4283733495866215,4.608074601975422,-2.970739814522315,1.4752289840402606,2.275977525112438e-06
70.83,4.99126171099358,6.0218730875246225,-2.9708012594951243,5.4283733495866215,4.608074601975422,-2.970739814522315,1.479828619244373,6.144497280935468e-05
70.86,4.971592933221998,6.025479721248997,-2.971152210918561,5.408134879022645,4.604567950760444,-2.9708415265086865,1.486458586694002,0.0003106844098743622
70.89999999999999,4.951920662133498,6.0290918629467,-2.9713917483918584,5.388085533926642,4.601070808506323,-2.9714280038383327,1.4931456483917889,3.6255446474342534e-05
70.92999999999999,4.942072260910875,6.030904098887863,-2.9712067840427028,5.368483684805075,4.597735153431394,-2.9711077985500056,1.4952591509996809,9.898549269715673e-05
70.96,4.922379788614051,6.034516641745005,-2.9708832395300115,5.34902693529712,4.59441981343948,-2.9708757034704396,1.501967597076727,7.536059571933151e-06
71.0,4.902682962150654,6.03810852222175,-2.970679205196231,5.329718919234372,4.591052587934509,-2.9706469224896384,1.5087513332548625,3.228270659283439e-05
71.03,4.892840865975982,6.03990715846367,-2.970575686304807,5.310533086449687,4.587724808705651,-2.970426710530355,1.511059352902121,0.0001489757744521647
71.06,4.87315323513907,6.043513302311384,-2.9702999680658273,5.310533086449687,4.587724808705651,-2.970426710530355,1.520072785246597,0.00012674246452748505
71.1,4.853467831896081,6.047114451122188,-2.9700802673761655,5.291288099449736,4.58437371479351,-2.9701164587820137,1.5268585554648202,3.6191405848207125e-05
71.13,4.843619516194711,6.048915226564173,-2.9698468701395777,5.271924200562129,4.581081623310672,-2.9697792881227865,1.5290455812340027,6.758201679124554e-05
71.16,4.82396035696644,6.052518282103012,-2.9697516829119635,5.2524906181095385,4.5777045171204795,-2.9697925402769023,1.5358104785738782,4.085736493886216e-05
71.2,4.805258759619319,6.056004331524878,-2.9694047498205416,5.234206922010459,4.574610472117928,-2.969378746803679,1.5422465084114654,2.6003016862397033e-05
71.23,4.796471371957836,6.0576907827852455,-2.9693930314291284,5.216541040919549,4.571584700479859,-2.9695365824475877,1.5443347482481473,0.00014355101845930918
71.25999999999999,4.7789514082123095,6.060992704184855,-2.969573089260108,5.216541040919549,4.571584700479859,-2.9695365824475877,1.5523597805126745,3.650681252054255e-05
71.3,4.761787009625865,6.061102177162047,-2.9692106921773824,5.199421911270579,4.568620690988859,-2.969286520842051,1.55532160459093,7.582866466870897e-05
71.33,4.7544374084979975,6.065629989893024,-2.9692492412679887,5.1836405228156295,4.565916202347098,-2.9693192688901635,1.5599220358387471,7.00276221747842e-05
71.36,4.738836563080761,6.068560761448544,-2.9693716735348845,5.167960272532921,4.5631473273181875,-2.9693908826704742,1.565380709499812,1.9209135589726145e-05
71.39999999999999,4.72407326649307,6.071333318575665,-2.9689753655619064,5.153519820716549,4.560625700080092,-2.9689626271344287,1.570560998979341,1.2738427477732017e-05
71.42999999999999,4.717254059889367,6.072661731560636,-2.9689644492630247,5.139782312133497,4.55823641312029,-2.9690255397330727,1.5722640265164194,6.10904700479864e-05
71.46,4.703632969832703,6.075235891349792,-2.9690457187442973,5.139782312133497,4.55823641312029,-2.9690255397330727,1.5784529342802711,2.0179011224641386e-05
71.5,4.6908542160503846,6.077645669792638,-2.968772776775049,5.12640047067546,4.555902706117149,-2.9688476247667883,1.582846229870037,7.484799173917978e-05
71.53,4.685015269719011,6.078787811206507,-2.9687238447156186,5.114409860018872,4.553801048708468,-2.968744393999799,1.5842866975307954,2.0549284180493288e-05
71.56,4.673358830784619,6.081004172031287,-2.9688074182019335,5.102611383062132,4.551731321532122,-2.9688252369139834,1.588374390661912,1.7818712049866292e-05
71.6,4.662105049121169,6.081092060846261,-2.96863027975911,5.091988922846186,4.54990215402793,-2.9686227701364447,1.59039073049083,7.509622665491378e-06
71.63,4.65775745222777,6.0840101490968035,-2.968655426312133,5.091988922846186,4.54990215402793,-2.9686227701364447,1.5943789733340283,3.265617568848356e-05
71.66,4.648048732922817,6.085862750077647,-2.9687443942964684,5.082075841348332,4.548140190993619,-2.968722118300184,1.5978016771690238,2.2275996284459865e-05
71.7,4.639251550344032,6.087551216369432,-2.968675906892251,5.072549646366211,4.546482084153558,-2.9687070476528756,1.6008251966673412,3.114076062482596e-05
71.73,4.635383904634466,6.088332259229379,-2.9686490658722353,5.064294599358029,4.545038714548843,-2.96866251389595,1.601786299448482,1.3448023714612845e-05
71.75999999999999,4.627661206708112,6.089823351228185,-2.9687259818858864,5.056389989901152,4.543624638276098,-2.9687568214085247,1.604536951731831,3.083952263827072e-05
71.8,4.620834242931883,6.091149569224802,-2.9686926053161984,5.049439966464771,4.54243007117783,-2.9686540088051285,1.606933399328054,3.8596511069854955e-05
71.83,4.6179476734060225,6.091750190673276,-2.9686339612284125,5.049439966464771,4.54243007117783,-2.9686540088051285,1.6082843130623632,2.00475767160313e-05
71.86,4.6122088038700335,6.092880754745403,-2.968600333096328,5.04334125554007,4.541352243751604,-2.9686205292644776,1.61031546949958,2.0196168149411164e-05
71.89999999999999,4.607336576461315,6.093837883720878,-2.9683275746371303,5.037398643744842,4.540301055837066,-2.968436881472049,1.61196465758635,0.000109306834918943
71.92999999999999,4.605422515342845,6.094259169376076,-2.9680976217523853,5.032599289615596,4.539538877966326,-2.96802033452345,1.612338420121313,7.728722893540763e-05
71.96,4.601618449610363,6.095041931573282,-2.967787431110919,5.028427892066198,4.538746893111672,-2.967818434649454,1.6137597550161182,3.100353853513482e-05
72.0,4.598727934854401,6.09563624438009,-2.9676422702738585,5.025010005286753,4.538089629720869,-2.967552386664547,1.614827501750108,8.988360931150297e-05
72.03,4.597801491133825,6.095878022321324,-2.9675044899995333,5.022473081840539,4.537671336687435,-2.967541616455805,1.615039948455617,3.7126456271519004e-05
72.06,4.5959732121230115,6.096295039268375,-2.9675002432076196,5.022473081840539,4.537671336687435,-2.967541616455805,1.6159238797406845,4.1373248185205824e-05
72.1,4.595025721459501,6.096539529157056,-2.966857325864519,5.020279526276709,4.537267090143037,-2.9671848583045928,1.616221314542114,0.00032753244007377447
72.13,4.5950675172803965,6.096597044694554,-2.9664871734962825,5.019120155366594,4.537102271772321,-2.96647058550869,1.6161202265424532,1.6587987592409092e-05
72.16,4.595149393724265,6.0966348231565295,-2.966478871208182,5.018510841770609,4.537072957668065,-2.966567796506992,1.6160037524640085,8.89252988098832e-05
72.2,4.595197334741718,6.096670560163991,-2.966337395877693,5.018299636593659,4.53710444687155,-2.966345341738955,1.6159399801856824,7.945861261848819e-06
72.23,4.595201092596446,6.09666956730468,-2.9663969019076775,5.017977078820786,4.537099758287522,-2.9664374357838685,1.6158581384904358,4.0533876191073404e-05
72.25999999999999,4.5951663757645,6.0966586147390505,-2.966425035297865,5.017977078820786,4.537099758287522,-2.9664374357838685,1.6158566512396293,1.240048600337218e-05
72.3,4.5951535900975005,6.096657996882557,-2.9660827589471443,5.017782952294344,4.537088782341908,-2.9660861880863854,1.6158192079356675,3.429139241006851e-06
72.33,4.595157535084663,6.096655134822112,-2.966060278633663,5.017594398037447,4.537038863905667,-2.9660128535762382,1.6158142887376343,4.742505742472147e-05
72.36,4.595153880814977,6.096649694653043,-2.966038861099771,5.017343471658594,4.536992376472683,-2.9659489129671015,1.6157892810543872,8.994813266971491e-05
72.39999999999999,4.5951521210595,6.096654029796976,-2.9659147036455087,5.017094292641612,4.536993806592417,-2.9660555481183994,1.6157274547416478,0.0001408444728907554
72.42999999999999,4.595155289763808,6.096658234996514,-2.9659657037253173,5.017094292641612,4.536993806592417,-2.9660555481183994,1.6157306865250152,8.9844393082128e-05
72.46,4.595158166804064,6.096658511201184,-2.965798404420612,5.01677550613274,4.536983401700913,-2.965804782934646,1.6156570267285304,6.378514033844596e-06
72.5,4.595164837873988,6.096650744570207,-2.9656670358370727,5.016499775358221,4.5369433183969745,-2.9656986282845668,1.6156145532907193,3.1592447494066533e-05
72.53,4.595168094909919,6.0966541290383045,-2.9656547089334353,5.0163277058725475,4.536917875031668,-2.965671403208967,1.6155966699547404,1.669427553174785e-05
72.56,4.595177742801783,6.096653611299903,-2.9655404480673355,5.016015516809718,4.536903017389833,-2.965717820498552,1.6155266470209548,0.0001773724312164049
72.6,4.595179431277746,6.0966574806598,-2.965502056105313,5.015783928549874,4.536881603819361,-2.965438000346151,1.6154903060987094,6.405575916224038e-05
72.63,4.595172073217182,6.096653868438201,-2.9653729225194856,5.015783928549874,4.536881603819361,-2.965438000346151,1.615488734197981,6.507782666531625e-05
72.66,4.595178716102573,6.096649276496779,-2.965187394436636,5.015474863865135,4.5368229676040155,-2.965284590610452,1.6154587477673554,9.719617381609424e-05
72.7,4.5951964947221144,6.096651415578312,-2.9651639443023545,5.015204421436983,4.536781056941315,-2.965206483106677,1.615426319662285,4.2538804322589385e-05
72.73,4.595193517229859,6.096651732293041,-2.9651079660928352,5.015040455873383,4.53675696777832,-2.9651207366046,1.6154080376947415,1.2770511764959025e-05
72.75999999999999,4.595198051491255,6.096650561014565,-2.965012415332676,5.014767750176665,4.536716332217766,-2.9650327203936038,1.6153741146331484,2.0305060927761076e-05
72.8,4.5952090097149005,6.096647133324511,-2.964971147980687,5.0145367221626405,4.536693342315529,-2.964927022079074,1.6153301707421766,4.412590161306795e-05
72.83,4.595216694529549,6.096645165224864,-2.965102878447631,5.0145367221626405,4.536693342315529,-2.964927022079074,1.6153262752064586,0.0001758563685569925
72.86,4.595206020964239,6.096656794968149,-2.9648243419074074,5.014218120837348,4.53668376124324,-2.964884064137382,1.6152668528106955,5.9722229974745744e-05
72.89999999999999,4.595282089864332,6.09663665932809,-2.9628973939741887,5.014000015232114,4.536624601537341,-2.963923619004266,1.6152282567726541,0.0010262250300772102
72.92999999999999,4.595389075772354,6.096608850350551,-2.9604571574244494,5.012196611260992,4.535923314829578,-2.959045375135201,1.6153847412998856,0.001411782289248542
72.96,4.595709613121039,6.09648022038475,-2.953831484636567,5.007777782850235,4.534231759896516,-2.9515304465648633,1.6156795563482966,0.002301038071703676
73.0,4.596264851813277,6.096316799414058,-2.943434504642628,5.001654383846586,4.532086095541465,-2.9408780564117767,1.6159079081494507,0.002556448230851327
73.03,4.596708542955593,6.096310224367095,-2.9384799291040875,4.994546410477459,4.530780909348896,-2.9319679555508906,1.6152885206722967,0.006511973553196881
73.06,4.597705312220055,6.096400201420496,-2.929975901584011,4.994546410477459,4.530780909348896,-2.9319679555508906,1.615130528772496,0.0019920539668794035
73.1,4.598401407163703,6.0969796148601905,-2.923398696955495,4.987173301909962,4.530337681576496,-2.9252051213424894,1.6141593890528496,0.0018064243869946317
73.13,4.599260423620209,6.096435193952882,-2.9193298899735796,4.980058932068474,4.531130901939024,-2.9169332035425817,1.6109577991472737,0.0023966864309978853
73.16,4.600444712072963,6.096421181703924,-2.9080102188692103,4.974007420435654,4.532895078702772,-2.9024749705431683,1.6075331946324585,0.005535248326042019
73.2,4.600829650062992,6.096281358044275,-2.8927807664364984,4.969261256253255,4.533159536496614,-2.8890053909100004,1.6059550670670761,0.0037753755264979816
73.23,4.600845438503282,6.096181453658927,-2.8866795771729175,4.9669964821970956,4.533630853819584,-2.8801715269479446,1.6048772426127669,0.006508050224972806
73.25999999999999,4.600637730185702,6.096071749846471,-2.8778728384816046,4.9669964821970956,4.533630853819584,-2.8801715269479446,1.604817836625904,0.002298688466340071
73.3,4.600519302082258,6.096040516762721,-2.8623494110700944,4.966064773969625,4.533176371322645,-2.8670800056933627,1.605044494436057,0.004730594623268303
73.33,4.600523590186764,6.096128316597849,-2.8521415183507575,4.966454092621812,4.53468982862937,-2.846774812754133,1.6037441455299708,0.005366705596624666
73.36,4.6005326943880265,6.096308472114158,-2.8303588662224985,4.968995332884594,4.536029811829188,-2.824620078344529,1.6031950017725582,0.005738787877969553
73.39999999999999,4.600571830097681,6.0961776481962335,-2.807442752230414,4.973377050367654,4.537472191917398,-2.8006621742475613,1.6026685345678804,0.006780577982852698
73.42999999999999,4.600478537120802,6.096127087594118,-2.7941588635846912,4.973377050367654,4.537472191917398,-2.8006621742475613,1.6026410655535819,0.006503310662870021
73.46,4.600366101746897,6.096370533515381,-2.767399829824826,4.979517123867516,4.542308387519415,-2.774114468007473,1.5996451641513174,0.006714638182647281
73.5,4.60017448339209,6.096389389238086,-2.7428143163231273,4.986020432772885,4.549001664888251,-2.748778252719199,1.5947682797579488,0.005963936396071734
73.53,4.600097871796796,6.09635244358477,-2.7312185326685228,4.992464457970564,4.557208382034127,-2.7255688399281524,1.5883689685184188,0.005649692740370416
73.56,4.59996591891242,6.096267529640783,-2.7088855634830518,4.998783304391257,4.566122844537338,-2.7033718387346637,1.5812647040614345,0.005513724748388071
73.6,4.599893951138959,6.0961680089319055,-2.686842120055257,5.004952427083564,4.575342283665637,-2.681326067109094,1.5738434660302905,0.005516052946162642
73.63,4.599867873845868,6.0961267340745,-2.6758010355604047,5.004952427083564,4.575342283665637,-2.681326067109094,1.5738102934843106,0.005525031548689441
73.66,4.599720927365524,6.096132667425063,-2.6533799134656184,5.01084379994272,4.584610819751105,-2.658984078495265,1.5664355436314064,0.005604165029646779
73.7,4.599767698165248,6.0960241155322095,-2.63059873008729,5.016379349160814,4.59394981989018,-2.636300846699464,1.5587791560621247,0.005702116612174013
73.73,4.599740141072641,6.09600722404662,-2.6191259365339565,5.021510612239295,4.603196274810026,-2.613410753075405,1.551249451412893,0.005715183458551376
73.75999999999999,4.5996820901086055,6.095972132668168,-2.596216776510139,5.026347932885923,4.612417368432181,-2.590469685136128,1.543689891098653,0.005747091374010971
73.8,4.59962721529071,6.095941154218787,-2.5732638378983457,5.030940247790081,4.621177699362821,-2.567677449274097,1.5365409788816267,0.0055863886242488725
73.83,4.599609284363903,6.095896393353584,-2.5621349675809015,5.030940247790081,4.621177699362821,-2.567677449274097,1.536503051222475,0.005542481693195267
73.86,4.5995773245357015,6.095796318040371,-2.5401538976644034,5.034967706154117,4.628359697497865,-2.545647293069775,1.5306648946503736,0.005493395405371526
73.89999999999999,4.599569648241973,6.095703808561786,-2.518301186906408,5.03842065769438,4.633278937504382,-2.5237959591143255,1.5268518958905806,0.00549477220791772
73.92999999999999,4.599589797476048,6.095668570508734,-2.5071988772672325,5.041890802705204,4.636356529219062,-2.501632028872859,1.5248678018371802,0.00556684839437338
73.96,4.5996296741444915,6.095606181615354,-2.484466235001263,5.0447320361454215,4.635897505184213,-2.4785067093144275,1.526062099885572,0.005959525686835665
74.0,4.599639430042695,6.095545413879701,-2.4604730136196578,5.047205260489578,4.631741783719678,-2.454237707885195,1.5306979585317504,0.006235305734462848
74.03,4.599662693982266,6.095532061464823,-2.4478683714233727,5.049309636193582,4.6244684458138865,-2.4271622641243606,1.5382491781021672,0.02070610729901201
74.06,4.599740411861107,6.095581684884207,-2.4196441087897846,5.049309636193582,4.6244684458138865,-2.4271622641243606,1.5382739189217487,0.007518155334576004
74.1,4.599894792705155,6.095781146561386,-2.3881861421509805,5.051030375449439,4.614805354974286,-2.3961632556678607,1.5481642707687906,0.007977113516880241
74.13,4.599948812576345,6.095872765967185,-2.3721986422968717,5.052821628387449,4.603963472867238,-2.3641735759716207,1.5591302466884096,0.008025066325251018
74.16,4.6000142032527265,6.096058747136411,-2.339910289364104,5.054702100664756,4.593161484421117,-2.331967896284935,1.570172368350079,0.007942393079169108
74.2,4.600047526796418,6.096177852707237,-2.30815445938591,5.056630647368112,4.582834304259126,-2.300194893655795,1.580720355287584,0.007959565730114804
74.23,4.600038091284022,6.096269944122984,-2.2922362293810368,5.058680574787012,4.572886755258905,-2.268410689403633,1.5909271723707155,0.023825539977403665
74.25999999999999,4.60007226835458,6.096339792904181,-2.260502349324989,5.058680574787012,4.572886755258905,-2.268410689403633,1.5909842037680455,0.007908340078643938
74.3,4.6001124750124225,6.096380536220676,-2.229150845293581,5.060833869299275,4.563111847894298,-2.236942455435939,1.600992527701398,0.007791610142358074
74.33,4.6001379677442165,6.096406082932618,-2.2136276942227098,5.063096596655825,4.553494693389326,-2.205840447593168,1.6108712698617877,0.0077872466295416665
74.36,4.600185589949084,6.0964813392512145,-2.1821887184502873,5.065377179046751,4.544462043228467,-2.1741653023273253,1.6202367449833242,0.00802341612296198
74.39999999999999,4.600221036834188,6.096579485535949,-2.1494676854858548,5.067672039131489,4.536469630783365,-2.140981335587986,1.6286353792193269,0.008486349897868894
74.42999999999999,4.600236097461014,6.096633214504518,-2.1323524443013886,5.067672039131489,4.536469630783365,-2.140981335587986,1.6286825250904466,0.008628891286597273
74.46,4.600255279148908,6.096756769968747,-2.0960654775094456,5.069829013754707,4.530169324168786,-2.10545433180411,1.6354496988809168,0.009388854294664295
74.5,4.600253647962432,6.096883449038616,-2.05571562027723,5.071562520110667,4.5263703594530735,-2.0662374146170235,1.6397083330657218,0.010521794339793278
74.53,4.600214478193763,6.096898220205766,-2.0337827740931407,5.072280617284359,4.525954623536441,-2.0224937058529715,1.6403384478796617,0.011289068240169176
74.56,4.600095112384689,6.096844287043002,-1.989068644710235,5.071784558292254,4.52820862160957,-1.9780508431476156,1.6380197752928292,0.011017801562619445
74.6,4.599967292460066,6.096698709192822,-1.946748590862644,5.069377957320345,4.531828380349512,-1.9370950519434624,1.6337580966528484,0.009653538919181637
74.63,4.599917298031576,6.0966305143448265,-1.927943552813254,5.069377957320345,4.531828380349512,-1.9370950519434624,1.6337071430266004,0.009151499130208407
74.66,4.599984562707561,6.096486726955529,-1.8929633363170792,5.066518563734251,4.535754818962802,-1.9013952732981938,1.6289684044635702,0.008431936981114552
74.7,4.600013306189332,6.096459070571523,-1.8768784727848684,5.06255682404708,4.540191589360315,-1.8691684338337695,1.6235501159458239,0.0077100389510988965
74.73,4.600032848920164,6.096353792962109,-1.8475262265995447,5.0584713893801,4.543644362247725,-1.8405607502620678,1.6189726593146727,0.006965476337476906
74.75999999999999,4.600080216614046,6.096256719612951,-1.8206466162884731,5.054521399927512,4.547213413113013,-1.8140752416811852,1.6143270903084055,0.006571374607287961
74.8,4.6001090688458905,6.096271752902519,-1.7956978354447046,5.050578615842237,4.550815186967226,-1.7899151273342975,1.6097698003017709,0.005782708110407153
74.83,4.600121774505237,6.09626797545462,-1.7843516933958259,5.050578615842237,4.550815186967226,-1.7899151273342975,1.6097626183232019,0.005563433938471585
74.86,4.600115193067642,6.096165089287096,-1.763284493270011,5.046843706570931,4.554196524956329,-1.7683791845762546,1.605376410117311,0.005094691306243737
74.89999999999999,4.600104991339331,6.0961149560087975,-1.7440308127744941,5.0434401925146,4.557588270790527,-1.7486147584025473,1.6011278717609772,0.004583945628053199
74.92999999999999,4.600106162069321,6.096097809143677,-1.7352125822550037,5.040034274997913,4.560307526437884,-1.7309733010246895,1.597557052814844,0.004239281230314251
74.96,4.600091929697923,6.096034924010414,-1.7183128676587591,5.036874788266234,4.562667648661309,-1.714209440770746,1.5943633421057586,0.004103426888013129
75.0,4.600079784618471,6.095977900450038,-1.7027943374491645,5.0338440209705935,4.564469482594543,-1.699252076881212,1.5917504348045208,0.003542260567952482
75.03,4.600075694736624,6.095969681990591,-1.6956858350585473,5.031030064767432,4.565871272905484,-1.6857043228387945,1.5896297715296566,0.009981512219752853
75.06,4.600079019323263,6.095971755894459,-1.6889500916420574,5.031030064767432,4.565871272905484,-1.6857043228387945,1.5896308664631915,0.003245768803262994
75.1,4.600053322680983,6.095882975707751,-1.671798744318303,5.02843890619099,4.566715181765618,-1.6742625592844287,1.5880391525995377,0.002463814966125577
75.13,4.600057663491318,6.095891780840259,-1.6669637057209115,5.0261561796578755,4.567114406094923,-1.6646846430859863,1.5870476385454166,0.0022790626349251664
75.16,4.600062308447142,6.095854677793782,-1.6581194951490306,5.024398459867734,4.567202643989618,-1.6560882992741754,1.5864546037804066,0.0020311958748551184
75.2,4.6000623307624835,6.0957846349528015,-1.651079063455771,5.022969118275353,4.566962510717837,-1.6496178083805575,1.5862368166433298,0.0014612550752135522
75.23,4.600058532217399,6.095781313045197,-1.6484034572865878,5.021971517242943,4.566239521353243,-1.645523893094518,1.5866658940890488,0.0028795641920698056
75.25999999999999,4.600034947115162,6.095689411928104,-1.6448247782856324,5.021971517242943,4.566239521353243,-1.645523893094518,1.5865835739067298,0.0006991148088855148
75.3,4.6000076818276225,6.095585112688504,-1.643402011091128,5.021415296729012,4.565047426205083,-1.6436318313006013,1.5874917283699153,0.00022982020947326376
75.33,4.599990614315809,6.095532630587613,-1.643130581850818,5.021186431121998,4.563722452893658,-1.6430808315363377,1.5886624363223982,4.9750314480290214e-05
75.36,4.599972168500065,6.095404297057564,-1.6431132978008582,5.0211782538981495,4.5623202141283095,-1.6431162864873117,1.5898935095494324,2.9886864534311997e-06
75.39999999999999,4.59993060945536,6.095227324012685,-1.643835688351807,5.021342264676886,4.560822561051259,-1.64414210612118,1.591221467852686,0.000306417769373013
75.42999999999999,4.599910477258159,6.095130775264874,-1.6444757433656256,5.021342264676886,4.560822561051259,-1.64414210612118,1.5911336988607578,0.00033363724444557263
75.46,4.599857238232107,6.094934917644059,-1.645724870062766,5.021576989984769,4.559398567419413,-1.6454601189352478,1.5923942451163136,0.0002647511275182257
75.5,4.599776059917953,6.09473658207275,-1.6466920214537546,5.021677092195366,4.558170029170773,-1.6464593309479802,1.5934356756812658,0.0002326905057743467
75.53,4.599743038377191,6.0946421047881945,-1.6470774568815743,5.021685556811215,4.557181138360417,-1.6472318605564615,1.594309164544782,0.00015440367488728235
75.56,4.5997030546891375,6.094450166596142,-1.6474507999126677,5.021789712873201,4.556384030353787,-1.6473993136280483,1.5949309033536467,5.1486284619484124e-05
75.6,4.599676572192422,6.094221969616447,-1.6476963088938568,5.022148783133218,4.5554753541701,-1.6478655197947245,1.5956891663368504,0.00016921090086774448
75.63,4.599669955421447,6.094125841628506,-1.6480474853795373,5.022148783133218,4.5554753541701,-1.6478655197947245,1.595598220862853,0.00018196558481275993
75.66,4.5996239455964485,6.093955610539618,-1.6487407247300916,5.0223377895318775,4.554510716424377,-1.6485783918819656,1.5964265018697703,0.00016233284812594562
75.7,4.599571123885784,6.093795426707057,-1.6494144637503736,5.022386498693147,4.553661465760354,-1.6492475576770638,1.5971178600325253,0.00016690607330982488
75.73,4.59955115294637,6.093721042849573,-1.649709663936645,5.022351114366115,4.553003242161252,-1.6498353141994189,1.597676797332425,0.00012565026277377989
75.75999999999999,4.599519466832847,6.093579040687253,-1.6500580217407326,5.022288192734224,4.552517489667066,-1.650102916114564,1.5980000311742855,4.489437383137229e-05
75.8,4.599489840040758,6.093416452609073,-1.6505715897368203,5.022360461295587,4.552450196163055,-1.6508477584177634,1.5979350943720152,0.0002761686809431563
75.83,4.599482304910314,6.093342290658699,-1.6509610150428138,5.022360461295587,4.552450196163055,-1.6508477584177634,1.5978655706995442,0.00011325662505035083
75.86,4.599483580544059,6.093211361217548,-1.6512327398881566,5.0227639911219395,4.552530216470723,-1.6512549539426602,1.5977686615268696,2.221405450364422e-05
75.89999999999999,4.599465262927298,6.093133022686864,-1.6515775952696314,5.023208121140128,4.5526775512292055,-1.6515010928082878,1.597673642966615,7.650246134360827e-05
75.92999999999999,4.5994460723046195,6.093108935338433,-1.6517083679798625,5.023417582074601,4.552817602207869,-1.6517780955026273,1.5975760488983834,6.972752276479532e-05
75.96,4.599417075731184,6.0930701030672445,-1.651983590736155,5.023453954202292,4.553010791999222,-1.65203524354396,1.5973696991964113,5.165280780494719e-05
76.0,4.599410138511151,6.093058596497484,-1.6521021946737902,5.0233914695171356,4.553200957978575,-1.6523236162184392,1.5971605166502953,0.000221421544648992
76.03,4.599405530209815,6.09303633441913,-1.6523908198198651,5.023374722664027,4.553344932022732,-1.6524351437231148,1.5969970227785852,4.432390324971003e-05
76.06,4.59941588577634,6.093026147181924,-1.6524544512160018,5.023374722664027,4.553344932022732,-1.6524351437231148,1.5969844519247034,1.9307492886921906e-05
76.1,4.599428932951041,6.0930126274235406,-1.6526663488601498,5.023460818465627,4.5533317189216325,-1.6526030225756756,1.597003550383754,6.332628447425215e-05
76.13,4.59942654363165,6.09300590503455,-1.6527540853345044,5.023516982188955,4.553323845355775,-1.6527744764197223,1.5970202080663856,2.0391085217896787e-05
76.16,4.5994152099739,6.0930103834787825,-1.6528427352961463,5.023504137454542,4.553446962640936,-1.652903192961361,1.5969054277550734,6.045766521456386e-05
76.2,4.599415440096561,6.093015714876135,-1.6528716666094132,5.023539497399461,4.553551856406076,-1.6528880163281212,1.5968187710315136,1.634971870800861e-05
76.23,4.599417831577717,6.09301426296396,-1.652919307049305,5.023597859447385,4.55366387632878,-1.652971785090021,1.5967242432171538,5.24780407160641e-05
76.25999999999999,4.599417794832569,6.09300292397464,-1.652994060025081,5.023597859447385,4.55366387632878,-1.652971785090021,1.5967133214274545,2.227493506001821e-05
76.3,4.599415998614752,6.0930042904457755,-1.6530519825841656,5.023661395259343,4.553767689387051,-1.6530524964835247,1.5966319145667047,5.138993590669827e-07
76.33,4.599416884026086,6.093004063495975,-1.653065355780448,5.023696133378381,4.553836804961785,-1.6531527180640413,1.596574060660702,8.736228359329523e-05
76.36,4.599416930144312,6.093006660980328,-1.6530731566148318,5.023704405822492,4.553987611017901,-1.6528882916472818,1.5964333679062876,0.00018486496754999138
76.39999999999999,4.599413389133015,6.092992838836084,-1.6525527023846416,5.02378518357164,4.554394946360187,-1.6524964396369513,1.5960497782482632,5.6262747690327686e-05
76.42999999999999,4.599415888880158,6.093006895242105,-1.6524516401709581,5.02378518357164,4.554394946360187,-1.6524964396369513,1.5960626640327003,4.479946599311724e-05
76.46,4.599413626819584,6.092987814703882,-1.6524801970842125,5.023826473665242,4.554567164542901,-1.652502527730736,1.5958898337320695,2.233064652346073e-05
76.5,4.5994156073712205,6.092983259513613,-1.652375361655573,5.0238718642344535,4.554701273888439,-1.6524256927504548,1.5957677090633444,5.033109488183918e-05
76.53,4.599412685608448,6.092992919779115,-1.6522951357043651,5.023886668813521,4.554810806647683,-1.652290193618248,1.5956761499676113,4.942086117232236e-06
76.56,4.599411402301767,6.0929846818946025,-1.652149936495188,5.0239159732245,4.555048255483918,-1.6521325266392521,1.5954474552347881,1.7409855935790475e-05
76.6,4.599413319260885,6.09299311114175,-1.6521079792488569,5.024002394039382,4.555323056968241,-1.6519815048256998,1.5952131763257291,0.00012647442315705248
76.63,4.599415727472045,6.092992873327953,-1.6520021232035975,5.024002394039382,4.555323056968241,-1.6519815048256998,1.5952123061117829,2.061837789768539e-05
76.66,4.599414352385077,6.092983456484421,-1.6518690541972347,5.024087984415624,4.555487234610704,-1.6519393098722026,1.5950681258234622,7.025567496787843e-05
76.7,4.599226230588267,6.091960655042188,-1.6513863808177274,5.0241247713986175,4.55575365041338,-1.6515280827985053,1.5938854196752594,0.00014170198077789742
76.73,4.599033268921228,6.09091269091229,-1.6509113981102055,5.024147005083835,4.555237569398444,-1.6507644710797436,1.5934301890922922,0.00014692703046192968
76.75999999999999,4.598647344998492,6.08878939768349,-1.6506951118344901,5.024091594668628,4.5539243227321,-1.6506980297444833,1.5927377712237885,2.9179099931830876e-06
76.8,4.598062973272373,6.085768401816926,-1.650106925814186,5.0238941849619065,4.551861356006424,-1.649971151657406,1.5919180399870085,0.0001357741567800108
76.83,4.5976792188777065,6.083767011087282,-1.649672361776993,5.0238941849619065,4.551861356006424,-1.649971151657406,1.590092492084303,0.00029878988041298626
76.86,4.596897643103506,6.079740900499516,-1.6488885515417253,5.023709351250962,4.548956124625403,-1.6490108627045585,1.5891728239117695,0.00012231116283323296
76.89999999999999,4.595917977951437,6.074756679400712,-1.6484413282823334,5.0234203236357144,4.545320242717957,-1.6484597489296824,1.5880598444071317,1.842064734902671e-05
76.92999999999999,4.595337810948859,6.071757261164304,-1.6484279289041615,5.023055418960785,4.540678533218914,-1.648186363712753,1.589699475803624,0.0002415651914084993
76.96,4.5941614347952955,6.0657574674347625,-1.6476680844825347,5.022726485221244,4.5354223133289295,-1.6473857277439161,1.5892116556137887,0.00028235673861853883
77.0,4.592786721828967,6.058803665531819,-1.6470965779564564,5.0223056212804975,4.529162415693565,-1.6471156147389825,1.5888010694208352,1.9036782526127283e-05
77.03,4.592005458806326,6.054820621665358,-1.647099861479062,5.021798802051806,4.521948640730426,-1.6467381159699994,1.5919858126985644,0.00036174550906253877
77.06,4.590427074542691,6.046867823399943,-1.6466893388554251,5.021798802051806,4.521948640730426,-1.6467381159699994,1.5847586822502864,4.8777114574294345e-05
77.1,4.588662094308364,6.037985369632966,-1.6462982037978977,5.0212216878825116,4.51394128404188,-1.6463605189748067,1.5842405678488989,6.231517690902244e-05
77.13,4.587688592446312,6.0330406436317014,-1.6457487836965925,5.020600794727149,4.50480730216488,-1.6456483272755291,1.5883671240788413,0.00010045642106337738
77.16,4.586308454771815,6.02282746169854,-1.645705997096224,5.019843372756708,4.494903110170162,-1.6457454910361897,1.5882397014007628,3.949393996571793e-05
77.2,4.5835452664449035,6.012303680664097,-1.6455073303380405,5.019070776411816,4.483977444109436,-1.6454286228019135,1.5891707130366055,7.870753612704284e-05
77.23,4.582377815978447,6.006374595564776,-1.6452400651956323,5.018179327851642,4.4721888571696695,-1.6452709323693806,1.594882076407501,3.086717374833903e-05
77.25999999999999,4.581198472469154,6.000420398467205,-1.645255192490784,5.018179327851642,4.4721888571696695,-1.6452709323693806,1.5894791322277408,1.573987859671e-05
77.3,4.577445189483475,5.981747758392434,-1.6452182223644956,5.017250204307117,4.459806516522249,-1.6453239379661007,1.584213872799182,0.00010571560160510529
77.33,4.576077930092431,5.974838392253856,-1.6450770162601147,5.016296191152347,4.446238208288846,-1.6450757600228645,1.590726450332828,1.2562372502245012e-06
77.36,4.573300937820035,5.960988055967425,-1.645105870961397,5.015237729418391,4.4322593865606175,-1.6451141186639364,1.5913263249360758,8.247702539376789e-06
77.39999999999999,4.570340468700828,5.946281289272109,-1.6452634916062676,5.014089070113853,4.416970706238312,-1.6453204790592895,1.5923892993345528,5.69874530218506e-05
77.42999999999999,4.568769845699387,5.938389954192322,-1.6453213291391204,5.014089070113853,4.416970706238312,-1.6453204790592895,1.5852525791425314,8.500798309718505e-07
77.46,4.567184833108756,5.930457253365124,-1.6453337820045226,5.01294501617985,4.401005204915633,-1.6453348870469167,1.5930868492702832,1.1050423940339726e-06
77.5,4.562240722996131,5.905927704697531,-1.6456643880880857,5.011696418513999,4.384550637770751,-1.6455477338803233,1.5863790852139292,0.0001166542077624122
77.53,4.560462094077181,5.897041542693051,-1.6456631545037212,5.010360554220351,4.366633701079555,-1.6456258570284643,1.5951666953993482,3.729747525693661e-05
77.56,4.558673824956374,5.8881175464717295,-1.645616081937785,5.009046918819191,4.3486206996065615,-1.6456428676760468,1.6040219653057624,2.6785738261869696e-05
77.6,4.553138491238583,5.860682383271474,-1.6460787730485098,5.007589314310937,4.32938559786088,-1.6461722603899867,1.5973087978221236,9.348734147685e-05
77.63,4.5511641157216625,5.85085516529807,-1.6461741779664492,5.007589314310937,4.32938559786088,-1.6461722603899867,1.588456359660147,1.917576462506787e-06
77.66,4.547182715138168,5.831096954263504,-1.6460427985637172,5.006109507019077,4.309329510237127,-1.6460445012574705,1.5894621587205768,1.7026937533248798e-06
77.7,4.543201960308344,5.811513428126727,-1.6461482187542358,5.004549508612456,4.289225729913261,-1.6462295273218635,1.5906606792330877,8.130856762766925e-05
77.73,4.541213056622171,5.801736975831508,-1.6461526946305842,5.002929840494241,4.269042272639886,-1.6460951927158447,1.6007296591557314,5.750191473952171e-05
77.75999999999999,4.539226112819152,5.791940341280069,-1.6460551538835446,5.001287909592946,4.248800025536476,-1.6462210452353454,1.6108330571822347,0.0001658913518007843
77.8,4.533259107203458,5.7625655731214565,-1.6463535538641783,4.9996360796154224,4.228528111891647,-1.6463087571883188,1.6033647161056495,4.4796675859437585e-05
77.83,4.531266822124568,5.75276832893678,-1.6462535500697522,4.9996360796154224,4.228528111891647,-1.6463087571883188,1.5945776872326816,5.520711856665805e-05
77.86,4.5272907818896355,5.733180540859896,-1.6465708608572582,4.998018487137607,4.208285165967005,-1.6465853135499562,1.595898015807324,1.4452692697952685e-05
77.89999999999999,4.52331093750201,5.713581356288467,-1.646487294443765,4.996463866485025,4.188326623539221,-1.6464998734394294,1.5969582630673786,1.2578995664425108e-05
77.92999999999999,4.521322452980634,5.703783047698147,-1.646462241119974,4.994939862284645,4.168400642621592,-1.6464512140009782,1.6067708549181838,1.1027118995921015e-05
77.96,4.517345889649097,5.684175432760457,-1.6464238097065655,4.993424117961928,4.148461184746079,-1.6464169699719764,1.6078148932721854,6.839734589147994e-06
78.0,4.513369401901314,5.664571458813234,-1.6463913971131627,4.991915735250338,4.128525510259262,-1.6463804002904519,1.608864117702569,1.0996822710884757e-05
78.03,4.511381626852773,5.654771338337018,-1.6463695973810706,4.990404570382203,4.108598140024739,-1.646326158129538,1.6186767866398841,4.3439251532495504e-05
78.06,4.50740493837496,5.635172135113274,-1.6463054294838129,4.990404570382203,4.108598140024739,-1.646326158129538,1.601161080903387,2.072864572522093e-05
78.1,4.50342900945898,5.615578144041496,-1.64623446372759,4.988889757951601,4.088694426611865,-1.6462442071008374,1.602200369766137,9.743373247328435e-06
78.13,4.501442209026355,5.60578121625063,-1.6462438410206126,4.987392397686281,4.068782017244766,-1.6462492316675101,1.6119907331009335,5.39064689752955e-06
78.16,4.49870414203565,5.5860143970642575,-1.6461987338081736,4.985884845923115,4.048872598072824,-1.6461940471660783,1.6124980460288643,4.686642095297344e-06
78.2,4.493487863451574,5.566571755640352,-1.6458392201792647,4.984424825936411,4.029244078062993,-1.6457323871043696,1.6138139574868082,0.00010683307489500748
78.23,4.491504307472854,5.556786629453345,-1.645634501866124,4.982952029767524,4.009452453203713,-1.6456240613118056,1.6235035930784834,1.0440554318424944e-05
78.25999999999999,4.48753008978108,5.537194065100987,-1.6456375651912243,4.982952029767524,4.009452453203713,-1.6456240613118056,1.6060626797676398,1.3503879418674813e-05
78.3,4.4835516314189165,5.517590384261185,-1.645514089961947,4.981477799608686,3.989606769303384,-1.6455027488888212,1.6070670168190422,1.1341073125725742e-05
78.33,4.481562752420606,5.5077957640888435,-1.6455606772932618,4.979977971051321,3.9696855118036476,-1.6455742671994347,1.6168490586160271,1.3589906172839505e-05
78.36,4.477583410455692,5.488194203174239,-1.6456426764187897,4.978502482149873,3.949735459416792,-1.6456510989615214,1.617954023645512,8.422542731700844e-06
78.39999999999999,4.474842483931858,5.46843066288429,-1.645673725882176,4.977005518784256,3.9298009561373646,-1.6456738325556357,1.6185021124658134,1.0667345962112051e-07
78.42999999999999,4.47161219562939,5.458807395861376,-1.6456741454420312,4.977005518784256,3.9298009561373646,-1.6456738325556357,1.6103673816266322,3.1288639545934416e-07
78.46,4.467632496992393,5.439207114088646,-1.6456769865822571,4.9755089925634435,3.9098544189664124,-1.64567618784683,1.6114770246054302,7.987354271321578e-07
78.5,4.463651421835037,5.4196077385959756,-1.6456798879333765,4.9740121646040265,3.8899079368060385,-1.6456792358404202,1.6125909497934954,6.520929562991995e-07
78.53,4.461660278101452,5.409807931252569,-1.6456810216468103,4.972515344045419,3.86996115077837,-1.6456814994008957,1.6223751125240335,4.777540854039586e-07
78.56,4.457678964968998,5.390207577038868,-1.6456825669737634,4.971018563095718,3.8500139167600893,-1.645682816533581,1.6234882365350993,2.495598176999181e-07
78.6,4.455688828692019,5.380407059488549,-1.6456830126112063,4.969521814108993,3.8300662178554825,-1.6456833658415793,1.6332731131498017,3.5323037295142967e-07
78.63,4.451707998825308,5.360805274465036,-1.6456834183358457,4.969521814108993,3.8300662178554825,-1.6456833658415793,1.61594963000972,5.249426648923361e-08
78.66,4.447726780546837,5.341204251994226,-1.6456835134708347,4.968025087812799,3.810118148652647,-1.645683496302601,1.6170760601745127,1.7168233723552362e-08
78.7,4.445735947071509,5.331403602704504,-1.645683593579853,4.966528388908725,3.790169916726428,-1.645683672102064,1.6268454266673085,7.852221095561163e-08
78.73,4.441753876585772,5.311802440865209,-1.645683756204701,4.965032160110529,3.7702218460854278,-1.6456837454741005,1.6279714039903161,1.0730600630282083e-08
78.75999999999999,4.437772697645283,5.292201654924423,-1.6456822854983861,4.963542536027991,3.7502737147878342,-1.6456721225937443,1.6291027271252239,1.0162904641841664e-05
78.8,4.433788868442315,5.2726225647795,-1.6460589865592603,4.961905795724606,3.7300625223103587,-1.6459954469564295,1.6304597429879975,6.353960283078663e-05
78.83,4.431793961268898,5.262816497393905,-1.6459660060582852,4.961905795724606,3.7300625223103587,-1.6459954469564295,1.6218363990132936,2.9440898144272865e-05
78.86,4.427813828535188,5.2432188860612445,-1.64636071262122,4.960222385610732,3.709935156045829,-1.6463403410087118,1.6230889896666938,2.037161250822983e-05
78.89999999999999,4.423836067742115,5.223645159998927,-1.6467566306407881,4.958547427173731,3.6898680058890685,-1.6467872489089692,1.624311730048929,3.061826818107072e-05
78.92999999999999,4.421856582397054,5.213840750932077,-1.6466922100919008,4.957004362517938,3.6698992223398195,-1.6466686828199717,1.634055871223535,2.3527271929113525e-05
78.96,4.417881772663998,5.194236325318988,-1.6466235019384958,4.955487812640796,3.649955215749618,-1.6466111470574767,1.6351832923535938,1.235488101913873e-05
79.0,4.41389969933637,5.174635442304247,-1.6465801325741383,4.953973222930396,3.6300139523961263,-1.6465699787021864,1.6363174991343366,1.0153871951912308e-05
79.03,4.411909467222317,5.16483412067128,-1.6465597682193251,4.952458097377854,3.6100779447292024,-1.6465289352693464,1.6460436167347023,3.0832949978742974e-05
79.06,4.407930667873299,5.145233811347888,-1.6465207514164595,4.952458097377854,3.6100779447292024,-1.6465289352693464,1.6288688272223164,8.183852886922693e-06
79.1,4.403952994112032,5.125635905507549,-1.6464676816464794,4.950937254589229,3.590149702945847,-1.6464870359008437,1.6300029630240376,1.9354254364278844e-05
79.13,4.401965450185222,5.115837686714171,-1.6464323005881327,4.949431925102945,3.570238395582169,-1.646424199902856,1.6396940903432518,8.100685276790642e-06
79.16,4.397991123340897,5.096243681861519,-1.6464567761203013,4.947941159116673,3.550302362660949,-1.6464677890710426,1.640847221486929,1.1012950741351446e-05
79.2,4.396003375696287,5.086444279929818,-1.6464691884724916,4.946430694841917,3.5303696063624868,-1.6464523751648243,1.6505570645632104,1.6813307667229438e-05
79.23,4.392025539703227,5.066846787567383,-1.646447027441128,4.944918953467622,3.510432386613531,-1.6464307278376562,1.6517012182839192,1.6299603471825463e-05
79.25999999999999,4.388048573329634,5.047247394828549,-1.646417031414334,4.944918953467622,3.510432386613531,-1.6464307278376562,1.6345962772960032,1.3696423322162588e-05
79.3,4.384069720956446,5.027628331301409,-1.6458560339719874,4.9434353440905685,3.4907028015225148,-1.6458588694785832,1.6355518898617558,2.835506595744164e-06
79.33,4.382082519801863,5.017838720057826,-1.6457841984405872,4.941954506341533,3.470865563861829,-1.6457921833837061,1.6451694706937887,7.984943118932719e-06
79.36,4.378105230572191,4.998245721396346,-1.6458463465193882,4.940457635472785,3.4509588285131247,-1.64586133445356,1.6463101032872556,1.4987934171761808e-05
79.39999999999999,4.374123974777331,4.9786495411627225,-1.645904628756034,4.938944375425778,3.431021055277474,-1.6459172514577598,1.647475649383668,1.2622701725861774e-05
79.42999999999999,4.372134842092336,4.968853535538917,-1.6459275026030271,4.938944375425778,3.431021055277474,-1.6459172514577598,1.6389636312086782,1.0251145267314854e-05
79.46,4.368156824755026,4.949262517683112,-1.645962389740495,4.937437892849479,3.411082533065217,-1.6459544426344135,1.6401459080124154,7.947106081429567e-06
79.5,4.3641774837585885,4.929668308155466,-1.6459904621260213,4.935935249788523,3.391140937372908,-1.6459839425128848,1.6413328162388738,6.519613136468649e-06
79.53,4.362186795430286,4.919870136272957,-1.6460026205978364,4.93443315164592,3.3711971845016357,-1.6460085245389073,1.6510159913671845,5.903941070917185e-06
79.56,4.358205647884017,4.900272741452316,-1.6460224992620247,4.932931489173539,3.3512529903224,-1.6460258705642525,1.6522021613702524,3.37130222782811e-06
79.6,4.354223682647394,4.880674424786355,-1.6460343360446317,4.9314259844000015,3.3313061581579593,-1.6460369171688567,1.6533918237319274,2.581124225020659e-06
79.63,4.352232530950636,4.8708743828110554,-1.6460394213206784,4.9314259844000015,3.3313061581579593,-1.6460369171688567,1.644911965693024,2.5041518216806224e-06
79.66,4.348250506198873,4.851273591664479,-1.6460488322364928,4.929920916287583,3.3113581834839256,-1.6460465495892427,1.6461105462041874,2.2826472501069617e-06
79.7,4.344267211374094,4.83167298611118,-1.6460579315048185,4.928415979230465,3.2914096478135786,-1.6460556073150139,1.64731324716697,2.3241898046144627e-06
79.73,4.342276144366696,4.821872411268209,-1.6460629398941515,4.926910966462619,3.2714612875050184,-1.6460654920145026,1.6569769243703334,2.5521203510514567e-06
79.75999999999999,4.3382936329314985,4.802270586608725,-1.6460736942661933,4.925405653011751,3.251513931072861,-1.646076783675798,1.6581757231401903,3.089409604584148e-06
79.8,4.334310267944122,4.7826691880803445,-1.6460978773596295,4.923893178861369,3.231572309847509,-1.6461118583051753,1.6593702222558118,1.3980945545721823e-05
79.83,4.332317571159257,4.772868712584592,-1.6461290481033444,4.923893178861369,3.231572309847509,-1.6461118583051753,1.6509258919522691,1.7189798169114923e-05
79.86,4.330325235692595,4.763069406124384,-1.6461774088782628,4.9223776907397765,3.211637864829872,-1.6461943884046735,1.6605619340605333,1.6979526410665358e-05
79.89999999999999,4.324351290594278,4.733671814804915,-1.6462914363754244,4.9208669997724055,3.191693210405079,-1.6462431346056257,1.6533387456063418,4.8301769798753114e-05
79.92999999999999,4.322357612949102,4.7238848301904985,-1.646797536193981,4.919284335681648,3.1715528129354964,-1.6467744575769463,1.6631464770450022,2.3078617034766324e-05
79.96,4.318378414058861,4.704281688418467,-1.646676135409693,4.917749549546348,3.151584185055219,-1.6466595896335539,1.664366334376547,1.6545776139187396e-05
80.0,4.314398946930545,4.684683524850406,-1.6466328672627604,4.9162317756833644,3.1316461602369863,-1.6466268072954549,1.6655713162906045,6.059967305516167e-06
80.03,4.312408299540405,4.674883211018468,-1.6466198977564335,4.914714857661762,3.111704895360747,-1.6465969661787405,1.6752013719247323,2.2931577692952843e-05
80.06,4.308425369716306,4.655280461549206,-1.6465906422815002,4.914714857661762,3.111704895360747,-1.6465969661787405,1.6583764565764871,6.323897240312348e-06
80.1,4.304443378490594,4.635680196011643,-1.6465593277570238,4.913200823457315,3.091767032354016,-1.6465685610439336,1.6595943732483889,9.233286909715588e-06
80.13,4.30245262508723,4.625880876447194,-1.6465396163980084,4.9116851893003375,3.0718414297098438,-1.646523482200819,1.6691922954870746,1.613419718937692e-05
80.16,4.29847252551476,4.606285058849364,-1.6464720163416902,4.910179938583737,3.051934086590417,-1.6464694658062726,1.670387052202535,2.5505354175336947e-06
80.2,4.29573362806026,4.586522892645451,-1.6464833958093763,4.9086818524693285,3.032017560739082,-1.646483274219181,1.670985443602535,1.2159019524560222e-07
80.23,4.292506561016439,4.576894779706751,-1.6465048103794186,4.907165152004008,3.012102289048134,-1.6464542057143556,1.681184321333155,5.060466506301431e-05
80.25999999999999,4.2897607706115135,4.55712473227195,-1.6464319845881072,4.907165152004008,3.012102289048134,-1.6464542057143556,1.6638156509144688,2.2221126248389567e-05
80.3,4.284544851914183,4.537676702292193,-1.645685999516528,4.90569225385542,2.9924104981820565,-1.645782164628809,1.6654343987390492,9.616511228105473e-05
80.33,4.282557301540183,4.527887718008218,-1.645505899819746,4.904235864737131,2.9726600114912007,-1.6455046800038524,1.6748783403748473,1.2198158936271852e-06
80.36,4.278574577903416,4.508288566132198,-1.645593513619143,4.902756956413685,2.952772524356729,-1.6456097744759024,1.6760769069059929,1.626085675932032e-05
80.39999999999999,4.274588793250606,4.48868570457736,-1.645681550991684,4.901279133026731,2.9328366198697657,-1.6457013173797825,1.6773214230892581,1.976638809852993e-05
80.42999999999999,4.272597081942031,4.478890705749715,-1.6457211406519778,4.901279133026731,2.9328366198697657,-1.6457013173797825,1.6689890226787447,1.9823272195296227e-05
80.46,4.268611435288037,4.4593023360042565,-1.6457417500717895,4.899778679455338,2.9129022334208514,-1.6457378464843913,1.6702470977013286,3.903587398212949e-06
80.5,4.264627095208158,4.43970348748718,-1.6457562606967482,4.89827933620359,2.8929554456510047,-1.6457527767940967,1.671509697083022,3.4839026514799087e-06
80.53,4.262634821658026,4.42990516383761,-1.6457628785264722,4.896780269041202,2.873009567960172,-1.6457660006909802,1.6810902250918511,3.1221645080403704e-06
80.56,4.260642265513436,4.420106639994664,-1.6457689892025935,4.895281253704456,2.8530637339818345,-1.6457772156694304,1.6906774129375644,8.226466836847024e-06
80.6,4.254662974520299,4.390708429027309,-1.6457927384452056,4.8937866236636145,2.833113948003475,-1.6457936906345207,1.683620980568422,9.521893151731575e-07
80.63,4.252670122026756,4.380909241930777,-1.645803193130029,4.8937866236636145,2.833113948003475,-1.6457936906345207,1.6753210559694482,9.502495508240116e-06
80.66,4.248684352432021,4.3613140385507,-1.6458232746131776,4.892288748908832,2.813166355878416,-1.6458028475931616,1.6766000914135253,2.0427020015922892e-05
80.7,4.244702394261312,4.341717657360359,-1.6455731736320447,4.890809263364582,2.7931374206997286,-1.6455970614511166,1.677961511977651,2.3887819071921612e-05
80.73,4.242708180023317,4.331916903953974,-1.645549279081432,4.889241091383449,2.7730577649790122,-1.6454894964061733,1.6876156614103728,5.978267525863501e-05
80.75999999999999,4.23872123922345,4.312327210849583,-1.6452749626810044,4.887712243775348,2.752876853715495,-1.6452494658661656,1.6891047156274581,2.5496814838765758e-05
80.8,4.234738143637341,4.29272404844437,-1.6449536793480453,4.8862025243627105,2.732628044524037,-1.6449082467880296,1.6906523536203653,4.5432560015656875e-05
80.83,4.2327434224156955,4.282917780280014,-1.6448450128559935,4.8862025243627105,2.732628044524037,-1.6449082467880296,1.6823813666073866,6.323393203611083e-05
80.86,4.228762292893421,4.263350979207843,-1.6445164977489863,4.8847014658272805,2.7124036581427493,-1.644629462379421,1.6839518375856672,0.00011296463043475313
80.89999999999999,4.224771205754262,4.243746653328042,-1.6446346589167744,4.883139098394442,2.6920677963449284,-1.6446441544243366,1.685572768309898,9.49550756224049e-06
80.92999999999999,4.222770202427389,4.233949719148192,-1.6448423658348643,4.881510289423514,2.6718846851847062,-1.6448446997159285,1.695283360546846,2.333881064187082e-06
80.96,4.218771523939583,4.214353585760803,-1.6452174679600686,4.879881563943589,2.651828388410439,-1.6452452360369363,1.6966294460927211,2.7768076867662472e-05
81.0,4.214789818494593,4.194753862665109,-1.645259207308762,4.878342498687879,2.6319016007541496,-1.6452520542500813,1.6978837863504954,7.153058680708924e-06
81.03,4.212799435490654,4.184954173949071,-1.6452349266967319,4.876865367366956,2.6119321582682,-1.6451622926994456,1.7074489227193457,7.263399728629771e-05
81.06,4.210810725755661,4.175150282667003,-1.6451859457053428,4.876865367366956,2.6119321582682,-1.6451622926994456,1.6991997204745717,2.365300589723951e-05
81.1,4.204823131100121,4.145747132963497,-1.6451291550751406,4.87536722432063,2.591992291385333,-1.6451305846880713,1.6922716946993177,1.4296129307034278e-06
81.13,4.202829136526303,4.135948115029132,-1.6451246232042096,4.8738787363057545,2.572051001802322,-1.6451196084937607,1.701787808783255,5.01471044889179e-06
81.16,4.198842631914391,4.116349926519761,-1.6451000778059937,4.872392704342569,2.552115242756846,-1.6450869617057549,1.7030853900949507,1.3116100238796946e-05
81.2,4.194855829089442,4.096755051433545,-1.6450469502977325,4.870907759262491,2.5321957412387777,-1.6450411457382514,1.704374385928113,5.804559481070726e-06
81.23,4.1928630391972765,4.0869579269850025,-1.6450033735280418,4.869478363407143,2.5123389250600736,-1.6450354867489023,1.7138358434163645,3.211322086049684e-05
81.25999999999999,4.190869744854687,4.0771538281275514,-1.645073821361797,4.869478363407143,2.5123389250600736,-1.6450354867489023,1.70562461814895,3.8334612894708187e-05
81.3,4.184891425826733,4.047758008176413,-1.644953121042684,4.86806004790499,2.49256339964342,-1.6450412269025467,1.6986316953955598,8.810585986274155e-05
81.33,4.182896974764056,4.037967749564851,-1.6448975800041847,4.866630199486224,2.4728691994374583,-1.6448693607177347,1.7079299148969322,2.821928645002636e-05
81.36,4.180902243673616,4.028170353576337,-1.6447867288816138,4.865181198329124,2.4531516667379316,-1.6447040080296116,1.7172424265882238,8.272085200222712e-05
81.39999999999999,4.174919392386376,3.9987523468347663,-1.6444460348773122,4.863721593237373,2.4334122906920657,-1.6444016928107195,1.7101865287921114,4.434206659276185e-05
81.42999999999999,4.172929067593714,3.9889598700743596,-1.6443432254195085,4.863721593237373,2.4334122906920657,-1.6444016928107195,1.7020348366608893,5.846739121095901e-05
81.46,4.168940047752451,3.969364054474955,-1.6443929484515476,4.862231230568015,2.4135290450328033,-1.64436657196137,1.7033130190237094,2.637649017755983e-05
81.5,4.164953536761405,3.949774688334813,-1.644429510533528,4.86076244858865,2.393597538041347,-1.6444232487645019,1.7046516843254835,6.261769026183472e-06
81.53,4.16296011377437,3.9399767260451086,-1.6444402488998084,4.859292492493506,2.373649307926015,-1.644445047573228,1.7141354562590079,4.798673419514898e-06
81.56,4.1589695957529775,3.920384299200287,-1.6444577514364636,4.857820917930175,2.3537019938445845,-1.6444615036242383,1.7154843678749965,3.7521877747082044e-06
81.6,4.154978542424356,3.9007893142945687,-1.6444715059362112,4.856349034132954,2.3337544708600646,-1.6444744717822821,1.716833936983237,2.9658460709569567e-06
81.63,4.1529830810202055,3.8909909438713832,-1.644477263533443,4.856349034132954,2.3337544708600646,-1.6444744717822821,1.7087156278547162,2.791751160913236e-06
81.66,4.148992471819752,3.8713931176474343,-1.6444869367003077,4.854876803773745,2.313806317878811,-1.6444847307915635,1.7100729016365348,2.205908744112861e-06
81.7,4.145183649258628,3.852810472924299,-1.6437684023544263,4.8533952627168535,2.294247462999393,-1.6440006933133409,1.7119235804624242,0.00023229095891452722
81.73,4.143371222673768,3.844053366506678,-1.6435776142454424,4.851932653861889,2.275956361527497,-1.6434073081222667,1.720752021295351,0.00017030612317570082
81.75999999999999,4.139783001331974,3.826558532813088,-1.6433188912970085,4.85059146165432,2.2579123470901954,-1.6433403738281835,1.7221787140853888,2.148253117506549e-05
81.8,4.136379631851524,3.809957508149779,-1.6427932230171969,4.849256432939377,2.2408571858320734,-1.6424699495024029,1.7234468819858586,0.000323273514793998
81.83,4.134767091323543,3.8021853994367363,-1.6421945483932805,4.849256432939377,2.2408571858320734,-1.6424699495024029,1.7170442073169103,0.00027540110912238625
81.86,4.13156316784969,3.786621927346581,-1.6417163209199375,4.847939353245313,2.2244446403930915,-1.6418583505578832,1.7186019652250344,0.00014202963794573975
81.89999999999999,4.128573944608535,3.771988470368935,-1.641042774913994,4.846811107615663,2.2084471295559056,-1.6412764334825403,1.7206179549092042,0.00023365856854629108
81.92999999999999,4.127160397441936,3.7651862356494017,-1.6403995414864287,4.845653384221041,2.193225087135152,-1.6401560208940038,1.7283790164454664,0.0002435205924249395
81.96,4.124355959284961,3.7515876937136965,-1.639347113062873,4.844646320119453,2.178497060314503,-1.639080803630689,1.7301538500374347,0.0002663094321839754
82.0,4.121750567543486,3.7388952231830843,-1.6382701021374133,4.843599679967622,2.1645524403656866,-1.637977216586368,1.7319414940801958,0.000292885551045341
82.03,4.120525993750711,3.733051043089584,-1.637855795559458,4.842483099916122,2.1515462463454815,-1.637558665191495,1.738499204850937,0.0002971303679628612
82.06,4.118097274830588,3.7213535821849675,-1.6374623086776057,4.842483099916122,2.1515462463454815,-1.637558665191495,1.7288811107882214,9.635651388939515e-05
82.1,4.115877613939368,3.7105604105269787,-1.638091712417308,4.841487917662556,2.139239715155387,-1.637769949782882,1.7307683382163888,0.00032176263442607045
82.13,4.114863440449403,3.7056483524021635,-1.6381878720636625,4.840665518140685,2.1281476291337156,-1.6385966527267226,1.7364611103890168,0.0004087806630601598
82.16,4.112844296172814,3.695898892764153,-1.6387834971047142,4.839998832431491,2.118018475367287,-1.6388522284187519,1.737371673305997,6.873131403772881e-05
82.2,4.111016942890955,3.6870763900664834,-1.639150968328971,4.8394536532006995,2.1088610669846197,-1.6392441710521375,1.738212773781528,9.320272316659661e-05
82.23,4.1102002775971505,3.6831776110472707,-1.6392450595298456,4.8389506069579875,2.1007341581204924,-1.6395590064781391,1.7421837802753053,0.0003139469482935642
82.25999999999999,4.1085906250764355,3.675429949719218,-1.6395623046140606,4.8389506069579875,2.1007341581204924,-1.6395590064781391,1.7358261834679067,3.2981359214812045e-06
82.3,4.107821494665653,3.6717128540749875,-1.6395299085365087,4.838367487176992,2.093065593215045,-1.6396419965160056,1.739489758922132,0.00011208797949691096
82.33,4.106554267519035,3.665628262431917,-1.6405273594059095,4.838044496292634,2.086303320661583,-1.6405649442504577,1.7405014296142132,3.7584844548188556e-05
82.36,4.105360128488239,3.6598316041149013,-1.640910174054927,4.837725269842863,2.080237607187618,-1.6409003327220035,1.7411134068176288,9.841332923476998e-06
82.39999999999999,4.104323865162966,3.654952201531559,-1.6415912527386387,4.837490069564761,2.0748747078759813,-1.642039342678875,1.7418890806345355,0.0004480899402363736
82.42999999999999,4.1039116765051595,3.653014440531045,-1.6423752001141336,4.837490069564761,2.0748747078759813,-1.642039342678875,1.7403052245363466,0.0003358574352585464
82.46,4.103128456348575,3.649220020766084,-1.6432384340540722,4.837494085844118,2.0705663562991963,-1.6428313074936252,1.7411031761843174,0.00040712656044705753
82.5,4.102504187762088,3.6463153770406977,-1.6445001599144367,4.83743836855351,2.0665193078014186,-1.6441069907754469,1.7423787964961683,0.00039316913898979067
82.53,4.102282707011411,3.6453460599248677,-1.6453668619254664,4.83765256444294,2.0636381494892273,-1.6457632592358138,1.7442960589170484,0.0003963973103473517
82.56,4.101891856037636,3.643519570004368,-1.646747067947003,4.837802982113816,2.0611948846620662,-1.6470670894642847,1.7450835496692776,0.0003200215172816101
82.6,4.101656555495601,3.6425543896634225,-1.6482433104521328,4.838091873742368,2.0596403461001693,-1.6488744041682413,1.7458390095512775,0.0006310937161084773
82.63,4.101642407163139,3.6425836533823115,-1.6494334968193571,4.838091873742368,2.0596403461001693,-1.6488744041682413,1.7458715104194114,0.0005590926511158667
82.66,4.1016467227800835,3.6426940425782965,-1.6508339786951074,4.838557336111718,2.0589627522278353,-1.6507203093799274,1.746780481936967,0.00011366931517997614
82.7,4.101621916186354,3.642715369391079,-1.6513923533945065,4.838810088939145,2.0587103109024927,-1.651245844948009,1.7471457945357707,0.0001465084464975508
82.73,4.101611073488272,3.642702749102333,-1.6515438335415995,4.838816549706784,2.058594812601952,-1.6515710057598054,1.747246367473705,2.717221820591753e-05
82.75999999999999,4.101606960159549,3.6426784583796894,-1.6515208824336702,4.8387922660306835,2.0585992873883336,-1.6514942323239161,1.7472117774216667,2.665010975411164e-05
82.8,4.101618537159888,3.642666716351795,-1.6514261613842667,4.838781023631762,2.0586078922998006,-1.6514070075511065,1.747183702281584,1.9153833160201472e-05
82.83,4.101622977832692,3.642660520776278,-1.6513892025174626,4.838781023631762,2.0586078922998006,-1.6514070075511065,1.7471762115681237,1.7805033643902846e-05
82.86,4.1016276183519595,3.642652793699498,-1.6513275308985595,4.838775956069649,2.0586065056179743,-1.6513414312953505,1.747166367174233,1.3900396790944569e-05
82.89999999999999,4.101629402295883,3.6426508192907336,-1.6512908403986182,4.838775840768803,2.058603333741805,-1.6512983416116038,1.747166651532473,7.501212985649985e-06
82.92999999999999,4.101629774773757,3.642651027475423,-1.6512774449898031,4.838777036521314,2.058601125414876,-1.6512713861992745,1.747169189780987,6.058790528618019e-06
82.96,4.101629782794294,3.642652446595009,-1.6512552885586076,4.8387772579099675,2.0585997161587453,-1.651250503339301,1.747171844116083,4.785219306580046e-06
83.0,4.101629374625284,3.642653986004385,-1.6512368371261492,4.83877794125162,2.0585991370611096,-1.6512315450367352,1.7471742253536038,5.292089414021817e-06
83.03,4.1016296886446675,3.642654570715244,-1.6512260070716247,4.838781100792343,2.0585988257481054,-1.6512090193150881,1.747176238275552,1.6987756536579468e-05
83.06,4.101630017617602,3.642655362085148,-1.651203484052708,4.838781100792343,2.0585988257481054,-1.6512090193150881,1.747176816964386,5.535262380229611e-06
83.1,4.101630395144628,3.6426575522182456,-1.6511826501151106,4.838784717035336,2.0585980491362066,-1.6511875114220238,1.7471808731744594,4.861306913239716e-06
83.13,4.101630262618796,3.6426584405594498,-1.6511749796071844,4.838786922543991,2.0585965860260576,-1.65117200415638,1.7471839915303253,2.9754508044099737e-06
83.16,4.10163026523479,3.6426600806049905,-1.6511654550324335,4.838786817056882,2.0585949556241374,-1.6511638039264727,1.747186911030083,1.6511059608426137e-06
83.2,4.101629967702605,3.6426616331210395,-1.6511578347331906,4.838783548652178,2.0585949840606026,-1.6511554794689716,1.7471870393785378,2.3552642189894613e-06
83.23,4.101630316477101,3.642662812374897,-1.6511525565888012,4.838775465362841,2.058598697355147,-1.651143732855521,1.7471811843707237,8.823733280260981e-06
83.25999999999999,4.101630248207413,3.6426646697719782,-1.6511413658928256,4.838775465362841,2.058598697355147,-1.651143732855521,1.7471828971644625,2.366962695399266e-06
83.3,4.101631522641558,3.6426680115253385,-1.6511367556363037,4.838771145245306,2.058603581279817,-1.6511383881018484,1.747179138606418,1.6324655447430558e-06
83.33,4.101632168902008,3.642669699470248,-1.6511331162198897,4.838769710162359,2.058605782838468,-1.6511312273672891,1.7471777948194542,1.8888526005511608e-06
83.36,4.101632949841724,3.642672176002133,-1.6511258048678956,4.838769119426621,2.0586082630581592,-1.6511241212690475,1.7471772127639678,1.683598848112311e-06
83.39999999999999,4.101633266129849,3.6426689376744186,-1.6503740479858637,4.838762015993457,2.0584882809091876,-1.6500650062245472,1.747279928100991,0.0003090417613165197
83.42999999999999,4.10163406472497,3.642661416664931,-1.6497837886352533,4.838762015993457,2.0584882809091876,-1.6500650062245472,1.747272772234336,0.00028121758929389173
83.46,4.101653231194295,3.642612517962,-1.6480806549644567,4.83887503085198,2.0583018550533714,-1.6485112243879394,1.747437054230136,0.00043056942348274063
83.5,4.10165184315301,3.6426566398964813,-1.6460716945054163,4.8391772190800495,2.0580086639344652,-1.6465837207111327,1.7478709585827081,0.0005120262057163316
83.53,4.1016511396559885,3.642654588683042,-1.6448187064388753,4.839585479363412,2.0575816834875993,-1.6441579809715368,1.748428781650586,0.0006607254673385299
83.56,4.101652655984607,3.642656702097752,-1.6419672881785703,4.840200079304651,2.0570843386351774,-1.6411587430993617,1.7491403649418682,0.000808545079208578
83.6,4.10165606465469,3.6426598941067274,-1.640306251175332,4.841021173482379,2.05651904183663,-1.6374705313221185,1.7500010192545294,0.002835719853213403
83.63,4.101659270531308,3.6426655167426514,-1.636428246631837,4.841021173482379,2.05651904183663,-1.6374705313221185,1.7500047609627314,0.0010422846902815586
83.66,4.101660348058106,3.642670754338991,-1.6314987289694152,4.842072904026996,2.0559200911066506,-1.6328861331498044,1.750996407850301,0.0013874041803891846
83.7,4.1016538169216075,3.642675631006049,-1.6253692131207829,4.84320589502845,2.0551703783288033,-1.627162721758705,1.7521622104766503,0.0017935086379221588
83.73,4.101648998768365,3.6426808690459263,-1.6219285285051075,4.844186638665333,2.0545209783755807,-1.6201116319894389,1.7531725485524245,0.0018168965156686312
83.75999999999999,4.101611443065456,3.642695695746532,-1.6141024912023572,4.844962505972444,2.0539106715098607,-1.611835860543646,1.7540834233193328,0.002266630658711133
83.8,4.101589154041487,3.642692098772355,-1.6044279271971524,4.845667144492042,2.0532695396572067,-1.601712741074841,1.7549689818618115,0.002715186122311364
83.83,4.101621697201481,3.642691911408537,-1.598857898339535,4.845667144492042,2.0532695396572067,-1.601712741074841,1.7549550146534911,0.002854842735306118
83.86,4.101626124667534,3.6426884583827066,-1.5859076169028887,4.8463551778018115,2.0525384379074323,-1.5893903259796685,1.7559038841006627,0.003482709076779722
83.89999999999999,4.1016301525535415,3.642683720351974,-1.5784007875774098,4.84715739220068,2.0515663112847897,-1.5743623436057652,1.7571185146405326,0.004038443971644545
83.92999999999999,4.101645714232601,3.6426674528414895,-1.5610408403487803,4.848253009281157,2.0501615545711416,-1.5561829903459734,1.7588341277805506,0.004857850002806918
83.96,4.10178396329446,3.642487197660232,-1.540304383869868,4.849862109147784,2.048125912835582,-1.5345669042784646,1.7611385007576934,0.0057374795914033605
84.0,4.101695046566686,3.642633434371054,-1.5158445421311038,4.852111933246033,2.0452844784440947,-1.5090772034889108,1.7648368737122622,0.006767338642192922
84.03,4.10170083737229,3.642634176005477,-1.5020337480892658,4.8554379852112675,2.0412506042642353,-1.4794923315747595,1.7699008536850795,0.022541416514506363
84.06,4.1017024823354244,3.6427201794117217,-1.4716963022485137,4.8554379852112675,2.0412506042642353,-1.4794923315747595,1.7699779683427053,0.00779602932624579
84.1,4.1016985644757575,3.6428288682375363,-1.4379811876196942,4.859355915706847,2.036958317235763,-1.4469359816637013,1.7756308423907403,0.00895479404400712
84.13,4.101538894906241,3.642972213196231,-1.419128637967329,4.859264586331816,2.0356927429639557,-1.408986896997953,1.7769343034779055,0.010141740969375812
84.16,4.101183289597804,3.6431823362637354,-1.3764285539844427,4.855426304536866,2.0367012995803484,-1.3656026636239351,1.7747292319696817,0.010825890360507628
84.2,4.101134418294683,3.643379579186652,-1.3341543078634308,4.855138675337224,2.0356558444142636,-1.3241283434391347,1.7757528057105105,0.010025964424296152
84.23,4.101377824347786,3.6433663851306153,-1.314175069166254,4.854981087236235,2.03483893960591,-1.2809499352632527,1.7763103391137343,0.03322513390300119
84.25999999999999,4.101413546265539,3.643499018742291,-1.2697023917039036,4.854981087236235,2.03483893960591,-1.2809499352632527,1.7764152918199307,0.011247543559349094
84.3,4.100915204551127,3.6439910786825904,-1.228364040278126,4.852954337490097,2.034643471025694,-1.2381221074674431,1.7763903230266072,0.009758067189317154
84.33,4.101067315785343,3.6440838061330827,-1.2097693236900973,4.855131503072173,2.0327336495212744,-1.199871607342936,1.7790621478075033,0.00989771634716119
84.36,4.1011711026424935,3.64404822377445,-1.1697766277046138,4.852711441696045,2.0323520689783434,-1.1596074322629988,1.7783074471556606,0.010169195441614987
84.39999999999999,4.100293247308129,3.6445246902525317,-1.130072221310218,4.845996902643032,2.0329951918537774,-1.1207216470271077,1.7756974026531591,0.009350574283110147
84.42999999999999,4.100083212391276,3.6447513806561087,-1.111724228909288,4.845996902643032,2.0329951918537774,-1.1207216470271077,1.7759913416026578,0.008997418117819844
84.46,4.099972223870993,3.6451873101815733,-1.0785921939126761,4.838300827597311,2.033988935378931,-1.0862693444221647,1.772311860268144,0.007677150509488584
84.5,4.09991720113332,3.6456176365584576,-1.0518876021897996,4.830373972852331,2.036085293394749,-1.0588002937060212,1.7675297618541583,0.006912691516221647
84.53,4.099809171330409,3.645875331982287,-1.0350647845209386,4.821438181524416,2.0369899593851306,-1.0271143040400028,1.763309550393995,0.007950480480935829
84.56,4.099960835806272,3.645654933082311,-1.0100736829183794,4.814558076114351,2.0387341218952892,-1.006571213675628,1.75864826195629,0.003502469242751438
84.6,4.100542715204462,3.644972843566105,-0.9980775226599737,4.808569903294633,2.041969251376136,-0.9939385376480578,1.752404923426324,0.004138985011915897
84.63,4.100746230054686,3.644757983533919,-0.9889527435251003,4.808569903294633,2.041969251376136,-0.9939385376480578,1.752126157652709,0.004985794122957521
84.66,4.100719220809947,3.644772704164575,-0.9646803580778942,4.800841116347202,2.0430877314495643,-0.9707170699297065,1.7480175686850987,0.006036711851812315
84.7,4.100621495507431,3.6448540823964706,-0.9394471567106274,4.792916767210734,2.0430771530177956,-0.9461174568493118,1.7449819697385207,0.006670300138684415
84.73,4.100617531553739,3.6448613354596304,-0.9255827368948015,4.785173914556278,2.043376874633629,-0.9189706484541198,1.741657233722143,0.006612088440681729
84.75999999999999,4.100778819157972,3.6449829600085377,-0.8975627356014967,4.777792494880539,2.044640112948523,-0.890367527918425,1.7376549557525895,0.0071952076830716916
84.8,4.100633209838491,3.6449403651526624,-0.8693961231819828,4.770658704976818,2.045275533410797,-0.8627447037505216,1.7343188109592456,0.006651419431461192
84.83,4.100626586286535,3.64489578241223,-0.8554416050489995,4.770658704976818,2.045275533410797,-0.8627447037505216,1.7342802487176046,0.007303098701522126
84.86,4.100636099099858,3.644862498359126,-0.8264065142951277,4.763795594172448,2.046029518798201,-0.8337755817556516,1.730909417744498,0.007369067460523904
84.89999999999999,4.100633561340396,3.644871701793207,-0.7961086605761629,4.757190151102157,2.0466299821204443,-0.8038248927357461,1.727843496981756,0.0077162321595831695
84.92999999999999,4.100631816194938,3.644874575554064,-0.7804053882662578,4.750881662240515,2.0473141921994253,-0.7724125137381881,1.7248258001162078,0.007992874528069738
84.96,4.100631593709771,3.6448815016267178,-0.7478173776091288,4.744895003010738,2.0480040058863307,-0.7394085839371095,1.7219445626866723,0.008408793672019299
85.0,4.100636078114169,3.6448876481454517,-0.7133943240989232,4.739180248575774,2.0486529223539134,-0.7044334338488705,1.719216088062605,0.008960890250052755
85.03,4.100640625291603,3.6448806717685507,-0.6954917820653915,4.733773276137096,2.049078590370902,-0.6685012187520695,1.7168113573015844,0.026990563313322058
85.06,4.100676480409594,3.6448327265996987,-0.6593804301605148,4.733773276137096,2.049078590370902,-0.6685012187520695,1.7167535688187,0.00912078859155463
85.1,4.100739986442911,3.644802478999414,-0.6221731246447398,4.728762689187393,2.04935199458125,-0.6316692765119508,1.714606299822976,0.009496151867210978
85.13,4.100774531116855,3.6447920849946867,-0.6028321831799873,4.724262224122103,2.049420860118242,-0.5930006714443848,1.7128766004860867,0.009831511735602483
85.16,4.100844345797822,3.6447748261765653,-0.5626901843425455,4.7205122981744605,2.049250629560782,-0.5522857832935149,1.7116325052969452,0.01040440104903062
85.2,4.100892399066609,3.6447647308867386,-0.5219424684809274,4.718686398435148,2.0489513074844194,-0.5118428875521832,1.7112246807379807,0.01009958092874419
85.23,4.1009271667037375,3.6447855637446405,-0.5019190193003897,4.7180830682247255,2.0486706669627033,-0.4710600354400221,1.7112755974744096,0.030858983860367617
85.25999999999999,4.100914499089108,3.644795512662866,-0.4609323735594616,4.7180830682247255,2.0486706669627033,-0.4710600354400221,1.7112894453570016,0.010127661880560523
85.3,4.1009284336150476,3.6448008565395176,-0.44100610643659616,4.717906583164774,2.048199345873221,-0.4317070121093415,1.7116653939610118,0.009299094327254676
85.33,4.100907890979229,3.6447787877858304,-0.4064185564906282,4.718060617689332,2.0478358300008916,-0.3985876171417035,1.7120468155119544,0.007830939348924704
85.36,4.100869622700414,3.644792773438998,-0.3750826219119889,4.717736514219133,2.0472846558183178,-0.36735861016140525,1.7124710063869508,0.007724011750583626
85.39999999999999,4.10077340791454,3.6447671911434756,-0.34688175896416235,4.717681376888067,2.0466378849780296,-0.3408423173245475,1.7130652998084728,0.00603944163961484
85.42999999999999,4.100802542149193,3.644768004610584,-0.33500504641568435,4.717681376888067,2.0466378849780296,-0.3408423173245475,1.7130555671155427,0.005837270908863157
85.46,4.100821602335288,3.6447868534592605,-0.32395744020785855,4.717352327137705,2.046349591225015,-0.3186271443793377,1.713216803537808,0.005330295828520848
85.5,4.100714222176695,3.644776869389062,-0.29502836185998893,4.7168820029674015,2.0455370973263403,-0.2993383058191464,1.7138350511737617,0.004309943959157458
85.53,4.100715722366614,3.6447834230865808,-0.2867742026631794,4.71644663086254,2.045015596037022,-0.2828224850292924,1.714170835167862,0.003951717633886964
85.56,4.10063158400518,3.644845077019925,-0.2716315417000454,4.7160010950478,2.044716968374934,-0.2680534665851403,1.714377321127595,0.0035780751149050993
85.6,4.100558592045328,3.644869497413353,-0.25857178596272234,4.715866431137551,2.044465126206247,-0.25569982478328956,1.714613043292029,0.0028719611794327804
85.63,4.100567770706767,3.6448630383350267,-0.25285600437886696,4.715866431137551,2.044465126206247,-0.25569982478328956,1.714603720593792,0.0028438204044226034
85.66,4.10056000630349,3.6448684487120215,-0.242596252071078,4.715667717734153,2.0444703946671368,-0.2449626651105967,1.7145353388169406,0.0023664130395187055
85.7,4.100460715770763,3.6449102932469457,-0.23541167403934923,4.715139462847479,2.0451064123073435,-0.2368722947336798,1.713826834769842,0.001460620694330561
85.73,4.100440321964242,3.6449062070625367,-0.23300087227895844,4.714836579120363,2.0456937522903744,-0.23203149450913235,1.7131734402289385,0.0009693777698260853
85.75999999999999,4.100403627470422,3.644886757254615,-0.22959187809250675,4.714332691375533,2.0460527973253018,-0.22890379415205,1.7126525996040918,0.0006880839404567463
85.8,4.100293225915115,3.644827232965379,-0.22710664740146883,4.7133618925906315,2.0456387491981323,-0.22681557217242385,1.7126753915068322,0.0002910752290449792
85.83,4.100210128128609,3.6448170380510576,-0.226674877094096,4.7133618925906315,2.0456387491981323,-0.22681557217242385,1.7126956197180696,0.00014069507832784045
85.86,4.100010994004212,3.6449151495159366,-0.2274368634306802,4.712011642819199,2.045595276763456,-0.2270626383408176,1.71241608539834,0.0003742250898625954
85.89999999999999,4.099674124300505,3.6450111640711444,-0.23013316522569607,4.7103353685287015,2.0458951720426923,-0.229347456334824,1.7117473853239762,0.0007857088908720666
85.92999999999999,4.099501443479217,3.645049841712001,-0.23170402258720776,4.708829489228338,2.0463520093579355,-0.23247105852549668,1.7108814764647,0.000767035938288918
85.96,4.099161165401534,3.6451153637694893,-0.23448047712018108,4.70759657711659,2.0467885711683667,-0.2350113793327936,1.7102169997329175,0.0005309022126125107
86.0,4.098790099988944,3.6451397438450885,-0.23647993056633207,4.7066628719773265,2.0469654020303465,-0.2368968617524955,1.7098744204647964,0.0004169311861634273
86.03,4.09861329157455,3.645149615462119,-0.2372728905145087,4.705965721508756,2.0469870583264864,-0.2381779662138977,1.7096784882478018,0.0009050756993889963
86.06,4.09828964152067,3.6451877426823627,-0.23842396455155063,4.705965721508756,2.0469870583264864,-0.2381779662138977,1.7098291276221953,0.00024599833765293067
86.1,4.097991004439637,3.645244094478618,-0.23941424546698536,4.70542307571685,2.04702133443723,-0.2391503699133244,1.7097630572481204,0.0002638755536609749
86.13,4.097852603413384,3.6452707595831173,-0.23991762166557953,4.705003494250465,2.0471190422120635,-0.24015189941721576,1.7095967699958694,0.00023427775163623044
86.16,4.0975881823891305,3.6453179369986044,-0.24079389718057692,4.704637966358997,2.0473230352006575,-0.24098995998397374,1.7094142699738095,0.00019606280339681814
86.2,4.097320686889365,3.6453648056713988,-0.24171083364754106,4.704318310082162,2.047646321908403,-0.24196330313407519,1.709137346125124,0.0002524694865341237
86.23,4.097186031861879,3.645386873001146,-0.24221583422026954,4.7040260719090545,2.0480554617539406,-0.24294389863870255,1.7087195415168182,0.000728064418433011
86.25999999999999,4.096934555570082,3.645478822450323,-0.24318516800206597,4.7040260719090545,2.0480554617539406,-0.24294389863870255,1.708894819030498,0.0002412693633634111
86.3,4.096755112199041,3.645408770752174,-0.24321667152531917,4.703847472448874,2.048215145214622,-0.24331773554160452,1.7086803713191951,0.000101064016285346
86.33,4.096700415593974,3.6453756776381865,-0.24267601184145166,4.70339165387632,2.047623808645988,-0.24263580324749673,1.7090597688426903,4.020859395492682e-05
86.36,4.096549623562787,3.645398838389706,-0.2433150320362198,4.702655573836492,2.0472650812202215,-0.2436162875449603,1.7092091530183904,0.0003012555087405222
86.39999999999999,4.096430890675034,3.6454649514692834,-0.24456303308647023,4.701976715043596,2.0470467596954625,-0.24484867582198003,1.7092765900238887,0.0002856427355097946
86.42999999999999,4.096329995230916,3.6454903703543757,-0.24483005344254088,4.701976715043596,2.0470467596954625,-0.24484867582198003,1.7093361067022956,1.862237943914269e-05
86.46,4.096190695530742,3.6455272698449255,-0.24415350976598696,4.702126298674141,2.0470013996622405,-0.24418202719887502,1.7095154029139559,2.851743288806441e-05
86.5,4.09617440563779,3.6455582926562675,-0.2447176186038255,4.702409529560189,2.047291418057692,-0.2443990487441163,1.7093794277211558,0.0003185698597091835
86.53,4.096089237570592,3.645565110744177,-0.24547806003443678,4.702410565966673,2.0477860317807957,-0.24586069023293658,1.708953931047019,0.00038263019849979485
86.56,4.095923642561332,3.6455713098477998,-0.24621509471509379,4.702062247458345,2.0480526735027813,-0.24618082340298397,1.708645604511405,3.42713121098126e-05
86.6,4.095809341648077,3.6455100002543137,-0.24652183445684,4.7014399154377395,2.0477404065115072,-0.24682278177133862,1.7087001102001043,0.00030094731449861745
86.63,4.095760081540943,3.64549957904783,-0.24714006714781606,4.7014399154377395,2.0477404065115072,-0.24682278177133862,1.708707825994019,0.00031728537647743305
86.66,4.095673248292319,3.6455331194869656,-0.24821547129917126,4.700835185736807,2.047393274498074,-0.24798598259501836,1.7088803160761974,0.00022948870415290257
86.7,4.095550520919622,3.6455914989279687,-0.24817235888448813,4.700648571912167,2.0472240599145577,-0.24813775034999647,1.7090705431354394,3.460853449166468e-05
86.73,4.095557746483128,3.645606979273181,-0.2483479747681296,4.7008603948740175,2.0472829160405186,-0.24854173776969715,1.709102427374554,0.0001937630015675651
86.75999999999999,4.095495824190399,3.645624329091325,-0.24920328025046284,4.700956089137416,2.0475450553315886,-0.24941536644991907,1.7089293424978573,0.00021208619945622953
86.8,4.095435354616263,3.6456339301563316,-0.24963215912637166,4.700878168326389,2.047851865209618,-0.24980565790619366,1.7086452316787764,0.00017349877982200668
86.83,4.095342701072355,3.645637343279107,-0.2497362131538851,4.700878168326389,2.047851865209618,-0.24980565790619366,1.7086812564174476,6.944475230855063e-05
86.86,4.095260200010528,3.6455906947034205,-0.2502957122699842,4.700482770668063,2.047680948793448,-0.2500898788263954,1.7086866055855263,0.00020583344358882094
86.89999999999999,4.095221671555771,3.645592638430445,-0.2508282382810662,4.700100960724289,2.047495802570813,-0.2512725698618232,1.7087400186247115,0.00044433158075701806
86.92999999999999,4.095160572217872,3.645625250220795,-0.25271650630723735,4.699858759830877,2.0473743581617216,-0.2531590038812352,1.7088200057554561,0.0004424975739978354
86.96,4.095077534294513,3.6456520171077287,-0.25405320627969796,4.699834690399787,2.047286128979755,-0.25425031971645085,1.7089484281837368,0.00019711343675288262
87.0,4.095055888750234,3.6456557398370273,-0.25445190906685766,4.700085780048112,2.04723729371685,-0.25515126554811446,1.709094116267786,0.0006993564812567965
87.03,4.095067928632765,3.6456523189514956,-0.2553628073711844,4.700375053146598,2.047245455074525,-0.25590265547629576,1.7091814466218087,0.0005398481051113735
87.06,4.095122454403385,3.6456626053689805,-0.25605415985378993,4.700375053146598,2.047245455074525,-0.25590265547629576,1.709171756916449,0.00015150437749417156
87.1,4.095064145307365,3.6456542539273062,-0.25617264381444776,4.700517328247554,2.0472840856665084,-0.25610331842953227,1.7091988624845433,6.932538491549733e-05
87.13,4.095053087890791,3.645652977066402,-0.25645761969312847,4.7004823642555165,2.0472040906442177,-0.25662549156223263,1.7092640086258872,0.00016787186910416363
87.16,4.095074311731519,3.6456387594007427,-0.2570483636990701,4.700442244599997,2.0471086360670543,-0.2571480883050696,1.709318252798662,9.972460599949606e-05
87.2,4.095088440256509,3.6456448520860376,-0.25735824500930166,4.700490139973201,2.0471042435284903,-0.25743976084114994,1.7093400174416422,8.151583184828892e-05
87.23,4.095099416313338,3.6456488616532994,-0.2575248056333152,4.700565279694186,2.0471576002390632,-0.2577629032633174,1.7093165957590162,0.00023809763000220974
87.25999999999999,4.095110534437828,3.645650686304668,-0.2578333865533526,4.700565279694186,2.0471576002390632,-0.2577629032633174,1.709314363934552,7.048329003517262e-05
87.3,4.095120156932449,3.6456432359442754,-0.25799816369383594,4.7005832956627165,2.0471850516515793,-0.25794870244848045,1.7092846981393737,4.946124535548657e-05
87.33,4.095112976661909,3.645639703442242,-0.2580975886779106,4.700532386257907,2.047194790757283,-0.2581450552943855,1.7092567976766957,4.746661647486716e-05
87.36,4.0951071532544585,3.645641076285735,-0.2582650544924848,4.700497969194391,2.0472153896194825,-0.2582981992713072,1.7092286903217186,3.314477882238043e-05
87.39999999999999,4.095105087485643,3.6456432237573884,-0.2583838229218451,4.7004779726745705,2.047236552128625,-0.25840890675737205,1.7092045571052366,2.508383552696225e-05
87.42999999999999,4.095102910304452,3.645643446741259,-0.2584326604019552,4.7004779726745705,2.047236552128625,-0.25840890675737205,1.709205536758183,2.3753644583179856e-05
87.46,4.095097421456678,3.645643471037021,-0.25850415482816785,4.700462425558089,2.047255431362233,-0.25849736996614586,1.70918434159868,6.784862021991245e-06
87.5,4.09509953509987,3.645642547715406,-0.25849747634792347,4.700479538344373,2.0472664852113147,-0.25849926347831853,1.7091784533846657,1.7871303950589557e-06
87.53,4.095100046241246,3.6456416630203154,-0.2585139954588755,4.7004856699906155,2.0472700214931594,-0.2585133218446836,1.709176309770478,6.736141918706195e-07
87.56,4.0950995244182335,3.6456421072047878,-0.2585118932324274,4.700494625888513,2.0472731736967185,-0.2585126946209472,1.70917713432164,8.013885198221438e-07
87.6,4.095100805668514,3.645642012600642,-0.2585179373573418,4.700496272788525,2.0472721802379192,-0.2585201168570953,1.709178104416475,2.1794997535073968e-06
87.63,4.0951012655249786,3.6456423244114458,-0.25852232001146674,4.700496272788525,2.0472721802379192,-0.2585201168570953,1.7091782331298657,2.203154371438476e-06
87.66,4.095101034418071,3.64564324491799,-0.2585304313128897,4.70049588150393,2.0472711215067214,-0.2585285540060452,1.7091800273161277,1.8773068445332441e-06
87.7,4.09510128398849,3.6456433539159976,-0.2585369492761384,4.700495356165999,2.0472706564073255,-0.25853545715611304,1.7091802897204307,1.4921200253703581e-06
87.73,4.095101705404689,3.6456434868868803,-0.2585397027651765,4.700494766071081,2.047270384027285,-0.25854097404739,1.7091803105137953,1.2712822134997026e-06
87.75999999999999,4.095102058083846,3.6456435936260876,-0.25854440445195687,4.700494053887083,2.047270140699131,-0.2585454348788957,1.7091802607110427,1.0304269388305975e-06
87.8,4.095102195480033,3.6456433600383598,-0.2585482148653568,4.700493236557862,2.0472699183953957,-0.25854905027710795,1.7091799119948934,8.354117511655268e-07
87.83,4.095102000852072,3.6456431967781446,-0.2585498406649344,4.700493236557862,2.0472699183953957,-0.25854905027710795,1.7091798282560557,7.903878264658992e-07
87.86,4.095101286844685,3.6456427859515173,-0.25855263108130444,4.700492347295884,2.047269711145732,-0.258551986903614,1.7091795758018895,6.4417769046754e-07
87.89999999999999,4.095101221765074,3.6456431160624576,-0.2585549178053261,4.700491404270981,2.047269512002025,-0.25855438832071065,1.7091797597770901,5.294846154302313e-07
87.92999999999999,4.095101031598047,3.645643201573167,-0.2585559071552365,4.700490421153904,2.0472693198511833,-0.25855636971962287,1.709179738575734,4.6256438634983965e-07
87.96,4.095100948629233,3.6456434249533682,-0.2585576326514659,4.700489410589704,2.0472691344856457,-0.25855801985745286,1.7091797922696894,3.8720598694030883e-07
88.0,4.095101431374998,3.64564383611343,-0.2585590814299001,4.700488381875068,2.047268955481864,-0.25855940910063846,1.7091798088175936,3.276707383759181e-07
88.03,4.095101071040586,3.645643512949566,-0.2585597207774705,4.7004873423849105,2.047268783118093,-0.2585605912520687,1.7091794272387024,8.704745981802375e-07
88.06,4.0951006370146645,3.6456433202664655,-0.2585608582473328,4.7004873423849105,2.047268783118093,-0.2585605912520687,1.7091794007778456,2.669952641198847e-07
88.1,4.0951001132407745,3.6456436937222083,-0.25856136744084635,4.700486297259791,2.0472686165760994,-0.2585616106003729,1.7091797211068636,2.43159526569503e-07
88.13,4.095099063180395,3.6456443539104137,-0.2585622884796787,4.7004852501426635,2.047268454824846,-0.2585625026114684,1.7091804908032127,2.141317896886541e-07
88.16,4.095098245093798,3.6456443194973382,-0.25856310304337343,4.70048420400297,2.047268297298986,-0.2585632944812972,1.7091805251590615,1.9143792379106017e-07
88.2,4.095097837910197,3.645644203733118,-0.2585638339356406,4.700483161191899,2.0472681434993514,-0.2585640072751995,1.7091803355916857,1.733395589287312e-07
88.23,4.095097900582638,3.645644448400306,-0.25856417341352106,4.700482124545692,2.0472679920416446,-0.2585646556203431,1.7091803166620607,4.822068220278197e-07
88.25999999999999,4.0950955275140615,3.6456468461466374,-0.25856480728856684,4.700482124545692,2.0472679920416446,-0.2585646556203431,1.7091833994968262,1.516682237578948e-07
88.3,4.095097147090212,3.645644032031056,-0.2585653927342792,4.700481096288043,2.04726784039881,-0.2585652518277322,1.709179971776865,1.4090654698595273e-07
88.33,4.095097009723284,3.645643892144329,-0.2585656706703396,4.700480075995354,2.0472676895623514,-0.25856580830956116,1.7091796692885612,1.3763922157572495e-07
88.36,4.095097510276352,3.6456439295255585,-0.25856620289375026,4.700479064526073,2.047267540650084,-0.2585663332518061,1.7091793079546715,1.3035805584982185e-07
88.39999999999999,4.0950969350280735,3.6456432813622617,-0.25856670834033707,4.700478062490638,2.047267393696187,-0.25856683284718907,1.7091786880721858,1.245068519950543e-07
88.42999999999999,4.095096331722823,3.645643479256338,-0.2585669525202365,4.700478062490638,2.047267393696187,-0.25856683284718907,1.7091790868244399,1.1967304741622442e-07
88.46,4.095096314415718,3.645644021743036,-0.2585674274924092,4.700477070150528,2.0472672484554932,-0.25856731205021083,1.7091793846168246,1.1544219835624148e-07
88.5,4.095096295684534,3.6456442665159754,-0.25856788649359463,4.700476087651712,2.047267104711852,-0.25856777473625425,1.7091794065864558,1.1175734038193497e-07
88.53,4.095096359185408,3.645644121250874,-0.25856811097383486,4.700475115066798,2.0472669622917143,-0.25856822392856454,1.7091790369516162,1.129547296807587e-07
88.56,4.095096104995838,3.645644137691379,-0.25856855171894283,4.7004741524037925,2.0472668210529807,-0.25856866199098244,1.7091789334729217,1.1027203961067045e-07
88.6,4.095095808645497,3.645644021660358,-0.2585689826629966,4.700473199618461,2.0472666808794346,-0.2585690907725854,1.7091787235462326,1.0810958878115784e-07
88.63,4.095095726124163,3.6456439973922325,-0.2585691950903212,4.700473199618461,2.0472666808794346,-0.2585690907725854,1.7091787300797399,1.0431773583841064e-07
88.66,4.0950956227398985,3.6456437287048544,-0.2585696140699558,4.70047225662551,2.0472665416762674,-0.25856951171956166,1.7091783116070984,1.0235039415995573e-07
88.7,4.0950952114519765,3.6456441194352145,-0.25857002688593667,4.70047132330743,2.04726640336623,-0.258569925962746,1.7091786214527522,1.0092319069343603e-07
88.73,4.095095235036583,3.645644228820302,-0.2585702309534289,4.70047039952144,2.0472662658864644,-0.2585703343860901,1.7091785167640017,1.0343266121370931e-07
88.75999999999999,4.095094969880929,3.6456445729330533,-0.25857043393396406,4.70046948500198,2.0472661292319203,-0.25857073729274455,1.7091787363662418,3.033587804845972e-07
88.8,4.095093707276937,3.6456446830292193,-0.25857103438567636,4.7004685794341015,2.0472659934443436,-0.25857113497232886,1.7091790927689139,1.0058665250722854e-07
88.83,4.095093682140741,3.645644356498548,-0.25857123206334304,4.7004685794341015,2.0472659934443436,-0.25857113497232886,1.7091787963091472,9.709101417287869e-08
88.86,4.095093105356161,3.6456436705451676,-0.2585716241022089,4.700467682682168,2.047265858473678,-0.2585715281216978,1.7091781677154332,9.598051109449557e-08
88.89999999999999,4.095092711214502,3.6456442068162263,-0.2585720121759647,4.700466794580878,2.047265724278743,-0.25857191722268935,1.7091786197616994,9.4953275353582e-08
88.92999999999999,4.09509248447495,3.6456448652602726,-0.25857220473201,4.7004659149166885,2.047265590861769,-0.258572302653435,1.7091791290299225,9.79214250240723e-08
88.96,4.09509234437977,3.6456450162946292,-0.25857258808573924,4.700465043052941,2.0472654583426224,-0.25857268509664044,1.7091791350170673,9.70109012010667e-08
89.0,4.095092116920175,3.6456449815803027,-0.2585729685946956,4.700464178659152,2.047265326961135,-0.2585730650231107,1.709178999822602,9.642841514168055e-08
89.03,4.095092016888369,3.645645224075793,-0.2585731579493635,4.700463321684662,2.0472651967821847,-0.2585734424793602,1.70917908023761,2.845299967302317e-07
89.06,4.095091921073612,3.6456455209634058,-0.2585735346777586,4.700463321684662,2.0472651967821847,-0.2585734424793602,1.7091793918156892,9.219839841589916e-08
89.1,4.095091521369117,3.6456449837453047,-0.2585739087777248,4.700462472048941,2.0472650675152093,-0.2585738171405647,1.709178850949988,9.163716008231404e-08
89.13,4.095090950072477,3.6456444114993376,-0.2585740947813386,4.700461629492524,2.047264939085051,-0.2585741892189252,1.7091783398279021,9.443758663962853e-08
89.16,4.095090569372821,3.645643973996194,-0.25857446487657443,4.700460793773786,2.047264811430765,-0.25857455861131434,1.7091778889029186,9.373473991436398e-08
89.2,4.095090033689368,3.645644291603739,-0.25857483218797744,4.7004599646389815,2.047264684510359,-0.25857492528042725,1.7091782006771348,9.309244980437725e-08
89.23,4.095089899605541,3.645644160652482,-0.25857501478088757,4.700459141841438,2.0472645583124187,-0.25857528921676853,1.7091779522981339,2.744358809647629e-07
89.25999999999999,4.09509015942373,3.645644282403271,-0.25857537793738,4.700459141841438,2.0472645583124187,-0.25857528921676853,1.7091779741320678,8.872061146858456e-08
89.3,4.095090511913272,3.6456445669958337,-0.2585757385221753,4.700458325138826,2.047264432833811,-0.25857565041507524,1.7091779435077248,8.81071000602418e-08
89.33,4.095090410312577,3.6456442924460184,-0.258575917902315,4.700457514286792,2.0472643080710733,-0.2585760088715681,1.70917755222346,9.096925313034632e-08
89.36,4.095090349474743,3.6456434897446877,-0.2585762742944699,4.700456709037847,2.0472641840200403,-0.25857636458226646,1.7091766539066378,9.028779657249686e-08
89.39999999999999,4.0950894813320105,3.645644977273055,-0.2585766279877268,4.700455909141284,2.047264060676053,-0.258576717542081,1.7091781845261285,8.955435421009739e-08
89.42999999999999,4.095089444449696,3.645645032478088,-0.25857680364688956,4.700455909141284,2.047264060676053,-0.258576717542081,1.7091782492156893,8.610480856097169e-08
89.46,4.095088780829638,3.645645207133245,-0.25857715313656143,4.700455114342891,2.047263938033884,-0.25857706774458866,1.7091784807792787,8.539197277057653e-08
89.5,4.095088397162886,3.645644828638256,-0.25857749997561447,4.700454324384629,2.0472638160876406,-0.25857741518201455,1.7091780969587023,8.479359991930835e-08
89.53,4.095088442340645,3.6456448967871635,-0.25857767236929863,4.700453539004254,2.0472636948306593,-0.2585777598452532,1.709177979915041,8.747595459102087e-08
89.56,4.095088651506768,3.645645282709794,-0.2585780149354346,4.700452757934931,2.047263574255394,-0.25857810172387935,1.7091781028532909,8.678844476417424e-08
89.6,4.09508824352439,3.6456454423512477,-0.25857835472370544,4.70045198090479,2.0472634543532853,-0.2585784408061342,1.70917823356474,8.608242874075245e-08
89.63,4.095088106024708,3.645645442522208,-0.25857852351459426,4.70045198090479,2.0472634543532853,-0.2585784408061342,1.7091782824248225,8.270846008073818e-08
89.66,4.0950877484571615,3.6456451733462756,-0.25857885927440133,4.7004512075250515,2.047263335166667,-0.25857877720126715,1.7091779948844021,8.207313417774031e-08
89.7,4.095087264657318,3.645645839697948,-0.25857919223797626,4.700450437466711,2.0472632168259133,-0.2585791109776951,1.709178627321656,8.126028117061423e-08
89.73,4.095086690657427,3.645645538331082,-0.25857935794086817,4.700449670427335,2.0472630993975383,-0.25857944220698154,1.7091783869353854,8.426611336487255e-08
89.75999999999999,4.0950860848631425,3.6456455604042857,-0.2585796870162475,4.70044890643973,2.0472629826700595,-0.25857977034684654,1.709178460708968,8.33305990322053e-08
89.8,4.095086237207895,3.645645191621504,-0.2585800122349874,4.7004481453959315,2.047262865876418,-0.2585800944535189,1.7091779015477968,8.221853153855818e-08
89.83,4.095086469528676,3.6456452432641457,-0.258580173037322,4.7004481453959315,2.047262865876418,-0.2585800944535189,1.709177867558686,7.858380307590451e-08
89.86,4.095085873270855,3.6456452114876257,-0.25858049188716364,4.70044738664939,2.047262748607412,-0.2585804141501742,1.7091778899584937,7.773698945667817e-08
89.89999999999999,4.0950859573583385,3.645645080635302,-0.25858080730427785,4.700446629737156,2.047262631459172,-0.25858073032305634,1.7091775792752542,7.698122150845421e-08
89.92999999999999,4.09508616187312,3.645644968273202,-0.25858096356331917,4.700445874522228,2.047262514811939,-0.2585810431460143,1.7091772433634427,7.958269515606631e-08
89.96,4.095085605921936,3.6456453745345963,-0.2585812739464347,4.700445120699077,2.047262398659095,-0.25858135268201354,1.7091776618303431,7.87355788345323e-08
90.0,4.095084747450201,3.6456453907500563,-0.25858158096560835,4.700444367888313,2.047262282936317,-0.2585816589763503,1.7091778226390846,7.801074197733016e-08
90.03,4.095084505430708,3.6456454719821805,-0.2585817332083668,4.700443615703108,2.04726216759661,-0.25858196204232653,1.7091778257771564,2.2883395972561615e-07
90.06,4.095082271007594,3.645646019641813,-0.2585820354413499,4.700443615703108,2.04726216759661,-0.25858196204232653,1.7091791293280005,7.339902335923298e-08
90.1,4.095083747420125,3.645644984410458,-0.25858233452454055,4.7004428637436435,2.04726205259306,-0.25858226187104105,1.7091774795032761,7.265349949436839e-08
90.13,4.095083895576317,3.6456448437427555,-0.2585824827062946,4.700442111589779,2.047261937872326,-0.25858255843969563,1.7091771363652748,7.573340105038184e-08
90.16,4.095084045418909,3.645645358842879,-0.258582776837545,4.700441358798736,2.0472618233743876,-0.2585828517140647,1.7091774054553837,7.48765197067236e-08
90.2,4.095083877988435,3.645645126675855,-0.2585830675882907,4.70044060520879,2.047261708746884,-0.25858314145442585,1.7091770879289365,7.38661351529224e-08
90.23,4.095083732503311,3.645645276193791,-0.25858321141702983,4.700439850779037,2.0472615924338915,-0.25858342725550904,1.7091771208519382,2.1583847920059185e-07
90.25999999999999,4.095084178163337,3.645645152571195,-0.2585834960723381,4.700439850779037,2.0472615924338915,-0.25858342725550904,1.7091768473991233,6.881682906856312e-08
90.3,4.09508324436805,3.6456456686256615,-0.25858377769590474,4.70043909417348,2.0472614743965685,-0.2585837095355267,1.7091775031444338,6.81603780638973e-08
90.33,4.095082570208662,3.6456457356722125,-0.2585839169858137,4.700438334965673,2.047261355642212,-0.25858398835322355,1.7091776467788347,7.13674098706818e-08
90.36,4.095082552516787,3.64564555606179,-0.2585841930126311,4.70043757272157,2.0472612363838674,-0.2585842634835193,1.7091773266338952,7.047088823597392e-08
90.39999999999999,4.0950825515490585,3.6456455321847887,-0.2585844653803843,4.700436806736813,2.04726111641846,-0.2585845347749925,1.7091771455406808,6.939460817090293e-08
90.42999999999999,4.0950822833197575,3.645645600536236,-0.25858459998174593,4.700436806736813,2.04726111641846,-0.2585845347749925,1.7091773044625707,6.520675344123816e-08
90.46,4.095081886841587,3.645645764841287,-0.2585847338795729,4.700436036226892,2.047260995524577,-0.2585848020892597,1.70917743870016,6.820968678766803e-08
90.5,4.095080157564233,3.6456456153653356,-0.2585851284960769,4.700435260354638,2.0472608734732094,-0.2585850652590165,1.7091777507292623,6.32370604214394e-08
