t,x_filtered,y_filtered,yaw_filtered,x_gt,y_gt,yaw_gt,pos_error,yaw_error
0.0,4.6502274007144155,2.9997322165232454,-7.613350119649906e-05,4.6502274007144155,2.9997322165232454,-7.613350119649906e-05,0.0,0.0
0.03999999999999915,4.65022779909098,2.9997322164929154,-7.613359897295266e-05,4.650227799450569,2.9997322182353297,-7.613377883446918e-05,1.7791322032756124e-09,1.798615165225087e-10
0.07000000000000028,4.650228197479552,2.9997322164625846,-7.613369712777026e-05,4.650228198198486,2.99973221994741,-7.613405646217872e-05,3.5582121832062394e-09,3.5933440846057287e-10
0.09999999999999432,4.650228396678339,2.999732216447419,-7.613374634617739e-05,4.650228198198486,2.99973221994741,-7.613405646217872e-05,1.9851070999481923e-07,3.1011600133289043e-10
0.14000000000000057,4.650228795084918,2.9997322164170868,-7.613384506321194e-05,4.650228995729618,2.9997322233715584,-7.613461168728302e-05,2.007651869735443e-07,7.666240710822725e-10
0.1699999999999946,4.650229193503499,2.9997322163867537,-7.61339441541696e-05,4.650228995729618,2.9997322233715584,-7.613461168728302e-05,1.97897183999409e-07,6.675331134207985e-10
0.19999999999999574,4.65022939271729,2.9997322163715867,-7.613399383842631e-05,4.650229394512833,2.9997322250836267,-7.613488928419507e-05,8.895145475337254e-09,8.954457687626117e-10
0.23999999999999488,4.650229791153873,2.9997322163412523,-7.613409348449548e-05,4.650229793307814,2.9997322267956905,-7.613516687102995e-05,1.0674021739869785e-08,1.0733865344681511e-09
0.269999999999996,4.650230189602454,2.9997322163109166,-7.61341934991587e-05,4.65023019211456,2.999732228507751,-7.613544444779403e-05,1.2452848737509452e-08,1.2509486353279005e-09
0.29999999999999716,4.650230388831244,2.9997322162957487,-7.613424364349183e-05,4.65023019211456,2.999732228507751,-7.613544444779403e-05,1.9709537460903552e-07,1.2008043021976807e-09
0.3399999999999963,4.650230787297823,2.9997322162654116,-7.613434420660522e-05,4.650230590933074,2.999732230219807,-7.613572201449713e-05,1.9685995006253182e-07,1.377807891907233e-09
0.36999999999999744,4.650231185776397,2.9997322162350737,-7.613444513342768e-05,4.6502309897633545,2.9997322319318593,-7.613599957042295e-05,1.9664053958582484e-07,1.5544369952726154e-09
0.3999999999999986,4.650231385020182,2.9997322162199045,-7.613449573206407e-05,4.650231388605402,2.999732233643907,-7.613627711667694e-05,1.7789032376311753e-08,1.781384612872328e-09
0.4399999999999977,4.650231783516747,2.9997322161895648,-7.613459720023127e-05,4.650231787459217,2.9997322353559506,-7.613655465269937e-05,1.9567662367924188e-08,1.957452468100444e-09
0.46999999999999886,4.650232182025306,2.9997322161592246,-7.613469902722255e-05,4.6502321863248,2.9997322370679904,-7.613683217868748e-05,2.1346244119088938e-08,2.1331514649287897e-09
0.5,4.650232381284082,2.999732216144054,-7.613475007438905e-05,4.650232585202151,2.9997322387800263,-7.613710969461071e-05,2.0517057815899654e-07,2.3596202216674906e-09
0.5399999999999991,4.650232779810627,2.9997322161137125,-7.613485243561965e-05,4.650232984091269,2.9997322404920586,-7.61373872002182e-05,2.0573012546418227e-07,2.534764598547236e-09
0.5700000000000003,4.65023317834916,2.9997322160833697,-7.613495515123344e-05,4.650232984091269,2.9997322404920586,-7.61373872002182e-05,1.9578537361321642e-07,2.432048984754966e-09
0.5999999999999943,4.650233377622922,2.999732216068198,-7.613500664115688e-05,4.650233382992156,2.999732242204086,-7.613766469591428e-05,2.668170386261414e-08,2.658054757404666e-09
0.6400000000000006,4.650233776179438,2.9997322160378537,-7.613510988434865e-05,4.650233781904813,2.99973224391611,-7.613794218123623e-05,2.8460096326678326e-08,2.832296887582582e-09
0.6699999999999946,4.650234174747941,2.9997322160075086,-7.613521347748272e-05,4.650234180829238,2.9997322456281297,-7.613821965574804e-05,3.0238441900362215e-08,3.006178265316955e-09
0.6999999999999957,4.650234374036686,2.999732215992336,-7.613526540438994e-05,4.650234180829238,2.9997322456281297,-7.613821965574804e-05,1.9546712853922718e-07,2.954251358098397e-09
0.7399999999999949,4.650234772623165,2.9997322159619895,-7.613536951844066e-05,4.650234579765434,2.9997322473401455,-7.613849712035007e-05,1.9539368710218278e-07,3.1276019094191292e-09
0.769999999999996,4.650235171221627,2.9997322159316417,-7.61354739771046e-05,4.650234978713398,2.9997322490521574,-7.61387745746549e-05,1.953365994869742e-07,3.3005975503028846e-09
0.7999999999999972,4.650235370525352,2.9997322159164677,-7.613552633522244e-05,4.650235377673134,2.999732250764165,-7.61390520190473e-05,3.55732031818486e-08,3.525683824859467e-09
0.8399999999999963,4.650235769141787,2.999732215886119,-7.613563130814168e-05,4.65023577664464,2.9997322524761683,-7.613932945263576e-05,3.7351365409450613e-08,3.6981444940723104e-09
0.8699999999999974,4.650236167770203,2.999732215855769,-7.613573662212144e-05,4.6502361756279145,2.999732254188168,-7.613960687623131e-05,3.912948313694733e-08,3.8702541098703e-09
0.8999999999999986,4.650236367088903,2.9997322158405937,-7.613578940656493e-05,4.650236574622961,2.999732255900164,-7.613988429006878e-05,2.1136497951107384e-07,4.094883503854012e-09
0.9399999999999977,4.650236765735286,2.9997322158102424,-7.613589522813865e-05,4.650236574622961,2.999732255900164,-7.613988429006878e-05,1.952719196668473e-07,3.9890619301280504e-09
0.9699999999999989,4.650237164393648,2.9997322157798902,-7.613600138588791e-05,4.650236973629779,2.9997322576121555,-7.614016169356755e-05,1.9529667691580868e-07,4.160307679642304e-09
1.0,4.650237363727319,2.999732215764714,-7.61360545899957e-05,4.650237372648369,2.999732259324143,-7.61404390871347e-05,4.4463569110265715e-08,4.3844971390111275e-09
1.0399999999999991,4.650237762403645,2.99973221573436,-7.613616124956576e-05,4.6502377716787295,2.9997322610361263,-7.614071647057444e-05,4.624150981055165e-08,4.5552210086770165e-09
1.0700000000000003,4.650238161091944,2.9997322157040056,-7.613626824087047e-05,4.650238170720862,2.999732262748106,-7.614099384325471e-05,4.8019406752000746e-08,4.725602384243418e-09
1.0999999999999943,4.650238360440585,2.999732215688828,-7.613632186020166e-05,4.650238170720862,2.999732262748106,-7.614099384325471e-05,1.954690481142745e-07,4.6719830530461215e-09
1.1400000000000006,4.650238759146845,2.999732215658472,-7.613642934622175e-05,4.650238968840447,2.999732266172053,-7.614154855845608e-05,2.1569197628375523e-07,5.1192122343333415e-09
1.1699999999999946,4.650239157865077,2.9997322156281148,-7.613653715953558e-05,4.650238968840447,2.999732266172053,-7.614154855845608e-05,1.9566553183680592e-07,5.011398920501202e-09
1.1999999999999957,4.650239357228682,2.999732215612936,-7.613659118831703e-05,4.650239367917899,2.9997322678840206,-7.614182590070337e-05,5.335284113842532e-08,5.234712386337757e-09
1.2399999999999949,4.65023975596487,2.9997322155825774,-7.613669949012899e-05,4.650239767007123,2.9997322695959845,-7.614210323285684e-05,5.5130567596401725e-08,5.40374272784631e-09
1.269999999999996,4.650240154713027,2.999732215552218,-7.61368081152379e-05,4.650240166108119,2.999732271307944,-7.614238055456094e-05,5.690825144310258e-08,5.572439323045736e-09
1.2999999999999972,4.650240354091594,2.999732215537038,-7.613686254858462e-05,4.650240166108119,2.999732271307944,-7.614238055456094e-05,1.96082076807674e-07,5.5180059763267845e-09
1.3399999999999963,4.650240752857704,2.9997322155066772,-7.613697165597441e-05,4.650240565220892,2.9997322730198994,-7.61426578657938e-05,1.962532655182004e-07,5.686209819392627e-09
1.3699999999999974,4.6502411516357816,2.9997322154763153,-7.613708108310843e-05,4.6502409643454365,2.999732274731851,-7.614293516720895e-05,1.9644055546701342e-07,5.854084100519207e-09
1.3999999999999986,4.650241351029307,2.999732215461134,-7.613713591569135e-05,4.650241363481757,2.999732276443798,-7.614321245850139e-05,6.224105389170058e-08,6.076542810040122e-09
1.4399999999999977,4.650241749825332,2.999732215430771,-7.6137245818889e-05,4.650241762629851,2.9997322781557414,-7.614348974004692e-05,6.401857264216103e-08,6.243921157916181e-09
1.4699999999999989,4.650242148633321,2.9997322154004067,-7.613735603738999e-05,4.650242161789721,2.999732279867681,-7.614376701106e-05,6.579605071276343e-08,6.4109736700119005e-09
1.5,4.650242348041803,2.999732215385224,-7.613741126388004e-05,4.650242560961365,2.9997322815796164,-7.614404427200877e-05,2.2297183102758155e-07,6.633008128729056e-09
1.5399999999999991,4.650242746867737,2.9997322153548587,-7.613752195178333e-05,4.6502429601447846,2.9997322832915474,-7.614432152326245e-05,2.2383586106296527e-07,6.799571479121553e-09
1.5700000000000003,4.650243145705634,2.9997322153244923,-7.613763295099315e-05,4.6502429601447846,2.9997322832915474,-7.614432152326245e-05,1.9761667285645377e-07,6.68857226929795e-09
1.5999999999999943,4.650243345129067,2.9997322153093084,-7.613768856650535e-05,4.650243359339981,2.999732285003475,-7.614459876341165e-05,7.112824258548498e-08,6.910196906302407e-09
1.6400000000000006,4.650243743984905,2.9997322152789407,-7.61378000293443e-05,4.650243758546952,2.999732286715398,-7.6144875993217e-05,7.290555959556718e-08,7.0759638726993705e-09
1.6699999999999946,4.650244142852703,2.9997322152485717,-7.613791179904891e-05,4.6502441577657,2.9997322884273174,-7.614515321355387e-05,7.468283810807537e-08,7.241414504965678e-09
1.6999999999999957,4.650244342291086,2.999732215233387,-7.613796779914236e-05,4.6502441577657,2.9997322884273174,-7.614515321355387e-05,1.9851188772143094e-07,7.185414411514375e-09
1.7399999999999949,4.650244741176821,2.9997322152030166,-7.613808002759112e-05,4.650244556996223,2.999732290139233,-7.61454304238951e-05,1.9884146739754832e-07,7.350396303987608e-09
1.769999999999996,4.650245140074515,2.9997322151726453,-7.61381925593528e-05,4.650244956238524,2.999732291851144,-7.614570762419628e-05,1.9918650480853837e-07,7.515064843479583e-09
1.7999999999999972,4.650245339527845,2.9997322151574592,-7.613824893869844e-05,4.650245355492603,2.9997322935630515,-7.614598481375558e-05,8.001443873172764e-08,7.735875057139738e-09
1.8399999999999963,4.650245738443472,2.999732215127086,-7.613836192209885e-05,4.650245754758459,2.999732295274954,-7.614626199268997e-05,8.179156159674644e-08,7.900070591112954e-09
1.8699999999999974,4.650246137371055,2.9997322150967127,-7.61384752048154e-05,4.650246154036093,2.9997322969868536,-7.614653916112204e-05,8.356864648034739e-08,8.063956306644652e-09
1.8999999999999986,4.650246336839329,2.9997322150815253,-7.613853195808414e-05,4.6502465533255055,2.999732298698749,-7.614681631944973e-05,2.3207348997941283e-07,8.284361365581017e-09
1.9399999999999977,4.650246735784843,2.99973221505115,-7.613864568711034e-05,4.6502465533255055,2.999732298698749,-7.614681631944973e-05,2.0071953228480163e-07,8.170632339384466e-09
1.9699999999999989,4.650247134742311,2.9997322150207744,-7.613875971234404e-05,4.650246952626696,2.9997323004106407,-7.61470934675685e-05,2.0114056404318192e-07,8.333755224457099e-09
2.0,4.650247334225527,2.9997322150055856,-7.613881683509501e-05,4.650247351939665,2.999732302122528,-7.614737060560106e-05,8.889967595772638e-08,8.553770506044612e-09
2.039999999999999,4.650247733200922,2.999732214975208,-7.613893130086521e-05,4.6502477512644145,2.9997323038344117,-7.614764773419999e-05,9.067661109793088e-08,8.716433334780686e-09
2.0700000000000003,4.650248132188269,2.9997322149448298,-7.613904605840202e-05,4.650248150600943,2.999732305546291,-7.614792485289273e-05,9.245350886327317e-08,8.878794490713268e-09
2.0999999999999943,4.650248331686424,2.99973221492964,-7.613910354619432e-05,4.650248150600943,2.999732305546291,-7.614792485289273e-05,2.0249278688226222e-07,8.821306698408968e-09
2.1400000000000006,4.650248730691695,2.99973221489926,-7.613921873893855e-05,4.650248949309335,2.999732308970038,-7.614847906007116e-05,2.3799786461933429e-07,9.26032113260345e-09
2.1699999999999946,4.650249129708916,2.9997322148688794,-7.613933422034077e-05,4.650248949309335,2.999732308970038,-7.614847906007116e-05,2.034675330853883e-07,9.144839730384829e-09
2.1999999999999957,4.6502493292220075,2.9997322148536885,-7.613939206828943e-05,4.650249348681202,2.9997323106819054,-7.61487561486481e-05,9.778398334403016e-08,9.364080358668057e-09
2.239999999999995,4.650249728257151,2.999732214823306,-7.613950797868182e-05,4.650249748064849,2.999732312393769,-7.614903322699714e-05,9.956073575118239e-08,9.525248315320482e-09
2.269999999999996,4.650250127304242,2.999732214792923,-7.61396241737354e-05,4.650250147460275,2.999732314105629,-7.614931029506526e-05,1.0133745241815571e-07,9.686121329855846e-09
2.299999999999997,4.650250326832267,2.999732214777731,-7.613968237739951e-05,4.650250147460275,2.999732314105629,-7.614931029506526e-05,2.0503741802453663e-07,9.627917665745267e-09
2.3399999999999963,4.650250725897276,2.9997322147473464,-7.613979899655828e-05,4.6502505468674835,2.999732315817484,-7.614958735268517e-05,2.0558900605740178e-07,9.788356126886385e-09
2.3699999999999974,4.6502509254342606,2.9997322147321537,-7.613985741116477e-05,4.650250946286472,2.999732317529336,-7.614986440009015e-05,1.0489077851900464e-07,1.000698892538376e-08
2.3999999999999986,4.650251324517188,2.9997322147017673,-7.613997445132011e-05,4.650251345717243,2.999732319241183,-7.615014143732566e-05,1.066673885859171e-07,1.0166986005543635e-08
2.4399999999999977,4.65025172361206,2.99973221467138,-7.61400917699194e-05,4.650251745159795,2.9997323209530267,-7.615041846462101e-05,1.0844396383865554e-07,1.0326694701613681e-08
2.469999999999999,4.650252122718875,2.9997322146409924,-7.614020936607443e-05,4.65025214461413,2.9997323226648662,-7.615069548106672e-05,1.1022050394661733e-07,1.0486114992289326e-08
2.5,4.650252322276762,2.999732214625798,-7.614026826740269e-05,4.650252544080247,2.9997323243767013,-7.615097248764677e-05,2.4747130486802284e-07,1.0704220244084632e-08
2.539999999999999,4.650252721401491,2.9997322145954084,-7.614038627700478e-05,4.650252943558146,2.999732326088533,-7.615124948339261e-05,2.4856447151968273e-07,1.0863206387833426e-08
2.5700000000000003,4.650253120538162,2.999732214565018,-7.614050455927765e-05,4.650252943558146,2.999732326088533,-7.615124948339261e-05,2.091875241641817e-07,1.0744924114968282e-08
2.5999999999999943,4.650253320110975,2.999732214549822,-7.61405638025546e-05,4.650253343047829,2.9997323278003605,-7.61515264684518e-05,1.1554991847857702e-07,1.0962665897200981e-08
2.6400000000000006,4.6502537192655575,2.9997322145194305,-7.614068249338953e-05,4.650253742549294,2.9997323295121845,-7.61518034435398e-05,1.1732632213054795e-07,1.1120950150269324e-08
2.6699999999999946,4.65025411843208,2.9997322144890375,-7.614080145556298e-05,4.650254142062543,2.9997323312240045,-7.61520804085073e-05,1.1910269243963552e-07,1.1278952944318165e-08
2.6999999999999957,4.650254318019818,2.9997322144738408,-7.614086103768e-05,4.650254142062543,2.9997323312240045,-7.61520804085073e-05,2.1116714516527296e-07,1.1219370827300211e-08
2.739999999999995,4.650254717204249,2.9997322144434464,-7.614098040308645e-05,4.650254541587576,2.99973233293582,-7.615235736383836e-05,2.118529172090639e-07,1.1376960751916941e-08
2.769999999999996,4.6502551164006185,2.999732214413051,-7.614110003494642e-05,4.650254941124394,2.999732334647632,-7.615263430971117e-05,2.1255142762193542e-07,1.1534274764753269e-08
2.799999999999997,4.65025531600328,2.9997322143978535,-7.614115995101852e-05,4.650255340672994,2.9997323363594397,-7.615291124567237e-05,1.2443160089695388e-07,1.1751294653846085e-08
2.8399999999999963,4.650255715217555,2.9997322143674565,-7.614127998078243e-05,4.650255740233381,2.999732338071243,-7.615318817147962e-05,1.2620783769042678e-07,1.1908190697190388e-08
2.8699999999999974,4.650256114443768,2.999732214337059,-7.614140027433533e-05,4.650256139805552,2.999732339783043,-7.615346508629157e-05,1.2798404171620601e-07,1.2064811956243233e-08
2.8999999999999986,4.65025631406135,2.99973221432186,-7.614146051947753e-05,4.650256539389508,2.999732341494839,-7.615374199100813e-05,2.587387587658233e-07,1.2281471530598475e-08
2.9399999999999977,4.650256713305466,2.999732214291461,-7.614158120560529e-05,4.650256539389508,2.999732341494839,-7.615374199100813e-05,2.1547032246407078e-07,1.2160785402840412e-08
2.969999999999999,4.650257112561517,2.9997322142610607,-7.61417021528575e-05,4.650256938985249,2.999732343206631,-7.615401888550097e-05,2.1623061971277809e-07,1.2316732643462129e-08
3.0,4.650257312194019,2.9997322142458605,-7.61417627235171e-05,4.650257338592776,2.999732344918419,-7.615429576926634e-05,1.333124597602507e-07,1.2533045749236007e-08
3.039999999999999,4.6502577114679715,2.999732214215459,-7.61418840584592e-05,4.65025773821209,2.999732346630203,-7.6154572643194e-05,1.3508853519393474e-07,1.2688584734803611e-08
3.0700000000000003,4.650258110753858,2.9997322141850566,-7.614200565052894e-05,4.650258137843189,2.9997323483419827,-7.615484950716178e-05,1.3686457791309308e-07,1.284385663283098e-08
3.0999999999999943,4.650258310401276,2.999732214169855,-7.614206654315322e-05,4.650258137843189,2.9997323483419827,-7.615484950716178e-05,2.1858282914720983e-07,1.278296400855476e-08
3.1400000000000006,4.650258709705062,2.9997322141394513,-7.614218851891604e-05,4.65025893714075,2.9997323517655303,-7.615540320463447e-05,2.6583440299987647e-07,1.3214685718422798e-08
3.1699999999999946,4.65025910902078,2.9997322141090463,-7.614231074914198e-05,4.65025893714075,2.9997323517655303,-7.615540320463447e-05,2.2020911054916612e-07,1.3092455492482087e-08
3.1999999999999957,4.650259308683113,2.999732214093844,-7.614237195929005e-05,4.650259336807211,2.999732353477299,-7.615568003765715e-05,1.4219251879116642e-07,1.330807836709923e-08
3.239999999999995,4.650259708016729,2.9997322140634375,-7.614249456788e-05,4.6502597364854585,2.9997323551890624,-7.61559568610121e-05,1.43968436076342e-07,1.346229313210778e-08
3.269999999999996,4.650260107362274,2.9997322140330303,-7.614261742738034e-05,4.650260136175493,2.999732356900823,-7.615623367389564e-05,1.457443233999134e-07,1.3616246515298449e-08
3.299999999999997,4.650260307039521,2.9997322140178264,-7.614267895105539e-05,4.650260136175493,2.999732356900823,-7.615623367389564e-05,2.227331737822078e-07,1.3554722840255031e-08
3.3399999999999963,4.650260706402962,2.999732213987418,-7.614280218403476e-05,4.650260535877318,2.9997323586125786,-7.615651047692449e-05,2.2359658421433535e-07,1.37082928897272e-08
3.3699999999999974,4.650261105778332,2.999732213957008,-7.614292566526001e-05,4.65026093559093,2.9997323603243307,-7.615678726949587e-05,2.2447081088274025e-07,1.3861604235862295e-08
3.3999999999999986,4.65026130547049,2.999732213941803,-7.614298749846523e-05,4.650261335316331,2.9997323620360787,-7.615706405225934e-05,1.5107180002669073e-07,1.4076553794109873e-08
3.4399999999999977,4.650261704863754,2.999732213911392,-7.614311134961679e-05,4.650261735053521,2.9997323637478233,-7.615734082445935e-05,1.5284756515189736e-07,1.4229474842560388e-08
3.469999999999999,4.650262104268944,2.99973221388098,-7.614323544501741e-05,4.6502621348024995,2.9997323654595633,-7.615761758658815e-05,1.5462330018512596e-07,1.4382141570737296e-08
3.5,4.650262303976013,2.9997322138657734,-7.614329758464419e-05,4.650262534563268,2.9997323671713,-7.615789433813298e-05,2.7689901887486495e-07,1.459675348879075e-08
3.539999999999999,4.650262703399094,2.99973221383536,-7.614342204508614e-05,4.650262934335827,2.999732368883032,-7.615817108000702e-05,2.781574287734135e-07,1.4749034920883883e-08
3.5700000000000003,4.650263102834103,2.9997322138049456,-7.614354674711262e-05,4.650262934335827,2.999732368883032,-7.615817108000702e-05,2.2899974194876916e-07,1.4624332894401146e-08
3.5999999999999943,4.65026330255608,2.999732213789738,-7.614360918872006e-05,4.650263334120175,2.999732370594761,-7.615844781202962e-05,1.5995032751525853e-07,1.4838623309552717e-08
3.6400000000000006,4.650263702008977,2.9997322137593225,-7.61437342509029e-05,4.650263733916314,2.999732372306485,-7.61587245338065e-05,1.6172594383150517e-07,1.499028290360201e-08
3.6699999999999946,4.6502641014738,2.9997322137289055,-7.614385955244981e-05,4.650264133724243,2.9997323740182056,-7.615900124499834e-05,1.6350153148851926e-07,1.514169254852849e-08
3.6999999999999957,4.650264301210683,2.999732213713697,-7.61439222924852e-05,4.650264133724243,2.9997323740182056,-7.615900124499834e-05,2.3183882992501975e-07,1.5078952513139293e-08
3.739999999999995,4.650264700693394,2.9997322136832785,-7.614404795063575e-05,4.650264933375475,2.999732377441635,-7.61595546377238e-05,2.8453075415332906e-07,1.550668708804432e-08
3.769999999999996,4.650265100188028,2.9997322136528597,-7.614417384415359e-05,4.650264933375475,2.999732377441635,-7.61595546377238e-05,2.3378021907419082e-07,1.5380793570211556e-08
3.799999999999997,4.650265299939816,2.9997322136376496,-7.614423687862012e-05,4.650265333218777,2.9997323791533437,-7.615983131898926e-05,1.6882812032743215e-07,1.5594440369139984e-08
3.8399999999999963,4.650265699452335,2.999732213607229,-7.614436312341252e-05,4.650265733073874,2.9997323808650487,-7.616010799033403e-05,1.7060359334634178e-07,1.574486692151216e-08
3.8699999999999974,4.650266098976778,2.9997322135768076,-7.614448960135175e-05,4.65026613294076,2.9997323825767492,-7.616038465178223e-05,1.7237903678434802e-07,1.589505043047884e-08
3.8999999999999986,4.65026629874347,2.9997322135615963,-7.614455292669672e-05,4.65026653281944,2.999732384288446,-7.616066130277639e-05,2.897226552473662e-07,1.610837607967069e-08
3.9399999999999977,4.650266698285796,2.9997322135311735,-7.614467975102554e-05,4.65026653281944,2.999732384288446,-7.616066130277639e-05,2.3777544192337053e-07,1.598155175085408e-08
3.969999999999999,4.650267097840044,2.9997322135007494,-7.614480680628074e-05,4.650266932709913,2.9997323860001384,-7.616093794268737e-05,2.3879698351434753e-07,1.6131136406632583e-08
4.0,4.650267297621638,2.999732213485537,-7.61448704198396e-05,4.650267332612179,2.9997323877118274,-7.616121457186614e-05,1.777052002466139e-07,1.6344152026532698e-08
4.039999999999999,4.650267697193767,2.9997322134551117,-7.614499781793168e-05,4.6502677325262365,2.999732389423512,-7.616149119134329e-05,1.794805318024768e-07,1.6493373411604825e-08
4.07,4.650268096777817,2.9997322134246853,-7.614512544428561e-05,4.650268132452089,2.9997323911351934,-7.616176780131675e-05,1.812558366899923e-07,1.6642357031140527e-08
4.099999999999994,4.650268296574312,2.9997322134094717,-7.614518934161748e-05,4.650268132452089,2.9997323911351934,-7.616176780131675e-05,2.4191431614321645e-07,1.657845969927046e-08
4.140000000000001,4.650268696176243,2.999732213379044,-7.614531730547921e-05,4.650268932339177,2.9997323945585435,-7.616232099018402e-05,2.976557445032806e-07,1.7003684704813816e-08
4.169999999999995,4.650269095790093,2.999732213348615,-7.614544549493826e-05,4.650268932339177,2.9997323945585435,-7.616232099018402e-05,2.440353254390411e-07,1.6875495245766126e-08
4.199999999999996,4.650475112353237,2.999732199317302,-6.701249651207871e-05,4.6507563475115985,2.999736160415158,-0.00021961078939975357,0.0002812630523101117,0.00015259829288767485
4.239999999999995,4.652289871517819,2.9997321472547047,-3.7063959136266335e-05,4.652707782237023,2.999728244142846,-0.00024864565831035504,0.0004179289455248937,0.0002115816991740887
4.269999999999996,4.654419910411915,2.9997321271355046,-1.5529324097088705e-05,4.6547451421184745,2.999731825958467,-0.00018797731551710372,0.00032523184601056324,0.000172447991420015
4.299999999999997,4.655679912906647,2.9997321297033084,-7.885464497584395e-06,4.6547451421184745,2.999731825958467,-0.00018797731551710372,0.0009347708375223255,0.00018009185101951932
4.339999999999996,4.659513360115242,2.999732128503097,3.653111303139367e-08,4.657991032681334,2.999630009891783,-0.00043255733656126716,0.0015257486774713548,0.00043259386767429856
4.369999999999997,4.6636393674022285,2.999732152512316,9.974015272592588e-06,4.662008091855488,2.999608350274677,-0.00031459567011654155,0.001635966657190343,0.00032456968538913415
4.399999999999999,4.665877121679353,2.999732172027517,6.49822993659913e-06,4.666502107940824,2.9995826230194886,-0.0006046596947285241,0.0006426295455623106,0.0006111579246651232
4.439999999999998,4.671738907382346,2.9997321416853575,-1.7215172711725025e-06,4.672446340283942,2.999535351955569,-0.0006358053629697081,0.0007342938839535615,0.0006340838456985356
4.469999999999999,4.677877448525582,2.9997321181819574,6.575406591443765e-06,4.678469262194893,2.9995355389406457,-0.000570851743142565,0.0006236079034927335,0.0005774271497340088
4.5,4.681113303047266,2.9997321428104153,9.74007550014992e-06,4.685973315051308,2.9995250808301916,-0.0006575441128336629,0.004864420966886723,0.0006672841883338128
4.539999999999999,4.688946157458632,2.9997321712186955,8.719163150824477e-06,4.694008197024915,2.999524495570157,-0.0006025582778240528,0.005066297834277425,0.0006112774409748773
4.57,4.697089768247705,2.999732296383638,2.151872849221705e-05,4.694008197024915,2.999524495570157,-0.0006025582778240528,0.0030885696332137065,0.0006240770063162699
4.599999999999994,4.70132537246625,2.9997324082544714,2.358712266770884e-05,4.702537682435782,2.9995122491685935,-0.0007340772057743708,0.0012321385820281878,0.0007576643284420796
4.640000000000001,4.711158411662553,2.999732560836667,1.7936373614587807e-05,4.71254930491303,2.999490301500935,-0.0007006844155325307,0.001411833425008631,0.0007186207891471185
4.669999999999995,4.721302049731496,2.9997327441284276,2.3736112915847683e-05,4.722585783559356,2.9994883474857126,-0.0006487802078962916,0.0013067908247924697,0.0006725163208121393
4.699999999999996,4.726543590347424,2.999732872870505,2.5858413574172544e-05,4.722585783559356,2.9994883474857126,-0.0006487802078962916,0.00396535335569051,0.0006746386214704641
4.739999999999995,4.73838302702424,2.9997329227774743,9.566561520965165e-06,4.734114610749832,2.9994518762272295,-0.0008013551833665216,0.004277658781978675,0.0008109217448874868
4.769999999999996,4.750525700879589,2.999732923812326,1.0735585140205926e-05,4.7461761510192435,2.999446811160559,-0.0007685288129663083,0.004358949923677725,0.0007792643981065142
4.799999999999997,4.7567514156047235,2.9997328874561098,-1.979062149485139e-06,4.758888793117286,2.9994372940454483,-0.00088666656582735,0.0021577205786745633,0.0008846875036778648
4.839999999999996,4.770583893323335,2.9997324813564314,-2.126580712390788e-05,4.772948104497846,2.9994049235001983,-0.000815190708159237,0.002386794634413696,0.0007939249010353291
4.869999999999997,4.784719361716977,2.9997321992961865,-4.443740276852545e-06,4.787203160880949,2.9993198937643792,-0.0011053844092445623,0.0025177875483264047,0.0011009406689677097
4.899999999999999,4.7919730588477485,2.9997323563512635,1.5236827738859403e-05,4.802753258564693,2.9992581060088987,-0.0014290986127249183,0.010790626456533892,0.0014443354404637776
4.939999999999998,4.807767041808126,2.9997326317792723,4.627417146138163e-06,4.802753258564693,2.9992581060088987,-0.0014290986127249183,0.005036188749329721,0.0014337260298710566
4.969999999999999,4.823874016545469,2.9997326740975025,-9.92621403065187e-07,4.819036661553034,2.9992138328113502,-0.0012262243314611883,0.004865100163722192,0.0012252317100581232
5.0,4.832102645272053,2.999732582323041,-7.08996721353924e-06,4.835967055770101,2.999208362585875,-0.0012935443167753644,0.0038998044605157932,0.001286454349561825
5.039999999999999,4.849936547207565,2.9997325902841916,3.862634544890141e-06,4.85402866764191,2.999177355105094,-0.001330280700731503,0.004129616901516705,0.0013341433352763933
5.07,4.86805050050773,2.999732718045574,-4.932554540291968e-07,4.872414589552011,2.999206746781641,-0.0012526704642983424,0.004395670478652545,0.001252177208844313
5.099999999999994,4.877279256266433,2.9997326347486806,-7.98884431962062e-06,4.872414589552011,2.999206746781641,-0.0012526704642983424,0.004893009339484352,0.0012446816199787219
5.140000000000001,4.897100809610178,2.9997323466420753,-1.0434562109687818e-05,4.9113945174021145,2.9991758089437437,-0.001489810861816015,0.014304538323585652,0.0014793762997063272
5.169999999999995,4.917211122215722,2.9997320800892995,-1.1701185702365081e-05,4.9113945174021145,2.9991758089437437,-0.001489810861816015,0.005843143772410486,0.00147810967611365
5.199999999999996,4.927257957952223,2.9997319325447096,-1.4110137190429378e-05,4.931084875346897,2.999164744824157,-0.0012608061505503725,0.003868720545090456,0.0012466960133599432
5.239999999999995,4.94731861338536,2.999731632611752,-1.2001835941736062e-05,4.950590372704399,2.9991544916985347,-0.001180484096477504,0.003322273419727074,0.001168482260535768
5.269999999999996,4.967360597477381,2.999731382322057,-1.2364064119855102e-05,4.969814146714711,2.9991027591895882,-0.0011755703346681353,0.002532799025323332,0.0011632062705482804
5.299999999999997,4.97737992786514,2.999731092080722,-3.7719465386435304e-05,4.969814146714711,2.9991027591895882,-0.0011755703346681353,0.007591827621743741,0.0011378508692817002
5.339999999999996,4.997401314985901,2.999730063032612,-5.521582462696725e-05,4.988942404587024,2.999000714871583,-0.000996555580137975,0.008490295276150896,0.0009413397555110078
5.369999999999997,5.017388291863669,2.99972816827566,-0.00010429965423885176,5.008320379285123,2.998908737730565,-0.0008428408130555379,0.009104861610721318,0.0007385411588166861
5.399999999999999,5.027375261792644,2.9997266906512037,-0.00012928546563827678,5.027888377265015,2.998850957500436,-0.0007394424416886097,0.0010149857335648876,0.0006101569760503329
5.439999999999998,5.047362477882102,2.9997234282657037,-0.0001480534272546495,5.0476237892991485,2.9988554576681348,-0.0009402531853829119,0.0009064527648604881,0.0007921997581282624
5.469999999999999,5.067352728245758,2.9997198468234525,-0.00018375703572614296,5.067407723486595,2.998770066423656,-0.0008251153982281608,0.0009513712652548375,0.0006413583625020178
5.5,5.077351969369486,2.9997178371990088,-0.0001920545030380448,5.087228032303357,2.9986785878289033,-0.0008841414982180566,0.009930592043128187,0.0006920869951800118
5.539999999999999,5.097347827597479,2.999713252576889,-0.00023516320788784836,5.107116348480875,2.9986318768216442,-0.0009791748650469741,0.009828192803022273,0.0007440116571591258
5.57,5.117343411760013,2.9997081742029517,-0.0002599043993336468,5.107116348480875,2.9986318768216442,-0.0009791748650469741,0.0102835421605836,0.0007192704657133273
5.599999999999994,5.1273439235679215,2.999705561036092,-0.0002627285552281232,5.127025677757389,2.998594175351784,-0.0010888089086011896,0.0011560529984417987,0.0008260803533730665
5.640000000000001,5.147330908412493,2.999700407790694,-0.00026708275991692884,5.146976028072323,2.9985880247837358,-0.0011892488966143478,0.0011676198054198263,0.000922166136697419
5.669999999999995,5.157326871377715,2.999697855303876,-0.0002687701123902296,5.166977775611389,2.998556562156962,-0.0011840127694831603,0.009718153249189293,0.0009152426570929307
5.699999999999996,5.1773236819573265,2.999692771381877,-0.00026938225524174894,5.166977775611389,2.998556562156962,-0.0011840127694831603,0.010408109795813076,0.0009146305142414113
5.739999999999995,5.19732228573011,2.9996877270084803,-0.0002677147061051964,5.1869803691325425,2.9985275666926734,-0.0011792137776100316,0.010406786769671382,0.0009114990715048352
5.769999999999996,5.217321687119275,2.9996827263316135,-0.0002647738310021995,5.206983337721152,2.9985019227691025,-0.0011748169827884656,0.010405564152458227,0.0009100431517862661
5.799999999999997,5.227321692621594,2.9996802426769675,-0.0002630178633269341,5.226987030721023,2.9984775988468897,-0.0011704916537180186,0.0012483392045905242,0.0009074737903910845
5.839999999999996,5.247322345075644,2.999675309320272,-0.000259188797015356,5.246991375907805,2.9984539539693706,-0.001166122483870839,0.0012654048692949688,0.0009069336868554829
5.869999999999997,5.267323529589525,2.999670419896629,-0.0002553138211196436,5.266995951875766,2.998430853270795,-0.0011622322492246355,0.0012821203447546086,0.0009069184281049919
5.899999999999999,5.277324493276841,2.9996679992530977,-0.00025217723726166693,5.287106940150493,2.9984451350968913,-0.0009587902585246528,0.009858583244075356,0.0007066130212629859
5.939999999999998,5.297318178241255,2.999662934233037,-0.00026282689443379067,5.287106940150493,2.9984451350968913,-0.0009587902585246528,0.010283599471110778,0.0006959633640908621
5.969999999999999,5.317315899847653,2.999657618399757,-0.00027139071941672296,5.307335881270925,2.998443388352017,-0.0010020785898572854,0.010053612554732543,0.0007306878704405624
6.0,5.327310905971081,2.999654878589889,-0.00027412296740324845,5.32761188656942,2.9983898062317964,-0.0009856389931953953,0.0013003835556427174,0.0007115160257921469
6.039999999999999,5.347292965994354,2.9996500323502997,-0.00023719336115911912,5.3480878629539506,2.9983117763818763,-0.0011709579579394496,0.0015565314688101785,0.0009337645967803305
6.07,5.3672927506326245,2.9996456564376204,-0.00023282477117735664,5.368590369678916,2.998333511549192,-0.0009808519746632252,0.0018454103601983833,0.0007480272034858685
6.099999999999994,5.377283957361633,2.999643400468947,-0.00023580814852074738,5.368590369678916,2.998333511549192,-0.0009808519746632252,0.008791716315895442,0.0007450438261424778
6.140000000000001,5.397262003644103,2.9996388722409573,-0.00023571746671956814,5.410166158162525,2.998363989173886,-0.0007599113349742777,0.01296697847110162,0.0005241938682547096
6.169999999999995,5.41723622915591,2.9996340488689293,-0.00023853450547205765,5.410166158162525,2.998363989173886,-0.0007599113349742777,0.007183241293488545,0.0005213768295022201
6.199999999999996,5.427224938353309,2.9996316764357758,-0.00023616618344245762,5.431285099463534,2.99839115351111,-0.0008531232410360916,0.004245445249630446,0.000616957057593634
6.239999999999995,5.447238174449492,2.999626904806247,-0.0002418332425719792,5.452178854760138,2.9983992558512567,-0.0006303833423202602,0.005090917784515677,0.000388550099748281
6.269999999999996,5.467314172191685,2.9996217597116637,-0.00025351641328729454,5.47240845343555,2.9984158903005333,-0.00041019705383335943,0.005235057060653395,0.0001566806405460649
6.299999999999997,5.477356685228648,2.999619136817985,-0.000255474475549403,5.47240845343555,2.9984158903005333,-0.00041019705383335943,0.005092425753998533,0.0001547225782839564
6.339999999999996,5.497386896820482,2.999613906113132,-0.00026052734101632876,5.492112305165063,2.998368218893854,-0.0005146244486137031,0.005419691299298992,0.0002540971075973744
6.369999999999997,5.517397112001052,2.9996085872535314,-0.00028056465530811633,5.5116920404502405,2.9983285997363787,-0.0011143549123926024,0.005846897420337033,0.000833790257084486
6.399999999999999,5.527397850563027,2.9996055905051926,-0.00029193280862948353,5.531103189609418,2.998258783573684,-0.001122507607642119,0.003942515232623653,0.0008305747990126354
6.439999999999998,5.547398261248238,2.9995995350336315,-0.0002929798824642314,5.550650857733868,2.9982109471500724,-0.0014319567028973155,0.003536602919285274,0.0011389768204330842
6.469999999999999,5.567391025498858,2.999593392133839,-0.00031292593496456175,5.570308245120067,2.998091924808695,-0.0013097568797393578,0.0032809410916448674,0.000996830944774796
6.5,5.577380070002642,2.9995901147754043,-0.0003184743959139179,5.5900869718033315,2.9981093340417355,-0.0014590336362801067,0.01279289118821769,0.001140559240366189
6.539999999999999,5.597372414367891,2.999583595919085,-0.00031908186184258816,5.609938336608545,2.9981251080170894,-0.001516899482270373,0.012650280183396359,0.001197817620427785
6.57,5.617358343167232,2.9995774745687345,-0.00030648038838320443,5.609938336608545,2.9981251080170894,-0.001516899482270373,0.0075608111953209605,0.0012104190938871688
6.599999999999994,5.6273519514992465,2.9995746112968247,-0.00029862564861037646,5.629911696308885,2.9980898928380952,-0.001505792989831778,0.0029591692064097515,0.0012071673412214015
6.640000000000001,5.647347848813133,2.999569161115052,-0.00028268774329530996,5.649916796881629,2.9980604410298217,-0.001481426809953743,0.0029792164194987016,0.001198739066658433
6.669999999999995,5.667346994489015,2.9995640098821994,-0.0002672551659139631,5.669936845735294,2.998026956087811,-0.0014868207228036833,0.0030116214643772345,0.0012195655568897202
6.699999999999996,5.677349782528869,2.9995615227801338,-0.0002585864979309714,5.669936845735294,2.998026956087811,-0.0014868207228036833,0.007570107452257188,0.001228234224872712
6.739999999999995,5.697347426151002,2.9995567101723553,-0.0002468889385285254,5.6899082532404845,2.997995574838284,-0.0014582412661226529,0.007601212871895204,0.0012113523275941273
6.769999999999996,5.717345664422652,2.999552060574332,-0.00023596245342604502,5.709907532474293,2.997962025953125,-0.0014420395991724174,0.007606182812543263,0.0012060771457463723
6.799999999999997,5.72734471494459,2.9995497927687786,-0.00023104666476991037,5.7299077992689424,2.9979306498639025,-0.0014314306023086548,0.0030316703317067963,0.0012003839375387445
6.839999999999996,5.747343562273118,2.9995453589503915,-0.00022226215582964764,5.749909587788737,2.997900203552403,-0.0014221004112636665,0.003048117981696622,0.001199838255434019
6.869999999999997,5.757343374147812,2.9995431884206023,-0.00021835593868035113,5.769912568212739,2.9978702671627757,-0.0014137346848237568,0.012680035685150116,0.0011953787461434057
6.899999999999999,5.777343739218747,2.9995389300361506,-0.00021145232440721625,5.789924754555821,2.9978421493599483,-0.001397833836891069,0.012694920699823975,0.001186381512483853
6.939999999999998,5.797347525711794,2.9995347532898995,-0.00020646609741103202,5.789924754555821,2.9978421493599483,-0.001397833836891069,0.0076133067518419735,0.0011913677394800371
6.969999999999999,5.817341871634269,2.999530796574151,-0.0001816300795132096,5.809947597130056,2.997799298673465,-0.0013788525363260687,0.007594299205570683,0.0011972224568128592
7.0,5.8273417869308295,2.9995291749155313,-0.00016684432337243135,5.830197573543309,2.9976958087742434,-0.0015797593816430024,0.003393633537086424,0.001412915058270571
7.039999999999999,5.8473316455685715,2.999526229123332,-0.00015199284296295898,5.850546212089684,2.9976766024936836,-0.0014034454620154495,0.003708713602822774,0.0012514526190524904
7.07,5.867333553046771,2.9995232290388762,-0.0001510224402532155,5.87105810754099,2.9975999039559538,-0.0016631246458121884,0.004191835583011664,0.001512102205558973
7.099999999999994,5.8773213108303874,2.9995221491576376,-0.00011360283255056656,5.87105810754099,2.9975999039559538,-0.0016631246458121884,0.00655154501317937,0.0015495218132616218
7.140000000000001,5.89727334707502,2.9995205919876446,-6.841466063333454e-05,5.912446046126445,2.9974773459454735,-0.0018111468073547985,0.015309658745183459,0.0017427321467214638
7.169999999999995,5.9172489215592385,2.9995199838439515,-4.244367773308707e-05,5.912446046126445,2.9974773459454735,-0.0018111468073547985,0.005219193616568582,0.0017687031296217113
7.199999999999996,5.9272180879740075,2.99952025349497,9.56693375343223e-06,5.9334114765636174,2.9973844573357407,-0.001978461094742663,0.00655131188814033,0.001988028028496095
7.239999999999995,5.947171264102239,2.9995217377787564,5.7368329116299775e-05,5.954450792663064,2.997360979612343,-0.0018265124623807803,0.007593445326173671,0.0018838807914970802
7.269999999999996,5.967190210683429,2.999523520073937,8.391129493446576e-05,5.975331280954818,2.997363405535101,-0.0015773979220546157,0.008422773888962181,0.0016613092169890816
7.299999999999997,5.977234332161728,2.999524469119935,9.591810824694747e-05,5.975331280954818,2.997363405535101,-0.0015773979220546157,0.002879548526039185,0.0016733160303015631
7.339999999999996,5.9973569154763195,2.9995267027145838,0.00012601667752122026,5.995477616651095,2.9973591796825683,-0.0013939015358090023,0.00286878374382051,0.0015199182133302225
7.369999999999997,6.007376652926821,2.9995280443082573,0.00014080051800814078,6.015075159738149,2.997342609574611,-0.0014972650172894526,0.008002695302152774,0.0016380655352975933
7.399999999999999,6.027398336546947,2.9995309828881793,0.0001615058904278567,6.034432359245376,2.9973307196289145,-0.0014648379969027065,0.007370117619963475,0.0016263438873305633
7.439999999999998,6.047386928910539,2.9995340115904985,0.00015801192543186363,6.053868738554016,2.997225269309042,-0.0008913771745840895,0.00688070833391825,0.0010493891000159532
7.469999999999999,6.0673733285913105,2.9995359479472383,0.0001126135252922457,6.073469662035217,2.99714496891266,-0.0008685127810913541,0.006548439676983171,0.0009811263063835998
7.5,6.077366832057825,2.99953662770752,0.00010664789602300121,6.093168825404396,2.9971348743019584,-0.0011939943034973996,0.015983473125269126,0.001300642199520401
7.539999999999999,6.097361700783527,2.9995379466079632,9.645325775787487e-05,6.112918874816863,2.997116950893574,-0.0012169350106416375,0.015744423906660036,0.0013133882683995122
7.57,6.1173421744597345,2.9995393134582455,8.38682961530414e-05,6.112918874816863,2.997116950893574,-0.0012169350106416375,0.0050431557704821986,0.0013008033067946788
7.599999999999994,6.127332966673521,2.9995399385571626,8.15622844057086e-05,6.132730115519018,2.997114011649056,-0.0012897119038162727,0.005917291358715209,0.0013712741882219814
7.640000000000001,6.147327614127303,2.999541284862068,8.258649816129352e-05,6.152652815113649,2.997116915270065,-0.0013941630808067403,0.005851096774418114,0.001476749578968034
7.669999999999995,6.167320967106274,2.999542919094587,8.901953050189604e-05,6.17265346957768,2.997083425769939,-0.001362840573121323,0.0058723666457008265,0.0014518601036232189
7.699999999999996,6.177319572758995,2.9995438334660243,9.276729590524624e-05,6.17265346957768,2.997083425769939,-0.001362840573121323,0.005275047386481881,0.001455607869026569
7.739999999999995,6.197317983762812,2.9995458222941034,0.00010115096839347873,6.192655451824764,2.997051191687938,-0.0013461318688966963,0.0052879472325785635,0.001447282837290175
7.769999999999996,6.217317176915168,2.999547997908866,0.00010956885334257552,6.212657669652076,2.99702175674576,-0.0013327861042402738,0.005300273799435232,0.0014423549575828492
7.799999999999997,6.227316949492536,2.9995491459073222,0.0001135371585163715,6.2326598078634445,2.9969934973063674,-0.0013228290257982086,0.005922624025138458,0.0014363661843145802
7.839999999999996,6.247316590681632,2.9995515387863256,0.0001205724062793924,6.25266180244252,2.9969656547589385,-0.0013156482308436615,0.005937851881937799,0.0014362206371230537
7.869999999999997,6.267316849559726,2.999554037762777,0.00012656602893624483,6.272664843639764,2.996938339394671,-0.0013089926329125274,0.005953395554894457,0.0014355586618487724
7.899999999999999,6.277318379952099,2.9995553069486167,0.0001272443006563674,6.29267314153475,2.9969048810092347,-0.0012809082394964516,0.015581831115764012,0.001408152540152819
7.939999999999998,6.297319689330391,2.99955794751772,0.00013522973466374114,6.29267314153475,2.9969048810092347,-0.0012809082394964516,0.005350623170773956,0.0014161379741601927
7.969999999999999,6.317323280761237,2.999560707172319,0.00014104244564073457,6.312685093572922,2.9968805020012725,-0.0012706973000537033,0.0053568909035706935,0.001411739745694438
8.0,6.327323278765672,2.999562151861005,0.00014540543264885645,6.332695271157818,2.996849068358994,-0.001231440576261414,0.006018232660022719,0.0013768460089102702
8.04,6.347325310167188,2.999565090666679,0.00014964168162357694,6.352707843412527,2.9968300106374928,-0.001226404625291551,0.006037576244093167,0.0013760463069151278
8.07,6.367315260498486,2.999568097200126,0.00015731049228252203,6.37288707485508,2.9968075817223236,-0.001204139613602049,0.006218163790664303,0.001361450105884571
8.099999999999994,6.377298413620656,2.999569649990161,0.0001585865781799169,6.37288707485508,2.9968075817223236,-0.001204139613602049,0.005204702760087771,0.001362726191781966
8.14,6.397280231595874,2.999572818214778,0.000163798872092399,6.41396398255956,2.9967507258457466,-0.0011854967119846115,0.016920749142919758,0.0013492955840770106
8.169999999999995,6.417241264291995,2.9995759871656493,0.00016365532518559337,6.41396398255956,2.9967507258457466,-0.0011854967119846115,0.004326970889605422,0.001349152037170205
8.199999999999996,6.427207500290659,2.999577493951491,0.00015699313090356784,6.434895737906864,2.996748660767951,-0.0013279609267258235,0.008192148364350116,0.0014849540576293914
8.239999999999995,6.447178133543162,2.999580401656624,0.0001506021910005008,6.456011368434181,2.996720954899778,-0.0013498968766584797,0.009284528765378774,0.0015004990676589806
8.269999999999996,6.467157153941929,2.9995831718466435,0.0001462464202008985,6.477314652534437,2.99669471205011,-0.001232855278415128,0.010560207273202265,0.0013791016986160263
8.299999999999997,6.477158329214609,2.999584545954467,0.00014351406790225852,6.477314652534437,2.99669471205011,-0.001232855278415128,0.0028940589100936286,0.0013763693463173863
8.339999999999996,6.497196016805013,2.999587015330608,0.000122750777143973,6.498442228489111,2.996717512362435,-0.0009267133196122931,0.003128432650055802,0.0010494640967562661
8.369999999999997,6.517282460483576,2.999588837985602,9.72247202864009e-05,6.5188736832106695,2.9967305130882242,-0.00040757659682597004,0.0032713928205256627,0.0005048013171123709
8.399999999999999,6.527315669464265,2.999589575097708,8.762310855226732e-05,6.538691959893977,2.9967063415909756,-0.00042138999752711824,0.011735971173937564,0.0005090131060793855
8.439999999999998,6.54733478352253,2.9995908583289586,7.741064399913967e-05,6.558305871019866,2.9966292916979445,-0.000933669769757175,0.011363786243331968,0.0010110804137563147
8.469999999999999,6.567335127026585,2.9995916828011793,3.594324292134034e-05,6.577740723279697,2.996506541664381,-0.0009201589221878922,0.010853318811163144,0.0009561021651092325
8.5,6.577326930980448,2.9995916231646724,-3.2416500392794213e-06,6.597306072687778,2.9964001908931146,-0.0009254671757753718,0.020232432955666357,0.0009222255257360924
8.54,6.597315667460778,2.9995906302791524,-5.962390485180532e-05,6.616977797476039,2.9962819994593453,-0.0009586245427354078,0.019938565511059415,0.0008990006378836024
8.57,6.617308624914288,2.9995884233506467,-0.00011687093659661682,6.616977797476039,2.9962819994593453,-0.0009586245427354078,0.003322933304005203,0.000841753606138791
8.599999999999994,6.627303274554698,2.999586817580355,-0.00014062605857145013,6.636750595312539,2.9961960566574586,-0.0009577860876983944,0.010037386569111548,0.0008171600291269443
8.64,6.64729757280829,2.9995830977027325,-0.00018977067473423855,6.65660856018623,2.9960875623998824,-0.0009505571875394813,0.009945514215244857,0.0007607865128052428
8.669999999999995,6.667288577055682,2.999578323909221,-0.00023886114009540646,6.676601400038776,2.996055077594719,-0.001021617151602647,0.009957004394249631,0.0007827560115072405
8.699999999999996,6.677286248476896,2.9995756514783496,-0.00026064390398138667,6.676601400038776,2.996055077594719,-0.001021617151602647,0.0035865663040431785,0.0007609732476212603
8.739999999999995,6.697279820195471,2.9995698901106467,-0.00029607699194688405,6.6965955295342185,2.996033876965737,-0.0010714769362576316,0.0036016166745019124,0.0007753999443107475
8.769999999999996,6.717274467528341,2.999563653042545,-0.0003256442403174385,6.716589000667709,2.996008250704205,-0.0011302898296269499,0.0036208770490721662,0.0008046455893095113
8.799999999999997,6.727272224417157,2.999560397296062,-0.0003367929032986803,6.736586734024052,2.9959904730331464,-0.0011448070732375895,0.009975191650284048,0.0008080141699389092
8.839999999999996,6.747268475563324,2.9995536881835205,-0.0003544483563715427,6.756586522651579,2.995967681540395,-0.0011547168064005027,0.009984259871592184,0.00080026845002896
8.869999999999997,6.767265025972067,2.9995467755781466,-0.00036800200035068994,6.776583196466547,2.9959491768824464,-0.0011780494445027534,0.009988544325350393,0.0008100474441520635
8.899999999999999,6.777262989069251,2.999543238034457,-0.00037354717429204695,6.796582690862363,2.99592828583733,-0.0011974568167983871,0.019654993176348008,0.0008239096425063402
8.939999999999998,6.79726003083607,2.999536025075391,-0.0003831723093188276,6.796582690862363,2.99592828583733,-0.0011974568167983871,0.003670772650250608,0.0008142845074795595
8.969999999999999,6.817257808037976,2.9995286316840493,-0.00039112317740496485,6.816583380415461,2.9959085311586438,-0.001217103083085355,0.0036823878709407597,0.0008259799056803902
9.0,6.827257440980741,2.9995248710738664,-0.00039426404082409147,6.83658577675396,2.995884571250381,-0.0012400010555670858,0.010013472479753753,0.0008457370147429943
9.04,6.847258192549724,2.9995172373576597,-0.00039968043239978804,6.85661529325174,2.9958456688590074,-0.0013398001688144617,0.010051654032444951,0.0009401197364146737
9.07,6.86724587492052,2.999509929325491,-0.00037816485304741673,6.876912502909134,2.9957836447665356,-0.0015335868463686973,0.010359965892056228,0.0011554219933212805
9.099999999999994,6.877246884008595,2.999506393760843,-0.0003789940466265494,6.876912502909134,2.9957836447665356,-0.0015335868463686973,0.0037377360519828457,0.0011545927997421478
9.14,6.897236804499712,2.999499385617582,-0.00036931922059023944,6.9176034140724125,2.9957389709006197,-0.0013272324915594976,0.020710854746494103,0.0009579132709692581
9.169999999999995,6.91723360076342,2.9994922783191273,-0.00037205927208660324,6.9176034140724125,2.9957389709006197,-0.0013272324915594976,0.003771482263160296,0.0009551732194728943
9.199999999999996,6.926993766163295,2.999489186838131,-0.00034205417666632084,6.938110816388026,2.995668025810241,-0.0017194922217245005,0.011755427567734355,0.0013774380450581798
9.239999999999995,6.945113416459737,2.999483776404152,-0.0003200104915450562,6.958223302341303,2.9955989775454155,-0.0014280561131243862,0.01367335986510028,0.0011080456215793299
9.269999999999996,6.962990830462283,2.999478771004972,-0.00029851050121298164,6.978112371006157,2.995624474671206,-0.001103740369898413,0.01560501805985781,0.0008052298686854315
9.299999999999997,6.9717336493304405,2.9994763274094476,-0.0002955175004444231,6.978112371006157,2.995624474671206,-0.001103740369898413,0.00745150050213718,0.00080822286945399
9.339999999999996,6.987808134348532,2.9994722332493517,-0.00026470351893714036,6.998072750366144,2.9956312424688405,-0.0012307988289612887,0.010959724091645535,0.0009660953100241483
9.369999999999997,7.003723862721417,2.999468394072807,-0.00024884110548550095,7.017895314199963,2.9956162772743067,-0.0012285525927608794,0.014685667871706751,0.0009797114872753783
9.399999999999999,7.011584116090191,2.999466562857833,-0.00023977055711931524,7.036402514485114,2.9956891588720174,-0.000996786634842554,0.02510421637417063,0.0007570160777232387
9.439999999999998,7.0262377339504685,2.999463448539041,-0.0002096283397612285,7.0516180418055,2.995776824685597,-0.0007101251448798104,0.02564666103517089,0.000500496805118582
9.469999999999999,7.040657427645911,2.9994610401295647,-0.00016782070772802013,7.064939036983496,2.9957905469214343,-0.0007933861306435821,0.024557464698417648,0.000625565422915562
9.5,7.047520559402645,2.999460084249238,-0.0001535728629498055,7.077125537110824,2.995814055813654,-0.0009010262904284731,0.029828647781199837,0.0007474534274786676
9.54,7.059751835982182,2.9994584664957467,-0.000139106593027397,7.088707255793285,2.9958264341941674,-0.0011656009507034916,0.02918232333240338,0.0010264943576760947
9.57,7.071603996435142,2.9994568324845097,-0.00013029104970984403,7.088707255793285,2.9958264341941674,-0.0011656009507034916,0.01748431504001266,0.0010353099009936476
9.599999999999994,7.077376666115805,2.999456087335616,-0.00012082640142917808,7.099634451257561,2.995820055420449,-0.0010755735227160731,0.02255282083254065,0.0009547471212868951
9.64,7.087525119974348,2.999454819382653,-0.00011832362785945446,7.109536891253514,2.995785015855022,-0.0011657342909409,0.022315589456201344,0.0010474106630814456
9.669999999999995,7.097389590984076,2.9994537380870065,-9.789293223438119e-05,7.119240819716376,2.9958070410485536,-0.0014195747747474388,0.022153433061301735,0.0013216818425130575
9.699999999999996,7.102125708178004,2.999453243490291,-0.00010087655371981182,7.119240819716376,2.9958070410485536,-0.0014195747747474388,0.017499195273413048,0.0013186982210276268
9.739999999999995,7.110323912789097,2.9994526811999975,-5.926319018478051e-05,7.127694671300785,2.995776915301354,-0.000937058734053873,0.017755407801934714,0.0008777955438690925
9.769999999999996,7.118186253463318,2.999452346308939,-4.308114458661291e-05,7.135472185400227,2.995761082420292,-0.001095446952547018,0.01767565761218203,0.0010523658079604052
9.799999999999997,7.121948142516036,2.999452221485909,-3.335998462649411e-05,7.142658295393832,2.9957500847970433,-0.0010580735971214331,0.021038446907619548,0.001024713612494939
9.839999999999996,7.128094512764177,2.9994520970796907,-1.7826266990309386e-05,7.148638683144236,2.9957268804318224,-0.0010658491233394294,0.02087918043598622,0.00104802285634912
9.869999999999997,7.133952451687229,2.9994519643580406,-1.6390111962075594e-05,7.154517569326894,2.995712991036798,-0.0011745939702816656,0.020902248324767475,0.00115820385831959
9.899999999999999,7.136720844690059,2.9994519140268863,-6.534200729594176e-06,7.158834675114374,2.995675730942466,-0.0009497218499801497,0.022433926422328034,0.0009431876492505555
9.939999999999998,7.140881177339409,2.9994519413602507,1.7304073431264754e-05,7.158834675114374,2.995675730942466,-0.0009497218499801497,0.01834633062699591,0.0009670259234114144
9.969999999999999,7.14475055868261,2.999452040152066,3.283552714373431e-05,7.162616084414041,2.99564848834549,-0.0010401635432267223,0.018265924997265846,0.0010729990703704567
10.0,7.14651816169758,2.999452105529707,4.337818224065772e-05,7.165954143172849,2.9956667760952174,-0.0009463332186737959,0.019801163976761613,0.0009897114009144537
10.04,7.148674130826755,2.9994522412749864,6.610220747328101e-05,7.167945217392478,2.9956622058715165,-0.0009597953072536105,0.01964024301741508,0.0010258975147268915
10.07,7.150533707206406,2.999452367121139,7.36738516991044e-05,7.1698294517645715,2.9956311833720153,-0.0008260009268152551,0.019670465253739035,0.0008996747785143595
10.099999999999994,7.15130173121376,2.9994524179616278,7.994020097635516e-05,7.1698294517645715,2.9956311833720153,-0.0008260009268152551,0.018917670644078222,0.0009059411277916103
10.14,7.151524014796005,2.999452433127377,9.04121385321223e-05,7.170298452267211,2.9955626506505455,-0.0005177350467270777,0.019173155975929074,0.0006081471852592
10.169999999999995,7.151386095573015,2.9994524216052474,9.232170030260792e-05,7.170298452267211,2.9955626506505455,-0.0005177350467270777,0.019308225029985304,0.0006100567470296856
10.199999999999996,7.151348012177976,2.999452418494607,9.523059703409845e-05,7.170101266900617,2.9955481910757267,-0.0006174967129914669,0.019155353153376704,0.0007127273100255654
10.239999999999995,7.151302242787239,2.999452414422003,0.00010143044931499548,7.1699061702606235,2.9955426576821695,-0.0006594623635120912,0.019010321280810594,0.0007608928128270867
10.269999999999996,7.1512929241573095,2.999452412959464,0.00011609498834742285,7.169812913886977,2.995540507222438,-0.0006933429447072706,0.018928629799390365,0.0008094379330546935
10.299999999999997,7.151287598151509,2.9994524122390245,0.00011958184456140844,7.169812913886977,2.995540507222438,-0.0006933429447072706,0.018933840708044047,0.0008129247892686791
10.339999999999996,7.151291526425153,2.9994524134923313,0.00010082329168415686,7.16965401742996,2.9954675533842794,-0.0005874402029790538,0.018789895848097996,0.0006882634946632106
10.369999999999997,7.151287354481045,2.999452415465065,5.170520841547248e-05,7.169503047310627,2.99536088834251,-0.0005379099925450757,0.018669548989096632,0.0005896152009605482
10.399999999999999,7.151284455444223,2.9994524160606755,3.378860247394658e-05,7.1694741548733285,2.9953263839406685,-0.0006941476599008135,0.018651790969676965,0.00072793626237476
10.439999999999998,7.151284782770223,2.9994524169712222,1.143465747666898e-05,7.169279808857095,2.9953287656685426,-0.0007895591227206541,0.018461458878790454,0.000800993780197323
10.469999999999999,7.151286354152338,2.9994524172195742,6.497695401960356e-06,7.169017349018682,2.995324795857576,-0.0008499352315838314,0.0182050937118796,0.0008564329269857918
10.5,7.151289613415969,2.9994524174673542,1.7781077648128295e-06,7.168827969046901,2.9953108402645716,-0.0009144760740958598,0.018020726399444846,0.0009162541818606726
10.54,7.151294717219486,2.999452417224121,1.2133774855324219e-05,7.1687168640758605,2.9952804997829,-0.0009318488358576595,0.017914689397850438,0.0009439826107129838
10.57,7.151309570089387,2.999452417717742,9.736977955706748e-06,7.1687168640758605,2.9952804997829,-0.0009318488358576595,0.017900245338725983,0.0009415858138133663
10.599999999999994,7.151316567231461,2.9994524177516317,1.2221649903451236e-05,7.168554565211055,2.995257051657703,-0.0007086185882691571,0.017741185727187636,0.0007208402381726083
10.64,7.151316847554796,2.9994524177225723,1.5085790332721884e-05,7.168395519617806,2.995241721094798,-0.0007890129329458043,0.017590082590113007,0.0008040987232785262
10.669999999999995,7.151316032465592,2.9994524169804317,3.339791156232411e-05,7.168332890519883,2.9952208941294343,-0.0007789892771181156,0.017535086075591143,0.0008123871886804397
10.699999999999996,7.151320370642555,2.9994524175135657,2.471572678498194e-05,7.168332890519883,2.9952208941294343,-0.0007789892771181156,0.01753087626808584,0.0008037050039030975
10.739999999999995,7.151316286295067,2.99945241755229,1.9112158991648896e-05,7.168141770014889,2.995180392564816,-0.0007483447073106393,0.017359351943536792,0.0007674568663022882
10.769999999999996,7.151318508129709,2.999452417677322,1.582597629813067e-05,7.168045093581332,2.995186441535473,-0.0007945792658832658,0.017262016490354887,0.0008104052421813965
10.799999999999997,7.151309910094371,2.9994524176192443,1.5017705347072506e-05,7.167887525559568,2.99517661377943,-0.0009084385319940018,0.01712015867299445,0.0009234562373410743
10.839999999999996,7.151300219915441,2.9994524171047656,2.4027726632577383e-05,7.167746374735309,2.9952213854353125,-0.0010450345217821175,0.01698168535060525,0.001069062248414695
10.869999999999997,7.1513012603217385,2.9994524167620864,3.5978589661097714e-05,7.167616798600571,2.995253904231172,-0.0010703608901900192,0.01684708570644488,0.0011063394798511168
10.899999999999999,7.15130789270397,2.9994524095998756,0.00033591739737316115,7.166559471003683,2.9950172257925227,0.002285566107249021,0.015883371683533015,0.00194964870987586
10.939999999999998,7.151380276684243,2.999452555337395,0.004872337953637514,7.166559471003683,2.9950172257925227,0.002285566107249021,0.015813920714323835,0.0025867718463884926
10.969999999999999,7.151560857891523,2.9994549269418336,0.01659270843923389,7.1628622957979236,2.993285962262445,0.012568270149437736,0.012875504804386081,0.004024438289796154
11.0,7.151662990649978,2.9994576906652894,0.02566365377607905,7.156383450547448,2.989310223571758,0.030198104134982372,0.011191685755860235,0.004534450358903323
11.04,7.151848403325802,2.9994663008273514,0.05020639614261069,7.147785958571273,2.983255217757055,0.053211786792116494,0.016712350872802467,0.003005390649505807
11.07,7.15193610588745,2.999473097526937,0.07968292268445622,7.1388770113948885,2.9762698787309807,0.07669617847710113,0.02662572649635424,0.002986744207355091
11.099999999999994,7.151959130606154,2.999475467901401,0.09550236018424642,7.1388770113948885,2.9762698787309807,0.07669617847710113,0.026639091797658845,0.018806181707145292
11.14,7.152019214719216,2.999483151627136,0.12843811847591116,7.1221221267264445,2.96282947217121,0.12232918384900571,0.04730040262096387,0.0061089346269054545
11.169999999999995,7.152112351418094,2.999497861372391,0.16231272776431618,7.1221221267264445,2.96282947217121,0.12232918384900571,0.047370711876273834,0.03998354391531048
11.199999999999996,7.152171142808999,2.9995086025316056,0.17940600655741856,7.114342454674844,2.9560927525573018,0.14515127056628208,0.05758424849681056,0.03425473599113649
11.239999999999995,7.152337169785985,2.999543493632256,0.21364054084714848,7.107321026538905,2.9498665301989058,0.16681217366925025,0.06703919636153224,0.046828367177898234
11.269999999999996,7.152604951602994,2.9996090889340707,0.24771401860245332,7.1016088144171094,2.944821371366438,0.18575715838141485,0.07484851370703512,0.06195686022103847
11.299999999999997,7.152779350354804,2.9996562186895708,0.26464760361843465,7.1016088144171094,2.944821371366438,0.18575715838141485,0.0750018948367447,0.0788904452370198
11.339999999999996,7.152981557156098,2.9997154020441883,0.2981382150734031,7.098747995193687,2.942295674565233,0.20263230960191403,0.07898293706167259,0.09550590547148907
11.369999999999997,7.151987151375921,2.9993859297203027,0.3302041568307701,7.09914653186905,2.943537676417059,0.2220427213963903,0.07688405860055221,0.10816143543437978
11.399999999999999,7.151288906034894,2.999138569180726,0.3460632621669586,7.102799945464836,2.949450399902291,0.23925872732025427,0.06942689294075498,0.10680453484670432
11.439999999999998,7.150405700004773,2.998802635415616,0.37779809532686204,7.108835853619514,2.9598122234678717,0.2605168468038925,0.05699389750095088,0.11728124852296956
11.469999999999999,7.150158713091937,2.9986963368358586,0.4098916116374809,7.115637008309621,2.971058038631772,0.2861320547311405,0.04422243354560413,0.12375955690634038
11.5,7.150154380560033,2.9986920180930494,0.4260584725668204,7.122097589138499,2.9820643166483745,0.3141040755353509,0.03261386208661443,0.11195439703146948
11.54,7.150191198264533,2.998705665462958,0.458508589307262,7.128246893698121,2.9922259528718653,0.3430923339239785,0.022880978522926743,0.11541625538328354
11.57,7.150202660253971,2.9987092560768644,0.4910058135402229,7.128246893698121,2.9922259528718653,0.3430923339239785,0.022892988129620314,0.1479134796162444
11.599999999999994,7.150213122082569,2.9987142968496348,0.5072670458186803,7.134673148751978,3.0012353226146935,0.36914848767140507,0.01574313634647055,0.13811855814727525
11.64,7.150215730358489,2.9987146595992393,0.5397452323969281,7.140696692927376,3.0098774393389944,0.3941720048425969,0.014670368950139175,0.14557322755433116
11.669999999999995,7.1502009931557176,2.99870458730767,0.5721581583667926,7.1463767743491085,3.018189182398154,0.41866774831609527,0.01985633640229057,0.15349041005069736
11.699999999999996,7.15018271723193,2.998692253074353,0.5883289542379087,7.1463767743491085,3.018189182398154,0.41866774831609527,0.01986493026125642,0.16966120592181339
11.739999999999995,7.150141159028878,2.9986629120704658,0.6206138718968414,7.151809305995037,3.0263927058971762,0.44336466991264967,0.02777992404547893,0.1772492019841917
11.769999999999996,7.1501146925476915,2.998642680228902,0.6528519207815167,7.156756987034277,3.034500392713783,0.4690666765698287,0.036467733967096294,0.18378524421168796
11.799999999999997,7.150111786227333,2.9986399961556267,0.6689625672765651,7.160910077599675,3.042246548939971,0.4962945099662394,0.044923652370391455,0.1726680573103257
11.839999999999996,7.150123979924559,2.998649070824573,0.701174297979885,7.164097460148398,3.04941937280499,0.524661673754906,0.05265815903303807,0.17651262422497893
11.869999999999997,7.150131576193197,2.998654753239587,0.7333637266092932,7.166428414407552,3.055677078799991,0.5546494869319857,0.05930541752741973,0.17871423967730748
11.899999999999999,7.150131273157523,2.9986540856646977,0.7494414768107535,7.1680552790426955,3.0602067616460977,0.5874916784884424,0.0641092965757924,0.16194979832231104
11.939999999999998,7.15013080722788,2.998652934687358,0.78157364018889,7.1680552790426955,3.0602067616460977,0.5874916784884424,0.06411053192032166,0.19408196170044756
11.969999999999999,7.1501296482605525,2.9986510546085587,0.8136881951554743,7.168758356463128,3.0637353383096753,0.6235209438145141,0.06769780464818721,0.19016725134096024
12.0,7.150129726488872,2.9986507774521303,0.8297365564797989,7.168516226106522,3.0661038559113396,0.6631340158937375,0.06991409844812484,0.1666025405860614
12.04,7.150129973577438,2.9986503084389766,0.8618198132316148,7.16728824360402,3.067236106663871,0.7066660746553494,0.07069949043982572,0.15515373857626547
12.07,7.150148645105098,2.998672111375975,0.8938522759223761,7.16522043900517,3.0675579724720277,0.7528881792279787,0.07051539427891534,0.14096409669439747
12.099999999999994,7.150161559263886,2.998687940436438,0.9098542439102121,7.16522043900517,3.0675579724720277,0.7528881792279787,0.07049717137336511,0.1569660646822334
12.14,7.150172404747139,2.998701388775914,0.9418671083973711,7.159739264330038,3.0685216451265784,0.844305786070586,0.07047264007507714,0.09756132232678505
12.169999999999995,7.150207153136989,2.9987497084122428,0.9738113937476517,7.159739264330038,3.0685216451265784,0.844305786070586,0.07042005606832408,0.12950560767706565
12.199999999999996,7.150217794334674,2.998765259239773,0.9897848915425846,7.1567980913530835,3.0684133614512104,0.8880682222871061,0.06995826220329754,0.10171666925547851
12.239999999999995,7.150269697686091,2.998846266078349,1.0216681746962315,7.1535002842763875,3.068887838390365,0.9315128703032295,0.07011603626601223,0.09015530439300201
12.269999999999996,7.150333257757449,2.998952575479755,1.053495507703034,7.149747019050999,3.0697807103903467,0.9756123080096167,0.07083056099406469,0.07788319969341717
12.299999999999997,7.150364420600192,2.9990077297408746,1.069394265645815,7.149747019050999,3.0697807103903467,0.9756123080096167,0.0707756736081226,0.09378195763619834
12.339999999999996,7.1504273767163635,2.9991259272019177,1.1011634719695533,7.145610231417861,3.07112058458508,1.0205405068138689,0.07215563443381119,0.08062296515568446
12.369999999999997,7.15049133845333,2.9992559016124893,1.1328971227726292,7.141165025121722,3.0729254765305667,1.066442765317443,0.0742575678902127,0.06645435745518613
12.399999999999999,7.150520060560829,2.9993179692793634,1.148751605658595,7.136431566856011,3.0750741627505387,1.113419847859048,0.07705508746418252,0.03533175779954689
12.439999999999998,7.150524435751215,2.999327152455778,1.1802915531599267,7.131591401746484,3.0774072784053232,1.1608762005528885,0.08034280207287504,0.019415352607038194
12.469999999999999,7.150521439230795,2.9993197011081816,1.2117748329995832,7.126897558743335,3.0796903725760916,1.2081443185837522,0.08377071422334022,0.0036305144158310654
12.5,7.150518244848467,2.999310917968724,1.227509294420568,7.122916406939487,3.081990870328516,1.2546650132911779,0.08716556647077506,0.027155718870609746
12.54,7.150505342605877,2.999272431712355,1.2590133618768098,7.120103844892663,3.084480263313334,1.3000493959221944,0.09046892079243192,0.041036034045384584
12.57,7.150493387852185,2.999232143452144,1.2906824360194509,7.120103844892663,3.084480263313334,1.3000493959221944,0.09050285222663669,0.009366959902743499
12.599999999999994,7.150483472373807,2.9991964976836702,1.3063039103097054,7.118305214011398,3.0871992850738104,1.3414618837464103,0.09370128547502504,0.035157973436704903
12.64,7.1504787135856365,2.9991771490323043,1.3354084919859133,7.117168885926881,3.089671752368656,1.3795355009964343,0.09643037826151898,0.04412700901052102
12.669999999999995,7.1504745975785475,2.9991570975427866,1.3634152504351893,7.1170253168082205,3.092028566174125,1.4146555407228927,0.09871151943817819,0.05124029028770338
12.699999999999996,7.150473249874372,2.9991499724450192,1.3768835940710094,7.1170253168082205,3.092028566174125,1.4146555407228927,0.09871776638221715,0.037771946651883326
12.739999999999995,7.150480562809944,2.9991874410355206,1.400611253075988,7.117552108099432,3.094124263563042,1.446968859932294,0.10048523971830052,0.04635760685630608
12.769999999999996,7.150482199226284,2.9991953551460315,1.4223459550800228,7.118492761658552,3.0957966609299943,1.476003210631046,0.10176019062023457,0.053657255551023075
12.799999999999997,7.1504790993042135,2.99917471172057,1.4324694242969949,7.119350558165064,3.0975571883610837,1.5019490029654312,0.10318962052150853,0.06947957866843635
12.839999999999996,7.150479528940795,2.999177684688293,1.4497841588868858,7.120387644966401,3.0988915003879236,1.525499613105064,0.10415549204198617,0.07571545421817816
12.869999999999997,7.150478939828805,2.9991714122388773,1.465405126971129,7.121657544738533,3.1000492898840735,1.5468726141191824,0.10491434131303828,0.08146748714805341
12.899999999999999,7.150478693474077,2.9991687646972403,1.4725658989650128,7.122803910171719,3.100964983613576,1.5659092054837953,0.10549106036292877,0.09334330651878253
12.939999999999998,7.150479291159886,2.9991734029020183,1.4847097224582846,7.122803910171719,3.100964983613576,1.5659092054837953,0.10548674142563054,0.08119948302551072
12.969999999999999,7.150477242044033,2.999148702418198,1.495662795103846,7.124032644358118,3.1015283629292973,1.583201509531835,0.10573982992769491,0.0875387144279891
13.0,7.15047642614383,2.999138896874027,1.5006085651964214,7.125284859707309,3.1021033596799543,1.5987117550699173,0.1060013944268606,0.09810318987349587
13.04,7.150474959241952,2.9991189470774167,1.509050639258654,7.126422273403871,3.1025848412824404,1.6114943997238529,0.10622486977949454,0.10244376046519887
13.07,7.150473536585751,2.9990972534241394,1.516713838779429,7.127816732396537,3.103110675206073,1.622836245510494,0.10645244331087361,0.1061224067310651
13.099999999999994,7.150473759935412,2.999100700753326,1.5200920436572225,7.127816732396537,3.103110675206073,1.622836245510494,0.106449122507226,0.1027442018532716
13.14,7.150473108102219,2.999087652766856,1.525922227840911,7.130661083158069,3.105160513029539,1.6384926694583197,0.10790721948365779,0.1125704416174087
13.169999999999995,7.150469069197715,2.9990073553580974,1.5312199172053533,7.130661083158069,3.105160513029539,1.6384926694583197,0.10798541195256318,0.1072727522529664
13.199999999999996,7.150468773015007,2.9990013695527016,1.5335456015093898,7.132205246007602,3.106381542838505,1.6446626395044757,0.10892225683320834,0.11111703799508588
13.239999999999995,7.15046756181368,2.998973817546383,1.537579776659738,7.133754164685121,3.107444474516461,1.6501381042537824,0.10975072239897665,0.11255832759404427
13.269999999999996,7.150466646920755,2.9989504003541323,1.5394759868907082,7.135342150408036,3.108210042561681,1.6558980863386052,0.11030149504918238,0.11642209944789705
13.299999999999997,7.150463948683525,2.998875767670058,1.5430158646496837,7.135342150408036,3.108210042561681,1.6558980863386052,0.11037505356357265,0.11288222168892159
13.339999999999996,7.150462284688934,2.99882549212202,1.5459551345141989,7.136671312479039,3.1089597179727724,1.6607747415885852,0.11099431795474311,0.11481960707438632
13.369999999999997,7.150460402237352,2.9987609039605503,1.5487064989402923,7.137885667164081,3.1093907250288324,1.6655109341756225,0.11134218100865036,0.11680443523533013
13.399999999999999,7.150459662004751,2.9987336066277313,1.5499194807704173,7.138933223167487,3.1098029795281947,1.6697401423968008,0.11166586044432472,0.1198206616263835
13.439999999999998,7.150458486772518,2.9986866615423096,1.5519756856402613,7.139566499476023,3.110282268978735,1.6720041654369613,0.11212588901039669,0.12002847979669995
13.469999999999999,7.1504573234993725,2.998635319223775,1.5538512682332815,7.140134816292757,3.1105281945614234,1.6744784973115727,0.11236801015572503,0.12062722907829126
13.5,7.150456756146429,2.998608049040586,1.5547065712555834,7.140527893634081,3.1110115480401617,1.6755956144927757,0.11284116668191922,0.1208890432371923
13.54,7.150455702438309,2.9985535670375065,1.5562399897098185,7.140764249168266,3.1112413415772697,1.6768870203381605,0.11310375235689543,0.12064703062834203
13.57,7.150455168718775,2.9985230401460345,1.5576748943154648,7.140764249168266,3.1112413415772697,1.6768870203381605,0.11313412128653859,0.11921212602269571
13.599999999999994,7.150454824351659,2.9985015046464145,1.55832989737729,7.140894810383397,3.111473990818193,1.6777129267891522,0.11337626073789007,0.11938302941186207
13.64,7.150454212975413,2.9984598515847947,1.5594698950736638,7.14107761977473,3.1117220368916447,1.678296346288614,0.11364965077172184,0.11882645121495017
13.669999999999995,7.150453818791256,2.9984308804340327,1.5605327224703247,7.141335815323642,3.1119191891533178,1.6788301985012992,0.11385400389621424,0.11829747603097451
13.699999999999996,7.150453354634564,2.9983932381108125,1.560901096092525,7.141335815323642,3.1119191891533178,1.6788301985012992,0.11389148819464744,0.1179291024087743
13.739999999999995,7.150452790047684,2.9983479934619557,1.5610359528710234,7.141461100662581,3.112386609663999,1.6784037598260129,0.11439255423005093,0.1173678069549895
13.769999999999996,7.1504527561928075,2.998345907153839,1.5609900218530732,7.141475848929239,3.1128715576219848,1.6781894054876376,0.11487693188438906,0.11719938363456439
13.799999999999997,7.150452574697988,2.998331713896367,1.5608090223152877,7.14152306689188,3.1133640246792034,1.6784186645653159,0.11537837160273305,0.11760964225002812
13.839999999999996,7.150451897758131,2.9982772959366746,1.560469224770762,7.141554603398179,3.114022505916583,1.678824122736108,0.11608667227645372,0.11835489796534593
13.869999999999997,7.150451636280172,2.9982574719217365,1.560136082043829,7.141581426374314,3.114720575488127,1.6787971683177458,0.11680040717433221,0.1186610862739168
13.899999999999999,7.150451454262333,2.9982431949378463,1.5599844025816771,7.1416444584634,3.115314172752795,1.679097470249752,0.11740177605790554,0.11911306766807495
13.939999999999998,7.1504514247744595,2.9982415897178702,1.5596948230920862,7.1416444584634,3.115314172752795,1.679097470249752,0.11740337454295537,0.11940264715766591
13.969999999999999,7.150451199982581,2.998223854374958,1.559391637320864,7.141670490812303,3.1159063891103664,1.679660785132754,0.11800965992359934,0.12026914781189002
14.0,7.150451157174004,2.998220618442813,1.5592675860978227,7.141724729048325,3.116486859119482,1.6800348538322876,0.11858774907900245,0.12076726773446489
14.04,7.1504509374028,2.9982034297394384,1.5590289901625096,7.14176414720186,3.117008134409533,1.6801608149003329,0.11912186271102193,0.12113182473782325
14.07,7.150450841034127,2.9981960266413648,1.558830560725476,7.141768929768985,3.1174525171496494,1.680487392278449,0.11957209587344528,0.12165683155297291
14.099999999999994,7.150450839620799,2.998195997868792,1.5587308258546588,7.141768929768985,3.1174525171496494,1.680487392278449,0.11957212446745498,0.12175656642379007
14.14,7.150450618758057,2.9981787037037315,1.5585794145530572,7.141748833625267,3.1184080538678804,1.6810860438092219,0.12054384142456548,0.12250662925616473
14.169999999999995,7.150450652452888,2.998181492773745,1.5584394371171526,7.141748833625267,3.1184080538678804,1.6810860438092219,0.12054106206364118,0.12264660669206928
14.199999999999996,7.150450653415377,2.9981815945191075,1.5583905791514363,7.141806189226853,3.1188425544948135,1.681143011705509,0.12097021957227991,0.12275243255407275
14.239999999999995,7.150450684514672,2.9981840355471614,1.5583029447363257,7.141924381991174,3.119309049535595,1.6812842817473952,0.12142473738254679,0.1229813370110695
14.269999999999996,7.150450615170852,2.9981786150267453,1.5582447239052646,7.142042311142613,3.119865955451569,1.6812985942097523,0.12197749135106115,0.12305387030448767
14.299999999999997,7.1504505919042405,2.9981768034033034,1.558223067981797,7.142042311142613,3.119865955451569,1.6812985942097523,0.12197929706139574,0.12307552622795526
14.339999999999996,7.15045038391432,2.9981605648894045,1.5581467599490437,7.1420594568055025,3.1203121510023304,1.6817578206832138,0.12243944481926171,0.12361106073417005
14.369999999999997,7.150450304481647,2.9981544119197476,1.558096993109351,7.1420518521002245,3.120891917799553,1.6822747135763056,0.12302450711950977,0.12417772046695474
14.399999999999999,7.150450378880166,2.998160224193348,1.558065500606961,7.142126870971706,3.121430851287534,1.6826321931271693,0.12355131843932743,0.12456669252020824
14.439999999999998,7.15045044086987,2.9981650516940577,1.5580277778675877,7.142210947612818,3.1220077426564163,1.6826178551168294,0.1241164830066147,0.12459007724924165
14.469999999999999,7.15045047895319,2.9981680120165755,1.5580055099723766,7.142233808905363,3.1224835388529195,1.6830016520292277,0.12458677248918779,0.12499614205685106
14.5,7.150450104209511,2.998138892329334,1.5579594117637174,7.142241861291184,3.1230302036844044,1.6833490184924222,0.12516075624490058,0.1253896067287048
14.54,7.150449909895509,2.9981238738018887,1.5579240705608401,7.142311098930029,3.123538952124713,1.6835584103803771,0.12567888491967147,0.12563433981953698
14.57,7.150449912321708,2.9981240782193956,1.5578975043724081,7.142311098930029,3.123538952124713,1.6835584103803771,0.1256786810883663,0.12566090600796898
14.599999999999994,7.15045257510133,2.998329512835426,1.5578633283986745,7.14235143799474,3.1244352812697875,1.6830956574071758,0.12636571233859503,0.12523232900850134
14.64,7.150475284202416,3.0000794294600777,1.5578339634980984,7.142124052151719,3.126451258917693,1.6833904658106325,0.12664747276289878,0.125556502312534
14.669999999999995,7.150488939745472,3.0011287725781592,1.5578108046280696,7.1418814842228935,3.1288382576835727,1.6835323871310797,0.1279992221713202,0.12572158250301002
14.699999999999996,7.150518681695857,3.003412412039415,1.5577931581774205,7.1418814842228935,3.1288382576835727,1.6835323871310797,0.125722885489234,0.1257392289536592
14.739999999999995,7.150568563102028,3.0072303848762063,1.557734913340242,7.141498473341674,3.132357128945981,1.6833642797430581,0.12545504617098402,0.12562936640281608
14.769999999999996,7.150622448677934,3.0113382392736137,1.5577042286988945,7.141024439547539,3.136592522135492,1.6839389794099946,0.12562148365033182,0.12623475071110013
14.799999999999997,7.150651932765626,3.0135871894798836,1.5577051276076925,7.140598823953496,3.14128776918267,1.6834475412426062,0.1280956792917555,0.12574241363491367
14.839999999999996,7.1507283275229545,3.0194214747942194,1.5576915690307318,7.140239891435112,3.146991841089153,1.6824506819366805,0.12800080331073027,0.12475911290594865
14.869999999999997,7.150768409699516,3.022476600849427,1.5576727133235768,7.139644839246167,3.1530037382122442,1.6823889082796706,0.1310002572812833,0.12471619495609376
14.899999999999999,7.150851042870167,3.0287593136407156,1.557646533472371,7.138929404865008,3.159917865634625,1.6809809737453059,0.13169924530484248,0.12333444027293483
14.939999999999998,7.15095334660404,3.0365721972918474,1.5577044424439073,7.138929404865008,3.159917865634625,1.6809809737453059,0.12393033960201238,0.1232765313013986
14.969999999999999,7.151058901043029,3.0446768791845775,1.5577505150507471,7.138128244167447,3.1676740788355633,1.6803590454763504,0.12367502985331556,0.12260853042560327
15.0,7.151113984220297,3.0489214623218035,1.5577867611918625,7.137212051854775,3.1760162705919095,1.6798958535435047,0.12785286079204705,0.12210909235164213
15.04,7.151240305024913,3.0587483225834613,1.557926437102578,7.136170904018705,3.1855538732269526,1.6788260658637708,0.1276978250428916,0.12089962876119276
15.07,7.151368635763069,3.068844848595192,1.5580491854097376,7.134974189460927,3.1955057672993292,1.6790254257102586,0.12771752501724234,0.12097624030052101
15.099999999999994,7.15143473141117,3.0740827563792,1.5581172810373247,7.134974189460927,3.1955057672993292,1.6790254257102586,0.12253365669156192,0.12090814467293387
15.14,7.151581879610507,3.085889612694489,1.5583205759858128,7.1324563951855815,3.218249336936523,1.6778239644725021,0.13373436639815275,0.1195033884866894
15.169999999999995,7.1517299995900885,3.0979760555889087,1.558512016017686,7.1324563951855815,3.218249336936523,1.6778239644725021,0.12180777492780905,0.11931194845481619
15.199999999999996,7.1518055300957695,3.1042066020543864,1.5586050573821442,7.1310684731158025,3.230469640150656,1.6781404172132794,0.12795460258033078,0.11953535983113528
15.239999999999995,7.1519707096831695,3.118010578677442,1.5588291181836353,7.1295698028183025,3.2436917533787417,1.6779011242331014,0.1276618905651451,0.1190720060494661
15.269999999999996,7.1521362960706405,3.1320876001601876,1.5590279390799497,7.1279385853499475,3.25718908464183,1.6782053279316662,0.1274202127750261,0.11917738885171647
15.299999999999997,7.152220846674743,3.1393403521617227,1.5591006449589073,7.1279385853499475,3.25718908464183,1.6782053279316662,0.12032436146605353,0.11910468297275889
15.339999999999996,7.152405641488942,3.155234462051535,1.559180688206222,7.1262153608144905,3.270973721109086,1.6793753580794253,0.11866552527586706,0.12019466987320326
15.369999999999997,7.152593969296561,3.1713564498784397,1.5591712032125187,7.124321535475465,3.284952312225372,1.6813757607715976,0.11706131067313148,0.12220455755907889
15.399999999999999,7.15269072865473,3.179597134534271,1.5591559885647084,7.122257815390194,3.2992663329547685,1.683325182569146,0.12347825420036987,0.1241691940044376
15.439999999999998,7.152901350620212,3.197452372506138,1.5591009506884752,7.120234515580365,3.3145205400832536,1.6847281706099673,0.1215404375974686,0.12562721992149206
15.469999999999999,7.15311590765221,3.2155910562576064,1.5590725657920013,7.118318888268928,3.3308142806574383,1.68483884777379,0.12036288464079992,0.12576628198178863
15.5,7.153225465237236,3.2248499653273113,1.5590602228251071,7.116214364731072,3.3482888913801627,1.6853488943979238,0.1288681109730359,0.12628867157281665
15.54,7.1534608532400865,3.244752181480452,1.5590444743369776,7.113968818191787,3.366909162582354,1.6859224092742475,0.12838204260793845,0.12687793493726995
15.57,7.153698573946666,3.264848921460537,1.559012981174576,7.113968818191787,3.366909162582354,1.6859224092742475,0.10952052917232337,0.12690942809967143
15.599999999999994,7.153817313131458,3.2748563609040917,1.5589922628419994,7.111658308169522,3.3865369462046226,1.6860333367535254,0.11937309090598967,0.12704107391152597
15.64,7.154055394212184,3.2948653147163007,1.558948578331864,7.109382790797947,3.4064096981155076,1.6859825011514955,0.12015735917418863,0.12703392281963155
15.669999999999995,7.154294014472548,3.314867286798987,1.558910639843968,7.107075417111275,3.4262738604458196,1.685909777506601,0.12100008507638807,0.12699913766263293
15.699999999999996,7.154413485919137,3.3248658329308904,1.5588924121610073,7.107075417111275,3.4262738604458196,1.685909777506601,0.11191282680250045,0.1270173653455937
15.739999999999995,7.154652679002147,3.344861444395902,1.5588642393946772,7.10477667183109,3.446146814906127,1.6858881143435622,0.11289970048995245,0.127023874948885
15.769999999999996,7.154892101929746,3.3648560980331848,1.558842423418375,7.102477928230952,3.466014532255502,1.6858791237930273,0.11393100727562348,0.1270367003746522
15.799999999999997,7.1550118821870745,3.3748537552231213,1.5588336827116593,7.1001827787415515,3.48588367407833,1.6858727816860126,0.12383001843508738,0.12703909897435328
15.839999999999996,7.155251553281426,3.394848183148441,1.5588177156582135,7.097880611029893,3.5057474342433887,1.6858536491191372,0.12486019745398835,0.12703593346092368
15.869999999999997,7.155491404936709,3.414843357766353,1.558804797308264,7.09558177599219,3.525613855720125,1.6858357517249092,0.12593358113385225,0.12703095441664525
15.899999999999999,7.155611392760793,3.424840791150132,1.5587987786051911,7.093285799333022,3.5454830520526657,1.6858197185341428,0.1357904072893178,0.1270209399289517
15.939999999999998,7.155851495142336,3.4448371898655976,1.5587884284646365,7.093285799333022,3.5454830520526657,1.6858197185341428,0.11850761944905464,0.1270312900695063
15.969999999999999,7.156091754066054,3.464834450423766,1.5587797693516512,7.090993181978926,3.565355669500156,1.6858125969979005,0.11975950723172905,0.12703282764624935
16.0,7.156211937380044,3.474833492280575,1.5587758719890077,7.088693184473295,3.5852294556469815,1.6857968322727013,0.12940653276276096,0.12702096028369358
16.04,7.156452293548566,3.4948254311936746,1.558769089126083,7.086459713862188,3.6052907419699727,1.6856427901963862,0.13077287981863095,0.12687370107030316
16.07,7.156692461629871,3.5148087143040176,1.5587729688645895,7.084258013698121,3.6255796510504816,1.685474079942675,0.13235161379774144,0.12670111107808557
16.099999999999994,7.1568124811505625,3.524804883551047,1.5587792968754335,7.084258013698121,3.6255796510504816,1.685474079942675,0.12417610282124529,0.12669478306724158
16.14,7.157052158675903,3.54478591158749,1.5587909250341379,7.079801423010396,3.6661319642181485,1.6857357585352248,0.143849020330013,0.12694483350108698
16.169999999999995,7.157291682264274,3.5647663992020364,1.5588118797149704,7.079801423010396,3.6661319642181485,1.6857357585352248,0.1275919983786948,0.12692387882025447
16.199999999999996,7.15741126607767,3.57476463634453,1.5588236229651773,7.077558062738435,3.686492864861648,1.6854008894422017,0.13733073629421264,0.12657726647702439
16.239999999999995,7.157649222239771,3.5947556627763255,1.5588907787518282,7.0753352380294245,3.706727861510865,1.6848974493070712,0.1389725342865574,0.12600667055524295
16.269999999999996,7.15788604074924,3.6147789809089366,1.558951867249118,7.073075894517851,3.726571483659971,1.6849925244329862,0.14032221696912292,0.12604065718386814
16.299999999999997,7.158003934260409,3.624780568558719,1.5589775663930747,7.073075894517851,3.726571483659971,1.6849925244329862,0.13256757647201609,0.12601495803991147
16.339999999999996,7.158239060603177,3.6447735480097982,1.559022513793219,7.07082425238514,3.746393527940372,1.6851769127970233,0.13404465307085667,0.12615439900380432
16.369999999999997,7.158356420817142,3.654770191127449,1.559040650301031,7.068563994574129,3.7662183549587565,1.685365877666064,0.14312013496352266,0.12632522736503304
16.4,7.1585909543900925,3.674764469406661,1.5590636492545753,7.066303611155611,3.7859940106390946,1.685569535604642,0.14453015105526143,0.12650588635006677
16.439999999999998,7.158825462814285,3.6947651890563504,1.559080619994294,7.063965740398474,3.805657660925972,1.68563306315586,0.1459298024879069,0.1265524431615661
16.47,7.1590602889489094,3.7147805617756138,1.5590714020240977,7.06167977147797,3.8250707654475122,1.6859294281023427,0.14712883540929952,0.12685802607824503
16.5,7.159177836777882,3.724785468592184,1.5590676300736888,7.059443545584179,3.8445528300168226,1.686210247955386,0.15585618275362217,0.12714261788169723
16.54,7.159413581441258,3.7447935083935135,1.5590377576450603,7.057185274315254,3.86402870819972,1.686527924030211,0.15705941439682808,0.12749016638515065
16.57,7.159650279284434,3.764786409116785,1.5589870434388908,7.057185274315254,3.86402870819972,1.686527924030211,0.14264680567962562,0.12754088059132007
16.599999999999994,7.159769653019828,3.774810169179238,1.5589352861325432,7.05487547295516,3.8835640301142553,1.6868435449369559,0.1510966289488684,0.1279082588044127
16.64,7.160008642908563,3.794798335050456,1.558872061219543,7.052602244056049,3.9033765293986096,1.686666765309475,0.15272641815472102,0.12779470408993188
16.669999999999995,7.160248627818568,3.8147813409356734,1.5588154463015644,7.050291429734471,3.9232288424552673,1.6866246124198145,0.15443913362987924,0.1278091661182501
16.699999999999996,7.160368906329563,3.8247748568597504,1.5587921656644521,7.050291429734471,3.9232288424552673,1.6866246124198145,0.14768289722640612,0.12783244675536243
16.739999999999995,7.1606098941801335,3.8447643489043823,1.558752794720221,7.0479840122423365,3.9430883700569828,1.6865992985005642,0.1495065296830998,0.12784650378034312
16.769999999999996,7.160851325794223,3.8647569445866816,1.558722586141873,7.0456768234554445,3.9629523315194155,1.6865801031500645,0.1513522381858113,0.12785751700819148
16.799999999999997,7.160972176079263,3.874754361589541,1.5587101735043152,7.043370502912222,3.982820195424592,1.6865627486213817,0.1597134245270333,0.1278525751170665
16.839999999999996,7.161214106082724,3.8947507684085694,1.55868942564863,7.041062017662211,4.002689521441186,1.6865467281578552,0.1615156300735226,0.12785730250922533
16.869999999999997,7.16145630374195,3.9147489997907607,1.558673340938063,7.038752394121188,4.022560523209562,1.6865345421317228,0.16333883193565144,0.12786120119365973
16.9,7.1615774898800195,3.9247487965976178,1.558666755091395,7.036442423521632,4.042433394001938,1.6865256576456027,0.1717802354717646,0.12785890255420762
16.939999999999998,7.161820012979829,3.9447496894291936,1.5586559532953028,7.036442423521632,4.042433394001938,1.6865256576456027,0.15893912695558446,0.12786970435029987
16.97,7.162062710913721,3.9647521491836675,1.5586476300915446,7.03413237414747,4.062308071006279,1.6865193696864982,0.16088296661792997,0.12787173959495357
17.0,7.162184121757075,3.9747516866371018,1.558641670864767,7.03182011028413,4.0821804706696385,1.6864889371184053,0.1689251879561709,0.1278472662536383
17.04,7.1624271433073075,3.994750053997191,1.5586288009962936,7.029506378616427,4.102051351987361,1.6864399116735325,0.17082592963711288,0.12781111067723883
17.07,7.162670490644249,4.014747773114654,1.5586144199361436,7.027194053026155,4.121923770947996,1.686395943718323,0.17274420297440354,0.12778152378217933
17.099999999999994,7.162792293710668,4.02474682245388,1.5586070503395948,7.027194053026155,4.121923770947996,1.686395943718323,0.1668239856716152,0.12778889337872812
17.14,7.163036076225003,4.044744893115764,1.5585966313749127,7.022626807545834,4.161905434154522,1.6859201931374688,0.18286977636425797,0.1273235617625561
17.169999999999995,7.163279297366179,4.064728368173671,1.5586078807068204,7.022626807545834,4.161905434154522,1.6859201931374688,0.1709576118378737,0.12731231243064833
17.199999999999996,7.163400972844757,4.074721858375872,1.558607991982816,7.020308736603224,4.182102685032691,1.6859546148501958,0.17890229178550082,0.12734662286737986
17.239999999999995,7.163644075335457,4.094709540533378,1.5586368962268249,7.018021812610629,4.202357887401427,1.6856102861062956,0.1810911648439058,0.1269733898794707
17.269999999999996,7.1638861149781565,4.114718968827334,1.5586878612754294,7.015744446106981,4.222379144244742,1.6856607680164655,0.18313019255940277,0.12697290674103612
17.299999999999997,7.1640067311110744,4.124734976785689,1.558719099094152,7.015744446106981,4.222379144244742,1.6856607680164655,0.17752771218434166,0.1269416689223135
17.339999999999996,7.164246830081716,4.144747153437593,1.55877353669151,7.013456971133389,4.242166365722345,1.6856301207651414,0.17952182174832593,0.12685658407363132
17.369999999999997,7.164366465577921,4.154742860867362,1.5587946333515554,7.011198044697037,4.261938836132956,1.6857134518805073,0.18695331574563154,0.12691881852895182
17.4,7.164605399229404,4.1747323821856295,1.5588274370016575,7.0089136990240455,4.281763303599239,1.685831680679059,0.188932590231229,0.12700424367740148
17.439999999999998,7.164844067486775,4.194733116982816,1.5588575860018694,7.006626530427408,4.301442933739148,1.685766702980019,0.19083965527453214,0.12690911697814955
17.47,7.16508281595731,4.214733291561877,1.5588576205944473,7.0043157832269785,4.321066527850028,1.685981847066609,0.1927506055825173,0.1271242264721617
17.5,7.165202319423207,4.224735704208261,1.5588570961144022,7.0019750619707555,4.340451535772757,1.6863067960815614,0.2000832108151793,0.12744969996715927
17.54,7.165442037075584,4.244758838769048,1.5588242391959344,6.999679590004926,4.359883845308469,1.6865641796906068,0.20181911700717164,0.1277399404946724
17.57,7.16568231254605,4.264739940212004,1.5587963455694387,6.999679590004926,4.359883845308469,1.6865641796906068,0.19133548172795997,0.1277678341211681
17.599999999999994,7.165802738556823,4.274732672153992,1.5587792904640334,6.997364717263393,4.379490632951094,1.6866849065583494,0.19835724682404002,0.12790561609431594
17.64,7.166044567655174,4.294730937733946,1.558720762018405,6.995074331563771,4.399102865776767,1.6872170881992274,0.2003105613604181,0.12849632618082252
17.669999999999995,7.166287307205885,4.31471293041563,1.5586707516175264,6.992776421265928,4.418962607740122,1.6871205440383277,0.20242041093212296,0.12844979242080123
17.699999999999996,7.166409028852068,4.324707572073805,1.5586480638281557,6.992776421265928,4.418962607740122,1.6871205440383277,0.19756592359417935,0.128472480210172
17.739999999999995,7.166652995242632,4.3446990748163365,1.5586068771479782,6.990456997736279,4.438823050416615,1.6870738190811174,0.19976073768401179,0.12846694193313923
17.769999999999996,7.166897556003897,4.364690197646112,1.5585694060336006,6.988136507081803,4.458682371524804,1.687026573370587,0.2019654459608609,0.1284571673369863
17.799999999999997,7.1670200472956616,4.374686004162788,1.5585524528978805,6.985815379172244,4.478542352470055,1.6869875082685633,0.2088570631638732,0.12843505537068278
17.839999999999996,7.167265389847488,4.3946783281609445,1.5585233161315146,6.983497631504602,4.498405407702224,1.6869623226749704,0.21102107960232835,0.12843900654345575
17.869999999999997,7.167511135807266,4.414673229510495,1.5585002736140712,6.981181895349164,4.518272009559924,1.686945052670856,0.21319308871870885,0.12844477905678486
17.9,7.1676341288357195,4.4246714494719965,1.5584907073240366,6.978865301273285,4.538140262240204,1.68693137017654,0.2202472286552604,0.12844066285250344
17.939999999999998,7.167880313721161,4.444669364359108,1.5584745879084394,6.978865301273285,4.538140262240204,1.68693137017654,0.21086366135816037,0.12845678226810064
17.97,7.168126720796542,4.464668452770114,1.5584624305252628,6.976548312934236,4.558009984927765,1.6869205496783777,0.21310778489908264,0.1284581191531149
18.0,7.168249995677677,4.474668500049637,1.558457395527818,6.974231128807432,4.577881016845101,1.6869118722997947,0.2197638376186304,0.12845447677197663
18.04,7.168496668579577,4.494669386946615,1.5584490075915098,6.971914498200562,4.597753143531111,1.686905349279667,0.22197029211697633,0.12845634168815723
18.07,7.168743484204402,4.514669772479572,1.5584410017661001,6.969598270677432,4.617623801196794,1.6868777312990608,0.22418373736693978,0.1284367295329607
18.099999999999994,7.168866958583953,4.524669607571386,1.5584370510539338,6.969598270677432,4.617623801196794,1.6868777312990608,0.21988290541225877,0.128440680245127
18.14,7.169114018043357,4.544668566266949,1.558430820828815,6.9649816454544675,4.657382008117056,1.6867770457062168,0.23318307295442026,0.12834622487740188
18.169999999999995,7.169360963783703,4.564657814395607,1.5584401673282489,6.9649816454544675,4.657382008117056,1.6867770457062168,0.22442968133029007,0.12833687837796792
18.199999999999996,7.169484277524633,4.574652453588778,1.5584443221236055,6.962695239427313,4.677535110910656,1.6864369524199223,0.2309687153162225,0.1279926302963168
18.239999999999995,7.169731151714121,4.594644524783298,1.558432762181306,6.960348117610749,4.697735741970561,1.686604749701967,0.23338606220484776,0.12817198752066084
18.269999999999996,7.169977681570559,4.614627645788996,1.5584630284515943,6.958067378495772,4.7180501712185325,1.6862446485903253,0.2358011775107818,0.12778162013873096
18.299999999999997,7.1701006134645375,4.624631705478031,1.5584852681566328,6.958067378495772,4.7180501712185325,1.6862446485903253,0.23170045850759327,0.1277593804336925
18.339999999999996,7.170344003835547,4.6446185945058955,1.5585995144333276,6.9557872372754845,4.7382870626512545,1.6856482958397787,0.23411191341195622,0.12704878140645115
18.369999999999997,7.170585438266846,4.664634367153655,1.5586984925400145,6.953503337074131,4.758152890867987,1.6857208526379883,0.23636910317541981,0.12702236009797385
18.4,7.170705444502066,4.674634653796461,1.558740523507115,6.951263352118017,4.777968392791187,1.6858184348059801,0.24255451660300936,0.12707791129886514
18.439999999999998,7.170944640561373,4.694631030839658,1.5588076707447334,6.949013926114889,4.797763722347609,1.686000516152344,0.24472350535328896,0.12719284540761056
18.47,7.17118336605642,4.714627179364452,1.5588449586896345,6.946711106310911,4.817523899528632,1.6861902375057962,0.2469322385104884,0.12734527881616176
18.5,7.171302773664832,4.724626026698457,1.5588526585570148,6.944397211409243,4.837273250609868,1.6864167052256265,0.2533288993334002,0.12756404666861165
18.54,7.17154176520657,4.744617176004816,1.558855538388507,6.942184339514803,4.85679067620847,1.6871049181393707,0.25531886508421847,0.1282493797508637
18.57,7.171783381072977,4.7646473652911405,1.5587259533811701,6.942184339514803,4.85679067620847,1.6871049181393707,0.2473986855891514,0.12837896475820054
18.599999999999994,7.171905424655049,4.774635430885137,1.5586614054743106,6.939951121816927,4.876439440939146,1.6872283230223153,0.25331177443655434,0.12856691754800464
18.64,7.1721513520562326,4.794604704260483,1.5585493627126938,6.93764659002827,4.896277812992226,1.6870526959421135,0.25559715266991573,0.12850333322941965
18.669999999999995,7.172399187642398,4.814589790435157,1.558451006207992,6.935325440601535,4.916128749890514,1.6869356595884122,0.257903318751953,0.12848465338042026
18.699999999999996,7.172523631486079,4.824584798270919,1.5584076717162023,6.935325440601535,4.916128749890514,1.6869356595884122,0.25425042150806987,0.12852798787220987
18.739999999999995,7.172773355909682,4.844575929550208,1.5583315255109091,6.9330025881314805,4.9359841732348775,1.6868481169747993,0.25660375697651794,0.12851659146389016
18.769999999999996,7.173024016713748,4.864568119783973,1.5582691451044937,6.930679014424965,4.9558429401629365,1.6867764179331683,0.2589636904462904,0.1285072728286747
18.799999999999997,7.173149639935886,4.874564862667427,1.5582424286170953,6.928358185884459,4.975701217048701,1.6867281749754377,0.2648611299419877,0.12848574635834242
18.839999999999996,7.173401390875482,4.894559787887285,1.5581977457787504,6.9260442423556245,4.995566672982618,1.686687124020338,0.2671852349223976,0.12848937824158768
18.869999999999997,7.173653623183282,4.914553801897737,1.5581650783605994,6.923731550894662,5.0154307424390945,1.68666853037655,0.2695128927343224,0.1285034520159507
18.9,7.173779881226631,4.924551364469531,1.5581524193937157,6.921420626728255,5.035298159178279,1.6866518906371626,0.275590358810386,0.12849947124344685
18.939999999999998,7.174032631526978,4.944547898414083,1.5581321465596474,6.921420626728255,5.035298159178279,1.6866518906371626,0.26841839504251436,0.1285197440775152
18.97,7.174285647415362,4.964545766452986,1.5581172947509667,6.9191080001056475,5.055166434685256,1.6866368680025703,0.2707909474066368,0.12851957325160357
19.0,7.174412240901118,4.9745451900206366,1.5581115026710586,6.916795214565172,5.075036008278987,1.686625393964273,0.27652294084290396,0.12851389129321444
19.04,7.174665573799434,4.99454499589881,1.5581024948302271,6.914482625535845,5.09490698893983,1.6866169161036249,0.27886860026596616,0.12851442127339774
19.07,7.174919072884352,5.014546000646959,1.5580961281881327,6.912170004805365,5.114779459579176,1.6866109386813364,0.28121845434802584,0.12851481049320368
19.099999999999994,7.175045877538825,5.024546951734015,1.5580935925401715,6.912170004805365,5.114779459579176,1.6866109386813364,0.27793098052826937,0.12851734614116483
19.14,7.175299591037383,5.044548862459555,1.5580881171083725,6.907576216797886,5.154649786731227,1.68628500961331,0.28947887425450985,0.1281968925049375
19.169999999999995,7.175553017814844,5.064534307543413,1.5580965928160582,6.907576216797886,5.154649786731227,1.68628500961331,0.2827231251110022,0.1281884167972518
19.199999999999996,7.175679970945933,5.074519105795613,1.5580657476108015,6.905252864360399,5.174762459832734,1.6867453815475133,0.28840865105754954,0.12867963393671178
19.239999999999995,7.175934985979117,5.094517531129649,1.5580364239258768,6.902964010929104,5.1949972459299385,1.6865607474917879,0.2908768232535936,0.12852432356591104
19.269999999999996,7.176190022116387,5.1145090093591605,1.558031793438763,6.900741420083074,5.2152711812886805,1.68632807113262,0.2933000982851191,0.12829627769385699
19.299999999999997,7.176317129460274,5.124492879644292,1.5580487549857505,6.900741420083074,5.2152711812886805,1.68632807113262,0.29014250231254707,0.1282793161468696
19.339999999999996,7.176570785860692,5.144468787304509,1.5580905385063584,6.898502218852167,5.2355806657483575,1.6860931226323514,0.2926149387022832,0.12800258412599308
19.369999999999997,7.176823609856901,5.164479154779741,1.558134719681094,6.896230279499252,5.255698040435391,1.6861525436814804,0.2950483047595002,0.12801782400038642
19.4,7.176949559010701,5.1744885717799445,1.5581796947375366,6.893940496215586,5.27564512734698,1.6858493550606786,0.30054413712191497,0.12766966032314198
19.439999999999998,7.177199840423908,5.1944723548324845,1.5582429386008634,6.891634607591869,5.295620785851891,1.6857441221540066,0.3029496778346269,0.12750118355314322
19.47,7.177449234927975,5.214473815779247,1.5583055024355612,6.889356069064597,5.315557769622688,1.6858115797397433,0.3053123612659777,0.12750607730418206
19.5,7.177573624942001,5.224478546270083,1.5583311823804455,6.887024546125942,5.335324179824105,1.6858945086187533,0.31097511424365293,0.1275633262383078
19.54,7.17782207739123,5.244479984655751,1.5583593153363295,6.884752112031714,5.354900902780372,1.6865031402743278,0.3131817104418969,0.12814382493799825
19.57,7.178071670372777,5.2645049671076505,1.5583032921269886,6.884752112031714,5.354900902780372,1.6865031402743278,0.30693287294055493,0.1281998481473392
19.599999999999994,7.178195087521605,5.2743160221455945,1.5582643059630497,6.882622309226773,5.373993524342142,1.6869489161987097,0.3119276706434821,0.12868461023566002
19.64,7.178425122212955,5.292525699312563,1.5582052206666916,6.880564895244591,5.391781205007783,1.68716359704859,0.31396237070779565,0.12895837638189844
19.669999999999995,7.178651819813618,5.310382785876557,1.5581388563799183,6.878519870309477,5.409511367259619,1.6870594564576886,0.3160785705488034,0.1289206000777703
19.699999999999996,7.178763194257222,5.319131270411448,1.5581156959503195,6.878519870309477,5.409511367259619,1.6870594564576886,0.31355161533864784,0.1289437605073691
19.739999999999995,7.1789692392276,5.335307709876053,1.558079848983861,6.876634378515748,5.426040585522165,1.6873184551907463,0.3156561780239187,0.12923860620688532
19.769999999999996,7.179070294088807,5.343229185567637,1.5580596642766034,6.874820413708686,5.441868700931715,1.6872907152329575,0.31984018462753905,0.12923105095635412
19.799999999999997,7.179270800740701,5.358918267807085,1.5580254278943038,6.873015331594813,5.457251114131496,1.6873896549770653,0.3216547233417045,0.12936422708276152
19.839999999999996,7.179452024141584,5.373094024187827,1.5580126221159947,6.871472361543339,5.471282359688848,1.6876963517952122,0.3232528759386218,0.12968372967921749
19.869999999999997,7.179629359266347,5.386955970157039,1.5579911315369646,6.869829576908103,5.4851194280416316,1.687598055836164,0.32497995263258245,0.1296069242991995
19.9,7.179715904526776,5.393712545343662,1.5579834419402399,6.868432552006602,5.497695174426575,1.6880874398572532,0.328191579275267,0.13010399791701333
19.939999999999998,7.179871738654018,5.405882067872378,1.5579823481964155,6.868432552006602,5.497695174426575,1.6880874398572532,0.32469064278900417,0.13010509166083772
19.97,7.180023714248891,5.417745859589187,1.5579679625428406,6.867049487069978,5.5095780546935345,1.688065483707118,0.3261686970509602,0.13009752116427742
20.0,7.1800975637649,5.423504119536007,1.5579628590905077,6.865723248036185,5.520989241792035,1.6883104941058455,0.3291421569036243,0.13034763501533786
20.04,7.180227788820962,5.433671997402046,1.5579782715359796,6.864655933787714,5.531105284686243,1.688825375103465,0.330270860295198,0.1308471035674854
20.07,7.180354145904678,5.443543438004305,1.5579741951202555,6.863482226880282,5.540977832931564,1.688694397444454,0.3315136111550242,0.13072020232419845
20.099999999999994,7.180415125651603,5.4483025679038235,1.557971002511868,6.863482226880282,5.540977832931564,1.688694397444454,0.3302047350834848,0.1307233949325859
20.14,7.180519814538064,5.456477989591541,1.557982337713504,6.861682460524004,5.557654397298162,1.689617582971253,0.3345054914214466,0.13163524525774895
20.169999999999995,7.180620717962081,5.464363930569798,1.5579832023123037,6.861682460524004,5.557654397298162,1.689617582971253,0.3323021565383427,0.13163438065894928
20.199999999999996,7.180668901825699,5.4681258403903215,1.5579783712414599,6.860805716438686,5.565135978756946,1.6898618620940966,0.33425054122893866,0.13188349085263673
20.239999999999995,7.180747932455313,5.474275850753751,1.5579455375771996,6.860213213517325,5.571366523872319,1.6904623687540725,0.3349165640144901,0.13251683117687296
20.269999999999996,7.180823586713435,5.480153618323627,1.557922805293036,6.859503274926091,5.577277908099349,1.6903616734060563,0.3356782245418293,0.1324388681130202
20.299999999999997,7.180859125983917,5.48290690119547,1.557895045266252,6.859503274926091,5.577277908099349,1.6903616734060563,0.33492606639846945,0.13246662813980414
20.339999999999996,7.180912707738333,5.487039929290289,1.557842496356957,6.859038084447395,5.582007791327352,1.6910707981803468,0.3355922644200458,0.13322830182338974
20.369999999999997,7.180963189278021,5.490915403603724,1.5577827660506844,6.858623823570373,5.586090187664873,1.691299300512665,0.3360965727375021,0.13351653446198064
20.4,7.18098600759763,5.492662148925728,1.557756032376409,6.858245721302308,5.589676979791619,1.691609378532544,0.33700618659888726,0.13385334615613487
20.439999999999998,7.181014117671856,5.494805587600776,1.5576953212435212,6.858089605141874,5.591927872507905,1.691957684754224,0.33721355105972195,0.13426236351070275
20.47,7.18103881210733,5.49668420985425,1.5576574695950933,6.85788043976999,5.5938870626742805,1.6918726530992738,0.33746070616898705,0.1342151835041805
20.5,7.18104869371118,5.497434240629646,1.5576243566375032,6.857900425487298,5.594727303841481,1.6926519777095572,0.33747702648511646,0.13502762107205402
20.54,7.181050281198181,5.497553721482664,1.5575721850283262,6.857962610969564,5.594776301717643,1.692696049223695,0.3373986851801625,0.13512386419536893
20.57,7.181048625061738,5.497428074643329,1.5575335206582952,6.857962610969564,5.594776301717643,1.692696049223695,0.33743332647573576,0.1351625285653999
20.599999999999994,7.18104810122746,5.4973884708910665,1.5575133630598497,6.857963564735059,5.5947299830031705,1.6925693614485944,0.33742997451438733,0.1350559983887447
20.64,7.18104759056333,5.4973500133806,1.5574735442412073,6.857975167291475,5.594717109890581,1.6924626090190318,0.337425757999494,0.13498906477782446
20.669999999999995,7.1810474646349505,5.49734063757204,1.5574370587093718,6.857978590634265,5.594719955635955,1.6923953252687074,0.33742588658054046,0.13495826655933563
20.699999999999996,7.181047435565761,5.4973385077126,1.5574209389923488,6.857978590634265,5.594719955635955,1.6923953252687074,0.33742647342053617,0.1349743862763586
20.739999999999995,7.181047434266089,5.497338510086063,1.5573896118791226,6.857971831636333,5.594708171005888,1.692316574053247,0.3374295421006018,0.13492696217412448
20.769999999999996,7.181047457613406,5.497340292366037,1.557377240281358,6.857977784152061,5.594716841238738,1.6922779680468696,0.33742585286367455,0.13490072776551165
20.799999999999997,7.181047407777481,5.497336668380129,1.5573515138513867,6.857967715965678,5.594704257297195,1.692230362789334,0.33743285944426343,0.13487884893794733
20.839999999999996,7.181047420614498,5.4973376909362095,1.557330882586825,6.857972760035576,5.594715256867254,1.6922151618661365,0.33743092130811114,0.13488427927931146
20.869999999999997,7.181047435720582,5.497338873179022,1.5573133535518398,6.8579692494912186,5.594711881608115,1.6921890147905718,0.33743298177236225,0.13487566123873207
20.9,7.181047440435259,5.4973392473916745,1.557306124660445,6.85797062785459,5.594713370539822,1.6921756430072947,0.3374319882378601,0.1348695183468498
20.939999999999998,7.181047461177663,5.4973408259822145,1.5572943766900669,6.85797062785459,5.594713370539822,1.6921756430072947,0.33743155256094165,0.13488126631722785
20.97,7.181047478305626,5.4973421116597265,1.5572898786889593,6.857967993745372,5.59471570176382,1.692168229292678,0.3374343927246887,0.13487835060371878
21.0,7.181047514288133,5.49734480326088,1.5572831227104373,6.857969358406221,5.594718584804457,1.6921631171659672,0.3374331758143433,0.1348799944555299
21.04,7.181047526567664,5.497345737833069,1.5572763109209393,6.857966505711553,5.594716444738468,1.6921412551706045,0.3374350316737786,0.13486494424966522
21.07,7.181047537516653,5.497346569433386,1.5572702214284149,6.857964283566273,5.594714931874014,1.6921209422749153,0.3374364932658224,0.1348507208465004
21.099999999999994,7.18104754385903,5.497347047332765,1.557267525555497,6.857964283566273,5.594714931874014,1.6921209422749153,0.3374363614393621,0.1348534167194182
21.14,7.1810475599899615,5.4973482583625914,1.557262079574905,6.857964048176154,5.594716711676126,1.6920969566623147,0.3374367663824036,0.1348348770874097
21.169999999999995,7.181047579948773,5.497349748400045,1.5572571999814888,6.857964048176154,5.594716711676126,1.6920969566623147,0.33743635554023343,0.13483975668082593
21.199999999999996,7.181047595920438,5.497350934855126,1.5572552334227943,6.857963613850748,5.594718996763695,1.6920919971359298,0.33743710369465707,0.13483676371313558
21.239999999999995,7.181047628518407,5.497353353547046,1.5572521205565495,6.857963762379556,5.594720862695571,1.6920888685834081,0.33743683319551065,0.13483674802685863
21.269999999999996,7.181047653649452,5.497355219367186,1.5572493180601874,6.857961315750899,5.594718592429353,1.6920726129560986,0.3374380063815292,0.13482329489591116
21.299999999999997,7.181047299708548,5.49732800754137,1.557498843718984,6.857961315750899,5.594718592429353,1.6920726129560986,0.3374455201283697,0.1345737692371145
21.339999999999996,7.181045334808552,5.497114031192794,1.561849048917814,6.85777119225275,5.595273726888508,1.6955737380831082,0.3378483344701641,0.13372468916529412
21.369999999999997,7.181046135069806,5.4966775752247745,1.5732504912923007,6.8560808661128885,5.597617589493553,1.7053081415451243,0.3402812256190799,0.13205765025282368
21.4,7.18105101677702,5.4963763258758656,1.582163977959304,6.851831086126603,5.602215251472095,1.7224616412153215,0.34581446023674195,0.14029766325601756
21.439999999999998,7.181069413361669,5.4958813746306685,1.6062607051511522,6.844982488889056,5.608723218930346,1.7459543373856303,0.35452461497957033,0.13969363223447817
21.47,7.181094213009768,5.495534772378169,1.6353466037483408,6.8373072059517925,5.615345246091647,1.7707938669729293,0.3640660047756842,0.13544726322458844
21.5,7.181109479835935,5.4953798566587135,1.6509858524759955,6.830088234382949,5.621289356958369,1.795314619137848,0.37291971927624556,0.14432876666185246
21.54,7.181152384973884,5.495026894182834,1.6835501000479272,6.8230944050319975,5.626740079151234,1.819108158602829,0.38151524228343,0.13555805855490188
21.57,7.181212590551706,5.494631644448514,1.7170311515911238,6.8230944050319975,5.626740079151234,1.819108158602829,0.3817083616054683,0.10207700701170519
21.599999999999994,7.181249388631869,5.494422844299543,1.7338551857961657,6.818016304968038,5.63060800431163,1.842912821281133,0.38792353740840946,0.10905763548496727
21.64,7.181302268751697,5.494157392975786,1.76727180412555,6.8168259186437075,5.631449390426291,1.8722346434030244,0.3894767032211187,0.1049628392774744
21.669999999999995,7.181260304109432,5.494355955509798,1.8000864155213443,6.821884421549969,5.629376222153425,1.9029596540609681,0.3839029791104896,0.10287323853962382
21.699999999999996,7.181256373994394,5.494377520302459,1.8164551245332177,6.821884421549969,5.629376222153425,1.9029596540609681,0.38389171611948614,0.08650452952775045
21.739999999999995,7.181195070269226,5.4946009685978074,1.849559257626916,6.831919069915763,5.626719692808948,1.9348484872044296,0.3734288174606928,0.08528922957751361
21.769999999999996,7.1810084803394165,5.495204645386313,1.8830482322035385,6.842750934653217,5.62287673188162,1.9602761698122153,0.3615498981934815,0.07722793760867686
21.799999999999997,7.180916219866229,5.495479580351324,1.899780706168494,6.855373476400517,5.619343792567158,1.9889107423094632,0.3483108107581954,0.08913003614096926
21.839999999999996,7.180864626256421,5.495622001551489,1.9330925204631082,6.869290118348658,5.616738706354679,2.0241104221582153,0.33428719712299404,0.09101790169510715
21.869999999999997,7.180848665059461,5.495657607454573,1.9661806743488837,6.882165781034482,5.613428588056824,2.060135919138459,0.32106302976439816,0.09395524478957529
21.9,7.180841487126677,5.495673733410127,1.9826647843507865,6.894720552420393,5.610040976804428,2.095264420158671,0.30813155573359985,0.11259963580788468
21.939999999999998,7.180833748688201,5.4956906031848405,2.0155151739920605,6.894720552420393,5.610040976804428,2.095264420158671,0.30811810888930286,0.07974924616661072
21.97,7.18083399374795,5.495690629767435,2.0482426811497634,6.906683575907256,5.607214999986483,2.1302845602048412,0.2959664453193679,0.08204187905507787
22.0,7.180834047846416,5.495690947795126,2.064563572217099,6.918074280740437,5.604670562323572,2.164861272985443,0.28446309355056404,0.10029770076834366
22.04,7.180845915649174,5.495671184331046,2.0971462109492354,6.928482850110823,5.602542325521332,2.1980493035359765,0.2740594053617353,0.10090309258674113
22.07,7.180907765423184,5.495569798991669,2.129745795806506,6.938098140027551,5.601216261331515,2.228263797447143,0.26479744936402194,0.09851800164063729
22.099999999999994,7.180944439220196,5.495512511739987,2.1460356605613162,6.938098140027551,5.601216261331515,2.228263797447143,0.2648539365561177,0.08222813688582686
22.14,7.180969966192189,5.495475124823599,2.1784800767105175,6.955456473867957,5.600356672233363,2.2858176700482984,0.24870961824452562,0.10733759333778092
22.169999999999995,7.180967433502364,5.495479537043687,2.194655614917436,6.955456473867957,5.600356672233363,2.2858176700482984,0.2487054611399283,0.09116205513086229
22.199999999999996,7.180962260892849,5.495488034311027,2.2269470192640632,6.963369698735262,5.600843663944997,2.315221718529674,0.24175676164664686,0.08827469926561093
22.239999999999995,7.180951429275322,5.4955029611600015,2.2591395086250783,6.970754344864166,5.601519321187869,2.345444074420504,0.23541937662076404,0.08630456579542578
22.269999999999996,7.180951147332267,5.495504282259211,2.2912971829290347,6.97720772317769,5.602543700417764,2.376811167709816,0.23014955990823266,0.0855139847807811
22.299999999999997,7.180952055991561,5.495503650771974,2.3073630553521154,6.97720772317769,5.602543700417764,2.376811167709816,0.2301506580089279,0.06944811235770043
22.339999999999996,7.180952445858326,5.495503994497719,2.3394743682660097,6.982775705038172,5.603908939369399,2.4097026369080505,0.2258885846490042,0.07022826864204079
22.369999999999997,7.1809528378633125,5.495504324290574,2.3715618622184182,6.987470848847897,5.605762297196351,2.444437809475125,0.22269283927116398,0.07287594725670665
22.4,7.180953136013302,5.4955043869301345,2.3875982037936376,6.991074237352458,5.608077023705037,2.4812180760579587,0.22074101274368804,0.09361987226432111
22.439999999999998,7.180954965459401,5.495503396353519,2.4196573298897173,6.993243545761373,5.610789985497392,2.5202200989781893,0.2202874819899612,0.10056276908847206
22.47,7.180989912689004,5.4954746719348115,2.4516517678674505,6.9938140687899395,5.613886212768857,2.56152737800908,0.22148609333775252,0.10987561014162939
22.5,7.181050957913409,5.495425136384583,2.4675754875938605,6.994457077384297,5.617726732593353,2.604867176041327,0.2231030181017857,0.13729168844746642
22.54,7.181158662444719,5.495341957316571,2.499418246679183,6.995408031867439,5.622113028448829,2.6494041053930477,0.22488708552488537,0.1499858587138645
22.57,7.181263023393614,5.495266542146145,2.5312269619808463,6.995408031867439,5.622113028448829,2.6494041053930477,0.22501579713995976,0.11817714341220142
22.599999999999994,7.18131663513523,5.495229984281215,2.547109127201786,6.996903989069635,5.626817940475113,2.6950921378998243,0.22654671536838022,0.14798301069803843
22.64,7.1813635713564885,5.495200422416099,2.578747166507924,6.99930270206832,5.632207395422074,2.7426208284565585,0.22785317811745237,0.16387366194863473
22.669999999999995,7.18142619443927,5.495162840474947,2.610369899662323,7.0020325490359205,5.63802604232879,2.789973205643196,0.2293294016366734,0.17960330598087326
22.699999999999996,7.18145774612136,5.495145003121683,2.6261354212162145,7.005596162108086,5.6450966732489825,2.8361762635812138,0.23111209424351709,0.21004084236499931
22.739999999999995,7.181639602639438,5.495045962107991,2.657486580949052,7.005596162108086,5.6450966732489825,2.8361762635812138,0.23131473984169906,0.17868968263216178
22.769999999999996,7.181887343630352,5.494920407874096,2.68849513182887,7.008814823727438,5.652607103427184,2.8812418874136814,0.23413498478441194,0.19274675558481125
22.799999999999997,7.182024849306213,5.49485452220053,2.7038405303404778,7.01200830294758,5.659864071594136,2.923336709419631,0.2369256791206857,0.2194961790791532
22.839999999999996,7.182184300993692,5.494782619276839,2.7342077304571335,7.015242269500825,5.666820229904203,2.961875484658748,0.23972188333428712,0.22766775420161434
22.869999999999997,7.182324333093038,5.4947257999028,2.764387122384414,7.0189445391966805,5.672534318923954,3.000591480194601,0.24147220645472278,0.23620435781018712
22.9,7.182292891740437,5.494738451238465,2.7794108715783388,7.0222893056157885,5.677825465065359,3.0348173828701444,0.24315016390041191,0.2554065112918056
22.939999999999998,7.181954240642735,5.494863287563,2.8075323028803245,7.0222893056157885,5.677825465065359,3.0348173828701444,0.242833378829114,0.22728507998981984
22.97,7.1815051054438745,5.49501631002121,2.8349263333017705,7.026485169490553,5.682739578438584,3.0634280766825777,0.243456784765332,0.2285017433808072
23.0,7.181431412584157,5.495039860009285,2.8481519659823293,7.031196335030263,5.686330704603088,3.093695315615389,0.24323397327066568,0.24554334963305946
23.04,7.181454678916504,5.495032675681886,2.8714484065277412,7.034815259784758,5.689648040120345,3.1220899267497897,0.24367654650952816,0.25064152022204844
23.07,7.181504131492508,5.4950186476029526,2.892898760008026,7.037671473629455,5.692644531953744,-3.135946902948862,0.2444254971016368,0.25433964422269817
23.099999999999994,7.181511979708413,5.4950165521007275,2.9029342686511876,7.037671473629455,5.692644531953744,-3.135946902948862,0.24443180973399264,0.24430413557953656
23.14,7.181548988035432,5.495007555609141,2.919711103726544,7.041746999269095,5.697908872158988,-3.0947919771357206,0.24640117759597702,0.2686822263173214
23.169999999999995,7.181531144583481,5.495011716789442,2.9345456966818455,7.041746999269095,5.697908872158988,-3.0947919771357206,0.24638762740512554,0.2538476333620201
23.199999999999996,7.18152534566233,5.495013079010589,2.9412639425404175,7.04337032673981,5.7003335631379395,-3.077181282970054,0.24747385812600742,0.2647400816691148
23.239999999999995,7.1814955525121,5.495019315997662,2.952662564419514,7.0448515961275655,5.702953341375647,-3.061313554798072,0.24881344362053878,0.2692091879619998
23.269999999999996,7.181432225877245,5.495031819783925,2.9628897862299697,7.0464195100749185,5.705695250590021,-3.046909555252483,0.2502149366191286,0.273385965697134
23.299999999999997,7.181390739168094,5.495039775104065,2.9675075925861583,7.0464195100749185,5.705695250590021,-3.046909555252483,0.25018585498612206,0.26876815934094545
23.339999999999996,7.181358201383233,5.495045931235516,2.975726194279278,7.0479377036066095,5.70828243603404,-3.0339436098052763,0.2515369479930386,0.27351550309503203
23.369999999999997,7.181346283284543,5.495048066791318,2.979602659227792,7.049244587315388,5.710748104730841,-3.0222372314329897,0.2529374714134671,0.2813454165188043
23.4,7.181324942321979,5.495051712799689,2.986844663158543,7.050459641993876,5.71306366582735,-3.0111469261838493,0.25427335387904804,0.2851937178371937
23.439999999999998,7.181308525052641,5.49505445073294,2.9929186647926977,7.051391110955384,5.715273983166431,-3.001205298060515,0.2556856995432932,0.28906134432637387
23.47,7.181302213861276,5.495055492272282,2.998555075104104,7.052008506247964,5.717348866900654,-2.992026288816425,0.25715988651433574,0.29260394325905725
23.5,7.181290707814849,5.495057243991358,3.0010754368305523,7.052569847670507,5.719265506121716,-2.9837913563093,0.25853124500496005,0.29831851403973353
23.54,7.181268009765406,5.495060620562035,3.0053389819756946,7.053108872214403,5.721107317714027,-2.9763910449916557,0.2598497139331521,0.30145528021223633
23.57,7.181246032765466,5.49506380349684,3.009226578592574,7.053108872214403,5.721107317714027,-2.9763910449916557,0.25983610648588545,0.2975676835953571
23.599999999999994,7.181234733890009,5.495065394128513,3.0110057941509103,7.053550290394695,5.72280173701142,-2.9694780167119865,0.26108841219094536,0.30270149631668986
23.64,7.181219909292478,5.495067455913213,3.0141862096433876,7.053919997705304,5.724365430301448,-2.9630897830324576,0.2622648061571557,0.30590931450374104
23.669999999999995,7.181216640138482,5.495067918543633,3.017191522418204,7.054198502578306,5.725780097580079,-2.9571018401377054,0.2633661269506791,0.3088919446236762
23.699999999999996,7.181208606034554,5.495068966684318,3.018573499302744,7.054198502578306,5.725780097580079,-2.9571018401377054,0.2633613341004483,0.3075099677391364
23.739999999999995,7.181199640051497,5.495070130458098,3.0209941383991668,7.054543304784797,5.7271146297004005,-2.9519778980518936,0.26436050554460966,0.3102132707285259
23.769999999999996,7.181196613342573,5.495070532824566,3.023268439462001,7.0548913550820345,5.728336535709754,-2.9471691595548517,0.26526599172584137,0.3127477081627337
23.799999999999997,7.1811934048197115,5.4950709326406395,3.0243075952642906,7.055231997868464,5.72946740454134,-2.942653539507821,0.26609769273827494,0.316224172407475
23.839999999999996,7.181184262759723,5.495072051355788,3.026120971352463,7.055642264946381,5.730526753367794,-2.938634946333775,0.2668327377113387,0.31842938949334787
23.869999999999997,7.18118287286009,5.495072226140159,3.026978550126742,7.056041863945504,5.731522975712224,-2.934724647287372,0.267524258872633,0.32148210976547276
23.9,7.181182257493015,5.495072312460859,3.0283973973514495,7.056632998658957,5.732408244138829,-2.9318589881111694,0.26803145774621856,0.32292892171696685
23.939999999999998,7.181165269755063,5.4950742988215255,3.0287721689281346,7.056632998658957,5.732408244138829,-2.9318589881111694,0.2680218053521591,0.32255415014028266
23.97,7.181165471496158,5.495074280007312,3.028777978074886,7.057425246614189,5.733107995854771,-2.929448311283968,0.2682754053840731,0.3249590178207322
24.0,7.1811669411332755,5.495074112896212,3.0285852413206547,7.058231055776511,5.733560646260573,-2.92780124355757,0.2683077682524342,0.32679882230136137
24.04,7.181184183762057,5.495072101705135,3.028220678486983,7.058921198320364,5.733720806381187,-2.92691542228635,0.2681444421439175,0.328049206406253
24.07,7.181184967302135,5.495072004113538,3.0277981513651238,7.0595457390483825,5.7337773830189205,-2.9265142184950665,0.26791110422774683,0.32887293731939593
24.099999999999994,7.1811896677989555,5.4950714540839805,3.027578478710983,7.0595457390483825,5.7337773830189205,-2.9265142184950665,0.26791372848468803,0.32909260997353673
24.14,7.181190593102146,5.49507134230501,3.0271560380983953,7.060576591942299,5.733765602447924,-2.925506496563763,0.26743725825127795,0.330522772517428
24.169999999999995,7.1811960978599885,5.4950706960519415,3.026763026054941,7.060576591942299,5.733765602447924,-2.925506496563763,0.2674403177294227,0.3309157845608821
24.199999999999996,7.181196837428391,5.495070607990916,3.0265824537958457,7.061040669810539,5.733795229974095,-2.92545622740428,0.26725820802665884,0.33114662597946065
24.239999999999995,7.18119074960549,5.49507131874226,3.026269364440396,7.0614676431573935,5.733789965894731,-2.925389421551298,0.26705844812678736,0.33152652118789216
24.269999999999996,7.181192036040601,5.495071168102708,3.0259935173696517,7.06194458674629,5.7337582506171625,-2.9253728695814347,0.2668173111371547,0.3318189202284998
24.299999999999997,7.181189148647127,5.495071505878093,3.0258765211673984,7.06194458674629,5.7337582506171625,-2.9253728695814347,0.2668157185344531,0.33193591643075315
24.339999999999996,7.181193738349023,5.49507096797466,3.02565967050439,7.062437667956959,5.7337465543416295,-2.925394380219828,0.26658777125476285,0.33213125645536845
24.369999999999997,7.181194911547092,5.4950708297121,3.025479958198937,7.0628802906237,5.733730284852972,-2.925303038283666,0.2663769604383676,0.3324023106969829
24.4,7.181192651789285,5.495071094298544,3.025407366854062,7.063275757317654,5.733723392881292,-2.9251618657069383,0.2661941276975562,0.3326160746185858
24.439999999999998,7.181200932143415,5.495070122977441,3.0252691812401977,7.06359488479477,5.733707016802786,-2.9250661806801213,0.2660427587204372,0.3328499452592677
24.47,7.181196700292895,5.495070618785965,3.0252181285783033,7.063894357176491,5.733667254112597,-2.924947606369636,0.26587251473175716,0.33301957223164713
24.5,7.181191036979209,5.495071282688754,3.0251298761270338,7.064247382242846,5.73361455554316,-2.9249751714233874,0.26566654175335874,0.3330802596291651
24.54,7.181188401117881,5.495071591902036,3.0250581880139835,7.0645733737383765,5.7335947995919945,-2.9248241092871012,0.26550402109465226,0.3333030098785015
24.57,7.181189613425708,5.495071449711373,3.0250253568065064,7.0645733737383765,5.7335947995919945,-2.9248241092871012,0.26550468130917476,0.3333358410859786
24.599999999999994,7.181185459378143,5.495071936965921,3.0249791852322385,7.064914559544721,5.7335594175664,-2.924678761724286,0.26532093877271984,0.3335273602230622
24.64,7.181190113249831,5.495071390988634,3.0249318273557595,7.065277885674846,5.733523585117047,-2.9243991955993747,0.26513221868729864,0.3338542842244525
24.669999999999995,7.181197412095381,5.4950705345220445,3.0249052021633203,7.06556374543536,5.733522164590337,-2.924326836320288,0.265010046502895,0.3339532686959785
24.699999999999996,7.181194604198421,5.495070863786551,3.02487377781578,7.06556374543536,5.733522164590337,-2.924326836320288,0.26500852505778094,0.33398469304351863
24.739999999999995,7.18118960197965,5.495071450703586,3.024851842213569,7.065894745543768,5.7334794367993185,-2.924237335954685,0.2648230952065806,0.334096129011332
24.769999999999996,7.181184868462822,5.495072006166454,3.0248353530997116,7.06621727046444,5.733454163098596,-2.9240417131811163,0.2646575170539043,0.33430824089875877
24.799999999999997,7.180962581263119,5.495098089603335,3.0248290857571556,7.066475213251394,5.733472086486142,-2.923979902501238,0.2644419025497593,0.33437631892119235
24.839999999999996,7.179075093378059,5.495319619104441,3.0247906129451474,7.066267780450541,5.733432924732936,-2.923391031895642,0.2634832749288958,0.33500366233879664
24.869999999999997,7.176943188920571,5.495569921887645,3.0247577206550273,7.065650520370979,5.733264102527145,-2.9227202904042535,0.2624587235791044,0.33570729612030537
24.9,7.175692295069819,5.495716809376521,3.024743718731412,7.064444699499335,5.733001806151609,-2.9224247085465906,0.26206906954993286,0.33601687990158347
24.939999999999998,7.171816014232544,5.4961720018142834,3.024727312039963,7.064444699499335,5.733001806151609,-2.9224247085465906,0.26003260459025873,0.33603328659303244
24.97,7.16770760548669,5.496654439210445,3.024722294226681,7.062750047871774,5.732435822136716,-2.921580802188739,0.2580870966071589,0.33688221076416625
25.0,7.165445504797697,5.496920115496032,3.024698970344386,7.06060844925356,5.731712795111509,-2.9199802043822607,0.25713500464966,0.3385061324529399
25.04,7.159563212852365,5.497611057497982,3.024675858950779,7.057772516564649,5.731040504956216,-2.9187584685827703,0.2546579132707135,0.33975097964603673
25.07,7.15345802179954,5.498328257664971,3.0246717656452047,7.054060787359011,5.730295767099391,-2.918498376444485,0.25236627280132584,0.3400151650898966
25.099999999999994,7.150222207520714,5.498708356349365,3.0246690266152525,7.054060787359011,5.730295767099391,-2.918498376444485,0.2507583449168082,0.3400179041198488
25.14,7.142370289510152,5.499630668508682,3.024666393464021,7.044043595459592,5.728034163860548,-2.918227127783361,0.2486690480374719,0.34029178593220344
25.169999999999995,7.138318075645246,5.500106649857106,3.0246657740871,7.044043595459592,5.728034163860548,-2.918227127783361,0.24665487883693832,0.34029240530912475
25.199999999999996,7.130056116291552,5.501077107671838,3.0246656092087374,7.037476075802297,5.726554547303582,-2.9182798900610267,0.2437440043978086,0.3402398079098221
25.239999999999995,7.120216657932203,5.502232847983657,3.0246660250410216,7.0297789789022245,5.724811345930076,-2.91829655526702,0.2402502061110736,0.340222726871545
25.269999999999996,7.110150120295234,5.503415210484857,3.024677112447029,7.020885500053884,5.722790578515433,-2.918238301455555,0.23684113773874488,0.34026989327700186
25.299999999999997,7.104953221284536,5.504025682379801,3.0246443881669736,7.020885500053884,5.722790578515433,-2.918238301455555,0.23436181756879298,0.3403026175570574
25.339999999999996,7.0932000188719435,5.505407300755076,3.0245600719493053,7.010994972741988,5.720458964992779,-2.9171871005120464,0.23022790426148154,0.3414381347182349
25.369999999999997,7.081165170384558,5.506823046551868,3.024515039078217,6.999974424558944,5.7179384861185385,-2.91685838565332,0.22618944721438264,0.3418118824480487
25.4,7.074982859170711,5.507550615056809,3.024468395352791,6.988190183748602,5.715353751301177,-2.916482111923893,0.2252001597244615,0.3422347999029025
25.439999999999998,7.061204221170586,5.509172442874241,3.024438785812136,6.975272471307383,5.712380152709772,-2.9162972863605994,0.2206300953432095,0.34244923500685065
25.47,7.047193018498911,5.510822183393017,3.0243841848710726,6.961638412045171,5.709300102886734,-2.9164455302925703,0.2161320781652007,0.34235559201594334
25.5,7.040013864684235,5.511667850888334,3.024345055626104,6.947032450416311,5.705999908269926,-2.9164437526770643,0.21543094467932378,0.3423964988764183
25.54,7.024302262116857,5.513519754402605,3.024253763827449,6.931465499378625,5.702459829874458,-2.916611096075436,0.21051607215370605,0.34232044727670097
25.57,7.008306866367165,5.515406656556593,3.024173123345867,6.931465499378625,5.702459829874458,-2.916611096075436,0.20222137703257514,0.34240108775828304
25.599999999999994,7.000134547515167,5.516371123669154,3.024136019993527,6.915397802585227,5.6988142130121195,-2.916729579642625,0.2011611214681574,0.34231970754343344
25.64,6.982451306149899,5.518459755733717,3.024019895055342,6.897985953323194,5.69480004320824,-2.916857399770736,0.1955256832611441,0.3423080123535085
25.669999999999995,6.964449456966966,5.520587517239094,3.023941225238425,6.880367713167173,5.690752384023295,-2.9168324251091873,0.1898046931139974,0.34241165683197394
25.699999999999996,6.955282931323483,5.521671313468603,3.023912973394361,6.880367713167173,5.690752384023295,-2.9168324251091873,0.18493430815110606,0.34243990867603813
25.739999999999995,6.935617923513712,5.523997282754948,3.0238383318754254,6.861427010426265,5.686465304784343,-2.9172965894818184,0.17860613026123448,0.3420503858223425
25.769999999999996,6.915625719926274,5.5263629367571205,3.02378855078424,6.841868280793289,5.68197511812976,-2.9171907642289243,0.17220717412177433,0.3422059921664218
25.799999999999997,6.905655108828272,5.52754300297409,3.023767078165359,6.8223439759036415,5.677480377615295,-2.9172228384445233,0.17152831015165526,0.34219539056970394
25.839999999999996,6.885758674268375,5.529898290655099,3.0237294127988745,6.802842232421203,5.673004983810614,-2.9172991950595835,0.16539244829949803,0.34215669932112824
25.869999999999997,6.865884924356768,5.532251529241821,3.0236964098157975,6.78329801080209,5.668555348825273,-2.9173241421381975,0.15937167101943261,0.34216475522559087
25.9,6.855950389663285,5.5334280299814385,3.023685501031669,6.763798107982029,5.664099926514685,-2.917364203652661,0.15989742825529407,0.3421356024952562
25.939999999999998,6.836087945028799,5.535780459714662,3.0236679984004207,6.763798107982029,5.664099926514685,-2.917364203652661,0.14728104460551183,0.34215310512650454
25.97,6.82616800301977,5.53695530467585,3.0236771036381525,6.744145890866452,5.659673085695045,-2.917748045959165,0.14760515119861684,0.34176015758226885
26.0,6.806328695989338,5.539304576791931,3.0236947001810934,6.724336238825641,5.655270468158375,-2.9178558526435827,0.14202412116311267,0.3416347543549101
26.04,6.7864751967641,5.5416551372139065,3.0237017976889247,6.704429275586703,5.650847979506917,-2.917927618402499,0.13658188016671172,0.34155589108816287
26.07,6.766629267695857,5.5440040790123986,3.023740367824029,6.6845073301917255,5.646429497862837,-2.918130791480233,0.13128205911745935,0.3413141478753241
26.099999999999994,6.756715607496639,5.545176879770523,3.0237842599685285,6.6845073301917255,5.646429497862837,-2.918130791480233,0.12436288828220096,0.3412702557308247
26.14,6.736842360349851,5.5475270561175325,3.0238387509853117,6.645289166068916,5.6376292441031755,-2.9179470510393495,0.1284538503231519,0.341399505154925
26.169999999999995,6.726903638081497,5.5487020010255925,3.023868044372702,6.645289166068916,5.6376292441031755,-2.9179470510393495,0.12070201573822992,0.34137021176753457
26.199999999999996,6.707041558988292,5.5510493979865405,3.0239203937883774,6.625842237428661,5.633232910729491,-2.9178759696291525,0.11553120612421197,0.3413889437620563
26.239999999999995,6.6871878827121645,5.553395156726676,3.0239617094943734,6.606381627952547,5.628794323239419,-2.9177794910162373,0.11052006659015645,0.34144410666897507
26.269999999999996,6.667329758585105,5.555741074193646,3.0239887866724384,6.586921607377317,5.624327675500669,-2.917697587409551,0.10568629362175098,0.34149893309759705
26.299999999999997,6.657399343124764,5.556914169743572,3.0239961836657896,6.586921607377317,5.624327675500669,-2.917697587409551,0.09752790367145772,0.341491536104245
26.339999999999996,6.637527263762999,5.5592614387488375,3.024019900079913,6.5676061398145835,5.6198413872387345,-2.917685171977099,0.09251428934628592,0.3414802351225745
26.369999999999997,6.617666369908126,5.56160744732774,3.0240161094584783,6.54833201266635,5.615389729756822,-2.9176186614086155,0.08774843017064049,0.3415505363124929
26.4,6.607728523435416,5.562781539040296,3.024008638762978,6.529223533858958,5.611015386661098,-2.9173044475475463,0.09213868592891082,0.3418722208690621
26.439999999999998,6.587868646115327,5.565128430024369,3.023984672255426,6.510089003834894,5.60664890505528,-2.9171075817924588,0.08816814957831806,0.3420930531317019
26.47,6.568008158355909,5.567475956623877,3.0239524893982015,6.490901285087575,5.602265431487049,-2.916800460126988,0.08459182860344225,0.3424323576543973
26.5,6.558079653724446,5.56864985102327,3.023931692781427,6.471433696779938,5.597821404034929,-2.9168588854919353,0.09142483995031987,0.3423947289062239
26.54,6.538227647065958,5.570997613850873,3.023896752464619,6.451942278916167,5.593363247083146,-2.9168927363961954,0.08913689643814997,0.34239581831877164
26.57,6.518372577381529,5.573346277574304,3.0238658586027283,6.451942278916167,5.593363247083146,-2.9168927363961954,0.06938057092958301,0.34242671218066256
26.599999999999994,6.508444616415848,5.574520821635619,3.023851985029313,6.432448904718351,5.588906319084682,-2.916921651754642,0.07734526962436755,0.3424116703956308
26.64,6.488587904762989,5.576870275489721,3.0238276301733427,6.41295298850572,5.5844487478539095,-2.91694428006909,0.0760136422007187,0.3424133969371539
26.669999999999995,6.468728260968373,5.579220370875454,3.0238080542801713,6.393453134051107,5.579992288611026,-2.9169606408891067,0.07527908467430332,0.34241661201030826
26.699999999999996,6.458797868065449,5.580395573097175,3.0237999503395434,6.393453134051107,5.579992288611026,-2.9169606408891067,0.0653459784667879,0.34242471595093615
26.739999999999995,6.43893671188121,5.58274616155704,3.023786456775544,6.373952422825727,5.575538111999208,-2.9169734650971044,0.06538282498083633,0.3424253853069379
26.769999999999996,6.419077519133414,5.58509671162469,3.0237706569491722,6.354441845226922,5.571075868540811,-2.916988670468825,0.06613890218418482,0.3424259797615896
26.799999999999997,6.409148757777438,5.586272034375018,3.0237619000379956,6.334924746427027,5.566602637413698,-2.916881514171371,0.07678599506269324,0.3425418929702193
26.839999999999996,6.389283199249159,5.58862393210446,3.023744769588573,6.315387331098715,5.562138365320127,-2.9168672581564747,0.07849894634703845,0.3425732794345384
26.869999999999997,6.369433331795374,5.590974698446471,3.023709851308933,6.295822003270702,5.557674165560004,-2.9167932731363124,0.08079327433450054,0.34268218273434137
26.9,6.359499724621125,5.592151318707199,3.0236981560171037,6.2763208572932925,5.553197827528634,-2.9168533748553855,0.09184823593809377,0.342633776307097
26.939999999999998,6.339635665181068,5.594504459653617,3.023677764414618,6.2763208572932925,5.553197827528634,-2.9168533748553855,0.07559763723407363,0.3426541679095827
26.97,6.329705761352271,5.595680866828429,3.023669853829829,6.256816472492793,5.548732082459731,-2.916886543952801,0.086700846501859,0.34262890939695634
27.0,6.309860815547653,5.598031953669057,3.0236689486581234,6.237096699430911,5.544305076920765,-2.9170233391528497,0.0904499523459073,0.34249301936861265
27.04,6.290019866545976,5.600382399373265,3.0236725214035403,6.2172042809156585,5.539879526206674,-2.9170569991404154,0.0946715753122275,0.3424557866356306
27.07,6.270171299377045,5.602733371847279,3.023686580462024,6.197267138711746,5.535467672809692,-2.9171253686971115,0.09919521616150127,0.3423733580204509
27.099999999999994,6.260242134367902,5.603909252424927,3.023693139888077,6.197267138711746,5.535467672809692,-2.9171253686971115,0.0930059132427682,0.3423667985943979
27.14,6.2403873212925465,5.606259742887664,3.0237360029281,6.1577594573635785,5.526577377425116,-2.9172167262491167,0.11478956077610517,0.3422325780023696
27.169999999999995,6.220503119980297,5.608612866836247,3.0237817061666457,6.1577594573635785,5.526577377425116,-2.9172167262491167,0.10327917854768415,0.3421868747638239
27.199999999999996,6.210570043510031,5.609788015124268,3.023803083366311,6.138287683384006,5.522157335115258,-2.9172104160826025,0.11359522729511914,0.34217180773067213
27.239999999999995,6.190709766639584,5.6121371299742755,3.023839483618729,6.11879090923191,5.51771786171482,-2.9171810956207365,0.11869001756456356,0.342164727940121
27.269999999999996,6.17084939143376,5.6144858142755325,3.023867922731003,6.099306397284411,5.513254615791455,-2.917156781282149,0.1239602983151316,0.34216060316643393
27.299999999999997,6.16092001074301,5.615659966393574,3.0238776198485633,6.099306397284411,5.513254615791455,-2.917156781282149,0.11951189562285654,0.34215090604887344
27.339999999999996,6.141061297587971,5.618008256616436,3.0238872469951703,6.07983250904365,5.508783068275347,-2.9171329434595297,0.12521623822312958,0.34216511672488625
27.369999999999997,6.121199254774317,5.620357049312236,3.0238919988340305,6.060384429624888,5.504345255429362,-2.9170693992055443,0.13098541627936372,0.3422239091400119
27.4,6.111257687296916,5.6215328387450105,3.0238767181857034,6.041103188585939,5.499917634196994,-2.9168711047272655,0.14039911561916718,0.34243748426661735
27.439999999999998,6.091388011825235,5.62388361892762,3.0238447124461505,6.0218860656409525,5.495514304072322,-2.916617231492725,0.1459767156769238,0.34272336324071073
27.47,6.071534709773848,5.626233340700127,3.0238041836581067,6.002608761855011,5.491077111509307,-2.91641619609846,0.151716817082325,0.34296492742301954
27.5,6.061613860649979,5.627407772263498,3.023791984510778,5.983260488015747,5.486597342519419,-2.9164220379662384,0.1611422605273711,0.34297128470256943
27.54,6.041756930963805,5.629758766334012,3.0237571263195973,5.963836507844477,5.482126946452101,-2.9163767686132007,0.16693335970003173,0.3430514122467887
27.57,6.021907165696788,5.632109555612377,3.023725405570212,5.963836507844477,5.482126946452101,-2.9163767686132007,0.16083216206320314,0.3430831329961741
27.599999999999994,6.0119787342387,5.633285602749087,3.0237045829839717,5.944448932098045,5.47768108571602,-2.9162990895667327,0.16962617692517307,0.3431816346288823
27.64,5.992128078231203,5.63563750306276,3.02366919095033,5.924967122370205,5.47323779754437,-2.9163629266519324,0.17573917703409994,0.34315318957732366
27.669999999999995,5.972271141821396,5.6379906414488286,3.02364276999854,5.905472357879709,5.4687729781883885,-2.9163767056180645,0.18192497106063224,0.3431658315629811
27.699999999999996,5.962342489236456,5.639167351622191,3.0236318772897812,5.905472357879709,5.4687729781883885,-2.9163767056180645,0.17963422373933097,0.34317672427174095
27.739999999999995,5.942482610931668,5.641521283138836,3.023612865045883,5.885972815304546,5.464305549081158,-2.916392515671215,0.18600745522537732,0.3431799264624882
27.769999999999996,5.922624445562615,5.643875215878488,3.023599006451799,5.866479342240899,5.459839229952345,-2.916402370391802,0.1924097625974674,0.3431839303359858
27.799999999999997,5.912695261157108,5.645052252837324,3.023593524397304,5.846984033640432,5.455375412132207,-2.916410370067183,0.20073681605929408,0.34318141271509894
27.839999999999996,5.892836255628586,5.6474064970865125,3.023584937811817,5.827487974921084,5.4509069323449895,-2.9164160626253297,0.20708084589124723,0.3431843067424394
27.869999999999997,5.872975631248396,5.6497610236135865,3.023579432973934,5.807990227125565,5.446439195822948,-2.916417862463908,0.21345460502208374,0.34318801174174496
27.9,5.863045049752823,5.650938342414646,3.023577485296414,5.788491598069946,5.4419750483898355,-2.916419463119279,0.22186454292547614,0.34318835876389286
27.939999999999998,5.843183732425435,5.653293035739834,3.023574812535572,5.788491598069946,5.4419750483898355,-2.916419463119279,0.2182808313572516,0.34319103152473573
27.97,5.833256667447721,5.654469945675311,3.023577897883225,5.768930849876963,5.437459334053149,-2.9163188207944937,0.22634358034362548,0.34328858850186705
28.0,5.813422408557988,5.656822124442566,3.0235464565045254,5.749107435401107,5.432947452343673,-2.916096981176349,0.2329297846552841,0.34354186949871135
28.04,5.793569386383196,5.659177463810554,3.0234991246259213,5.729179719178018,5.428431414073803,-2.915814286599186,0.23956161777694907,0.34387189595447865
28.07,5.773723116092423,5.66153234006306,3.0234945377932343,5.709276526922854,5.42399236569745,-2.9157901392135503,0.24612720751108694,0.3439006301728016
28.099999999999994,5.763792335947401,5.662710681756998,3.023487942199435,5.709276526922854,5.42399236569745,-2.9157901392135503,0.24486405995144955,0.3439072257666007
28.14,5.7439426581323705,5.665065417020355,3.0235051290676704,5.6694199487545,5.415136189553849,-2.91637738616941,0.26080309230341464,0.3433027919425058
28.169999999999995,5.724091916806603,5.667419031953573,3.023558124227275,5.6694199487545,5.415136189553849,-2.91637738616941,0.2581388321426558,0.34324979678290113
28.200000000000003,5.714152185952942,5.668597165149221,3.0235802141486543,5.649886952406734,5.410688341573273,-2.916243252531843,0.26579499905204734,0.3433618404990888
28.239999999999995,5.694288415980483,5.670950870007047,3.023625927228438,5.6304346754928565,5.4062767883439715,-2.9161776089982716,0.2722676434658618,0.3433817709528766
28.269999999999996,5.674435371142024,5.673302612343113,3.0236640619580717,5.610957466317197,5.401822804239671,-2.916134569808453,0.27880231456864024,0.3433866754130612
28.299999999999997,5.664507169477657,5.674478485780723,3.0236809607199335,5.610957466317197,5.401822804239671,-2.916134569808453,0.2778645198386952,0.3433697766511994
28.340000000000003,5.644647656861812,5.676830304812019,3.0237081069314753,5.572021212425455,5.392843588908119,-2.9159991184408427,0.2931263468904659,0.3434780818072678
28.370000000000005,5.624788514116521,5.679181965367752,3.02371983751193,5.572021212425455,5.392843588908119,-2.9159991184408427,0.2911598426316624,0.3434663512268141
28.39999999999999,5.614860256688024,5.6803576947403425,3.0237204112569085,5.552573185617246,5.388384028479672,-2.9159236121650896,0.298543633347411,0.3435412837575882
28.439999999999998,5.594975907183093,5.6827128372616835,3.023686989515192,5.533376298440413,5.383944293614127,-2.9154613965926948,0.3050527076925116,0.3440369210716998
28.47,5.575080452508805,5.685071262224847,3.023616671824297,5.514172394116567,5.379539350034672,-2.915254344650277,0.31154380260839276,0.34431429070501185
28.5,5.56516770086216,5.686246958449477,3.023585086313264,5.514172394116567,5.379539350034672,-2.915254344650277,0.3109181216487815,0.3443458762160452
28.539999999999992,5.545334625950795,5.688600227769447,3.0235197333246955,5.494712987999463,5.375072436535762,-2.915412296559395,0.31758813911219835,0.34425327729549515
28.569999999999993,5.525490499900384,5.6909559043978994,3.0234596538468823,5.475237860436173,5.370586566799319,-2.915484263532858,0.3242866636888931,0.344241389799846
28.599999999999994,5.515564534168664,5.692134529785609,3.0234355713955905,5.455758459101984,5.366101893764068,-2.915539060696273,0.33147254240138274,0.34421067508772296
28.64,5.495717931851156,5.6944917183190835,3.0233867171837447,5.43627408701958,5.361623699869733,-2.9155726887114426,0.33813412781728774,0.3442259012843989
28.67,5.475866421500618,5.696850075738262,3.0233489015519597,5.416785588603668,5.357145605427398,-2.9155981003081886,0.34480381663343324,0.344238305319438
28.700000000000003,5.465939585378414,5.698029557558382,3.0233331794253786,5.397293739761193,5.352668055933271,-2.9156182537175455,0.3521176208673101,0.3442338740366626
28.739999999999995,5.446083683609488,5.700389068497513,3.0233068154900122,5.397293739761193,5.352668055933271,-2.9156182537175455,0.3511272720815367,0.3442602379720281
28.769999999999996,5.426225530611172,5.702749176892904,3.023285708988044,5.377799636541422,5.348189154194353,-2.915638069882033,0.35785175270277997,0.3442615283095094
28.799999999999997,5.416295720114271,5.703929426091495,3.0232769096096925,5.35830394494944,5.343708518306749,-2.915653514377636,0.36485908018306856,0.3442548831922583
28.840000000000003,5.396434695684311,5.706290274457344,3.023262373729815,5.338806237920965,5.339227153837876,-2.915665017406843,0.37155938107264097,0.34425791604292844
28.870000000000005,5.376571313198218,5.708651619010196,3.02325058469719,5.319306504837332,5.334745457324658,-2.915673425443893,0.37826588006720935,0.3442612970385035
28.89999999999999,5.366639313045676,5.709832397149737,3.023245886949815,5.319306504837332,5.334745457324658,-2.915673425443893,0.37806164465630476,0.3442659947858786
28.939999999999998,5.346777384672711,5.712193888475227,3.02323407255085,5.299808935679895,5.330262643335667,-2.915706719417334,0.38480840845106984,0.3442445152114022
28.97,5.32691776388745,5.714555438074838,3.023219360668663,5.280311629744166,5.325779139983355,-2.9157571179812907,0.3915598826456801,0.3442088285296325
29.0,5.316988239829212,5.715736321950388,3.023211330935914,5.260814015485052,5.321296638312545,-2.9158048139386796,0.39841963745401565,0.3441691623049925
29.039999999999992,5.297128757463065,5.718098427585925,3.0231948313054966,5.24131588162799,5.316815540210755,-2.915851241332206,0.4051456933118441,0.344139234541883
29.069999999999993,5.287199912598816,5.719279503230445,3.0231876727625755,5.221794127713281,5.312352851065042,-2.915912300438853,0.4121495079931987,0.34408533397815777
29.099999999999994,5.267349127521321,5.721640904578207,3.023190391936777,5.221794127713281,5.312352851065042,-2.915912300438853,0.4118154547319778,0.3440826148039564
29.14,5.247500011275678,5.724001810156061,3.023194415777394,5.202063239587066,5.307908427110946,-2.916140887088572,0.41856684488312224,0.34385000431362034
29.17,5.237570613944315,5.72518280494133,3.0231929995661453,5.182363617390513,5.303454147864623,-2.916367308725413,0.42532678338921226,0.34362499888802844
29.200000000000003,5.2177171319855695,5.727543624780424,3.0232289602135793,5.162602051281743,5.298946522549825,-2.9167865586729014,0.4321263104249218,0.34316978829310507
29.239999999999995,5.197839682206488,5.729906169920402,3.0232763581906203,5.14318606081134,5.294520179934798,-2.9167815778207546,0.4388028926606438,0.3431273711682117
29.269999999999996,5.177981038942508,5.732265381714964,3.0233243709975044,5.123770950018994,5.290084510510432,-2.9167777787932576,0.44549147758435687,0.3430831573888238
29.299999999999997,5.168053929275019,5.733444411892288,3.02334583216477,5.123770950018994,5.290084510510432,-2.9167777787932576,0.44556591477032687,0.34306169622155913
29.340000000000003,5.148199928451738,5.7358019933059445,3.0233834606228864,5.084814964557798,5.281190882559385,-2.9165860660543603,0.4590086226445605,0.34321578050233903
29.370000000000005,5.128338851977845,5.738159944728672,3.023413485793988,5.084814964557798,5.281190882559385,-2.9165860660543603,0.45903709278884014,0.34318575533123763
29.39999999999999,5.118406789495574,5.739339006165073,3.0234229410459177,5.065340476104509,5.2767257437173924,-2.916496446233035,0.465646930849335,0.3432659199006336
29.439999999999998,5.098543367245781,5.74169708719084,3.0234298298853934,5.045906626801984,5.2722624607018584,-2.9164068905760407,0.4723764335690308,0.34334858671815205
29.47,5.078642175656084,5.74405999783212,3.023400814215642,5.026816294360303,5.267873079972572,-2.9158011875173053,0.4789988546047474,0.34398330544663835
29.5,5.068674297894859,5.7452443831787114,3.023350203229934,5.026816294360303,5.267873079972572,-2.9158011875173053,0.47920293570117706,0.3440339164323465
29.539999999999992,5.048837035967094,5.747603312774764,3.023264750912128,5.007647455774192,5.263481964874389,-2.9155634710903886,0.4858704158614142,0.3443570851770694
29.569999999999993,5.038923135633213,5.748782926526172,3.0232214161772033,4.988197164119634,5.259064351663301,-2.9158042771182933,0.4923387114088408,0.34415961388408967
29.599999999999994,5.019085039628578,5.751144486954965,3.02314284145434,4.96872466813262,5.254582378569864,-2.915880392964419,0.499109301156638,0.34416207276082744
29.64,4.999240873539369,5.7535079579497435,3.0230735012107415,4.949245090782199,5.250100584710868,-2.915945476292965,0.5058839409635046,0.3441663296758799
29.67,4.97939372609433,5.755872720360053,3.0230158039523483,4.929760453422421,5.245627898031164,-2.915985921609189,0.5126531385542892,0.34418358161804896
29.700000000000003,4.9694690553718015,5.757055504937345,3.0229916399237036,4.910270531111902,5.241158056420382,-2.9160146790969748,0.5192828156803019,0.3441789881589079
29.739999999999995,4.949617325866084,5.759421784411478,3.0229513785795854,4.910270531111902,5.241158056420382,-2.9160146790969748,0.5197551943065662,0.34421924950302607
29.769999999999996,4.92976255288694,5.76178889519553,3.0229195300894673,4.890776612349741,5.236688654023405,-2.9160399240463084,0.5265455031035722,0.3442258530438105
29.799999999999997,4.920046896703378,5.762947443834642,3.022894041999888,4.871692343684555,5.2323586822949295,-2.9155019316564883,0.5327875718050268,0.3447893335232095
29.840000000000003,4.901983263901089,5.765102152542845,3.0228582519107148,4.853907351264421,5.228387540115188,-2.915215545871335,0.5388634971578782,0.34511150939753676
29.870000000000005,4.893109995931759,5.766160753628405,3.0228434742574857,4.836410045760572,5.224369932387626,-2.9153320173303325,0.5447496473887551,0.3450098155917676
29.89999999999999,4.875543148772263,5.7682569727007,3.022797520776556,4.836410045760572,5.224369932387626,-2.9153320173303325,0.5452930518279493,0.3450557690726974
29.939999999999998,4.8594909507285795,5.770173137167745,3.0227678802624327,4.81992084816421,5.2207355086178575,-2.9142209955856986,0.5508606908134572,0.34619643133145495
29.97,4.843722349766341,5.772055779222461,3.022743423705699,4.804268584921083,5.217198897729454,-2.9141329556430864,0.5562578165748409,0.34630892783080114
30.0,4.836017036854144,5.772975881553049,3.022728803414031,4.789015840876787,5.213719580925946,-2.913825532986327,0.5612278701333485,0.3466309707792279
30.039999999999992,4.82197867145618,5.7746522339148845,3.0227105913585683,4.7746782370041405,5.210628020985004,-2.9127741907649494,0.5660041023442526,0.3477005250560685
30.069999999999993,4.808190929067419,5.776299193720561,3.0226778041716225,4.760797674498093,5.2075213266679805,-2.9122705585476476,0.5707489663832569,0.34823694446031617
30.099999999999994,4.801497031753291,5.777099062822329,3.0226569224397837,4.760797674498093,5.2075213266679805,-2.9122705585476476,0.5710299775000426,0.34825782619215495
30.14,4.789450105688496,5.7785390474144425,3.0226113596460147,4.747592759145513,5.20473409586969,-2.911068470047962,0.5753296097689523,0.349505477485609
30.17,4.777641396876918,5.779951073608218,3.022565682370714,4.735154734600197,5.202002512399889,-2.9103295944999616,0.5795081154515384,0.35029003030891026
30.200000000000003,4.771929537365313,5.780634373489265,3.0225342556150716,4.723283967214657,5.199241876126202,-2.9096411217267804,0.583424054599519,0.35100992983773427
30.239999999999995,4.761901158602884,5.781834204223145,3.0225108886105856,4.712180287266758,5.196569935513741,-2.908510831298659,0.5873724791598399,0.3521635872703417
30.269999999999996,4.752083838943608,5.783009143526449,3.022449210555518,4.701667753143638,5.193985545701436,-2.9073232888634495,0.5911772834794258,0.3534128077606189
30.299999999999997,4.747365062002524,5.783574138944058,3.022427585993478,4.701667753143638,5.193985545701436,-2.9073232888634495,0.5913568747539497,0.3534344323226586
30.340000000000003,4.739329479532931,5.78453639537606,3.022403590307353,4.682324798334783,5.188725058380535,-2.9040886404362247,0.5985321068839146,0.35669307643600856
30.370000000000005,4.731508005606363,5.785473008166446,3.0223864989039386,4.682324798334783,5.188725058380535,-2.9040886404362247,0.5987713281806397,0.3567101678394229
30.39999999999999,4.727768432600697,5.785920856840683,3.0223837154159856,4.67361002562852,5.186230998304034,-2.902628134190349,0.6021304339405786,0.35817345757325114
30.439999999999998,4.721657655167302,5.786652361935797,3.022442728319418,4.66566537823125,5.1841290774711,-2.902239843323996,0.6051193629347928,0.35850273553617207
30.47,4.7157384248870216,5.78735999245546,3.022583271549105,4.6586439859847255,5.182363070520856,-2.9023925403094757,0.6076849928243361,0.358209495321006
30.5,4.712939538772661,5.787694184030535,3.022666095148425,4.6586439859847255,5.182363070520856,-2.9023925403094757,0.6077612722405195,0.3581266717216849
30.539999999999992,4.70869185505966,5.788200501190142,3.0228999116938366,4.652459158344884,5.180943878184906,-2.9027374485407518,0.6098546731505291,0.35754794694499736
30.569999999999993,4.704693443114647,5.788675794190834,3.023205946295829,4.647282981407849,5.17979363849892,-2.9033298800610443,0.6115827340870734,0.3566494808227123
30.599999999999994,4.7028687156634135,5.788892263817942,3.0233497285733817,4.64289402536505,5.178801125309459,-2.903924630229704,0.6130319410625863,0.3559109483765006
30.64,4.700588687976028,5.78916207370316,3.0237033973950886,4.63962866810008,5.177975563178445,-2.9044080914625408,0.6142190770976211,0.35507381832195684
30.67,4.698555738479548,5.78940188032897,3.0240773057954984,4.637225161820938,5.177342905270991,-2.9044236116534243,0.615124075762201,0.3546843897306635
30.700000000000003,4.69776018133349,5.789495489834591,3.0242907764573275,4.635522011480353,5.176853490557277,-2.904762130392954,0.615795265542999,0.3541324003293047
30.739999999999995,4.697481562394416,5.789528088532714,3.024694122915534,4.635522011480353,5.176853490557277,-2.904762130392954,0.6157996012939894,0.3537290538710982
30.769999999999996,4.697459162306949,5.789530611431761,3.025113318003844,4.634857884072785,5.176644092064231,-2.90476112023141,0.6160753246633051,0.35331086894433206
30.799999999999997,4.6974361859640785,5.789533270055138,3.0253068663775684,4.634610462130199,5.176598399231873,-2.904634042591021,0.6161462711454023,0.35324439821099674
30.840000000000003,4.697364208856373,5.789541640535421,3.025651451431984,4.634489718583773,5.176610067981951,-2.9041168153917716,0.6161479645019604,0.353417040355831
30.870000000000005,4.697291236890555,5.789550125855023,3.025945228724882,4.63439405791609,5.176571855193283,-2.903671907011992,0.6161967343522703,0.3535681714427126
30.89999999999999,4.697257998466401,5.789553987506486,3.026073994139682,4.63439405791609,5.176571855193283,-2.903671907011992,0.6161971839896332,0.35343940602791246
30.939999999999998,4.697196081093005,5.789561173595983,3.026297998018393,4.634329118292309,5.1765619085998065,-2.903290272051302,0.6162145356104776,0.3535970371098909
30.97,4.697169817744735,5.789564218849303,3.0263953056308788,4.634337942424509,5.176556819927419,-2.9029743023827663,0.6162190484634744,0.35381569916594113
31.0,4.69713048634411,5.789568776236189,3.0265622291552328,4.634359889790768,5.17654149824904,-2.902753480396557,0.6162325789407733,0.3538695976277966
31.039999999999992,4.6971053292860026,5.789571689350755,3.026695862938513,4.6343741121910345,5.176521405842639,-2.9025765973296003,0.6162514549334528,0.3539128469114736
31.069999999999993,4.697096555270145,5.789572705107821,3.0267520375248784,4.634378064854268,5.176493096830928,-2.9024272468446553,0.6162793320605476,0.35400602281005256
31.099999999999994,4.6970845588028025,5.78957409404399,3.026846720893574,4.634378064854268,5.176493096830928,-2.9024272468446553,0.6162794930281882,0.3539113394413569
31.14,4.697077012434968,5.789574968027196,3.0269241251132746,4.634364844975284,5.176464231373711,-2.9022837609860517,0.6163096554064939,0.35397742108026
31.17,4.697075198072182,5.789575180451249,3.0269934960664306,4.634368841603056,5.176499249933999,-2.9021356847066238,0.6162744386401445,0.3540561264065314
31.200000000000003,4.697077266333774,5.789574943634825,3.027024849416623,4.634395488942849,5.176527960661259,-2.9020543433845134,0.6162431407730861,0.35410611437844963
31.239999999999995,4.697084100377186,5.789574159212703,3.027080826816894,4.634414205928717,5.1765438225285365,-2.901981143459304,0.6162253722180581,0.35412333690338826
31.269999999999996,4.697090981515517,5.78957336936649,3.0271290836666926,4.6344248263143415,5.176551807454627,-2.901907305879167,0.6162162626680332,0.3541489176337267
31.299999999999997,4.697094075043629,5.789573014400692,3.0271508557618017,4.6344248263143415,5.176551807454627,-2.901907305879167,0.6162162241469338,0.3541271455386177
31.340000000000003,4.6971004273779124,5.78957228553822,3.027191212476448,4.634444035557724,5.176554922803593,-2.901773383417963,0.6162110924432006,0.3542207112851745
31.370000000000005,4.697106781955014,5.789571556517094,3.0272277974113457,4.634444035557724,5.176554922803593,-2.901773383417963,0.6162110133675671,0.35418412635027785
31.39999999999999,4.697109982987544,5.789571189320216,3.0272449413528566,4.634453588702151,5.176553803757909,-2.901714397873045,0.6162111154032297,0.3542259679536848
31.439999999999998,4.697116275395194,5.7895704676036495,3.027277033580594,4.634463213293058,5.176552883201336,-2.9016612508972535,0.6162109744050502,0.35424702270173825
31.47,4.697121493629979,5.7895698692963204,3.0273051133790867,4.634460098365163,5.176555303228363,-2.9016582294806654,0.6162088190443398,0.35422196431983366
31.5,4.6971251507325915,5.789569460670206,3.027592550319932,4.634460098365163,5.176555303228363,-2.9016582294806654,0.6162087844329595,0.3539345273789891
31.539999999999992,4.697125695116843,5.789569547531057,3.0322040837963096,4.634633545605097,5.1766493997132255,-2.900652886582312,0.61609770032977,0.3503283368009651
31.569999999999993,4.697124571391325,5.789570013482339,3.044128996148789,4.635096884801321,5.176774487079558,-2.898958105006081,0.61592677412414,0.34009820602471663
31.599999999999994,4.697124031880531,5.789570319314443,3.053325776519869,4.6358459607755735,5.1769378969017,-2.896620019153256,0.6156894403752994,0.33323951150646103
31.64,4.697124648466682,5.7895709450816595,3.0781268098793246,4.636906067142208,5.177206785317073,-2.893756981866641,0.6153179192099972,0.3113015154336205
31.67,4.697124950365741,5.78957171059557,3.107788878157515,4.6382889042631605,5.177536360438072,-2.8900937624645526,0.6148568533922318,0.28530266655751824
31.700000000000003,4.697124791953639,5.789572118918482,3.123684684843332,4.640013892408873,5.177902323192844,-2.885271088702683,0.6143301993633851,0.27422953363357117
31.739999999999995,4.697124785336404,5.789572963379641,-3.1264404043772824,4.640013892408873,5.177902323192844,-2.885271088702683,0.6143310395523786,0.24116931567459954
31.769999999999996,4.697124779175056,5.7895738218811985,-3.092438849129544,4.6421445298140664,5.178342272462614,-2.8792126711100066,0.6136993032621432,0.21322617801953747
31.799999999999997,4.697124900910945,5.789574258689507,-3.0752761344422876,4.6447424493993195,5.179012857770468,-2.871758925220768,0.6128043289000064,0.20351720922151983
31.840000000000003,4.697125629351711,5.789575179577625,-3.0408635668090933,4.64783444908448,5.17997726883275,-2.862566335584131,0.6115874698165857,0.17829723122496244
31.870000000000005,4.697125942934443,5.789576057397087,-3.006522606208144,4.651400964744969,5.1812490124110075,-2.850973684662813,0.6100430864225279,0.15554892154533118
31.89999999999999,4.697125877316949,5.789576462276641,-2.9894216716580564,4.655451733884554,5.18286297158298,-2.8364753677666625,0.6081430703547568,0.15294630389139385
31.939999999999998,4.697125672834792,5.7895772426363745,-2.9554006946540907,4.655451733884554,5.18286297158298,-2.8364753677666625,0.6081438348676073,0.11892532688742818
31.97,4.697125535568785,5.789578012043422,-2.9216406785430453,4.660026511314232,5.184893533833449,-2.8186731550392827,0.6058214718782315,0.10296752350376259
32.0,4.697125511277791,5.789578398701188,-2.9048586606243636,4.665180576464584,5.187454522422326,-2.797146215384129,0.6029706802534457,0.10771244524023471
32.03999999999999,4.697124865775722,5.78957899405683,-2.8714805706527553,4.670985209536303,5.190708037252503,-2.7714178229237616,0.5994411601917616,0.1000627477289937
32.06999999999999,4.697101021065148,5.789572565365498,-2.8383564010365423,4.6771779922521395,5.19440397450698,-2.742424638308954,0.5955019551786523,0.09593176272758841
32.099999999999994,4.697055486049292,5.789558161733357,-2.821914371540367,4.6771779922521395,5.19440397450698,-2.742424638308954,0.5954860378990802,0.07948973323141306
32.14,4.697010815030256,5.7895433265125025,-2.78911921492762,4.683271449241638,5.198190240087013,-2.7125936902871803,0.5915126735727867,0.07652552464043971
32.17,4.696938696245755,5.7895158571580705,-2.756556900422051,4.688923663738489,5.201279764282269,-2.6823612788147138,0.5882906949016625,0.07419562160733717
32.2,4.696877093822452,5.789490630705478,-2.740360223345386,4.694081326233113,5.202982953116145,-2.650487522814678,0.5865143409906076,0.08987270053070828
32.239999999999995,4.6967329303823755,5.789427409869891,-2.7081134667098947,4.698917997478081,5.2030189608511455,-2.61544881569413,0.586412519988091,0.09266465101576493
32.269999999999996,4.696660410098882,5.7893938303847,-2.67597397457909,4.7033210827421055,5.199967997180255,-2.5765902964443863,0.5894634657116714,0.0993836781347035
32.3,4.69676507153346,5.789447579067487,-2.659991661547728,4.7033210827421055,5.199967997180255,-2.5765902964443863,0.5895160377334228,0.08340136510334162
32.34,4.6969878036655395,5.78956663366278,-2.6283326746924387,4.711522140930668,5.187348044596199,-2.4926531679357113,0.6023939541339041,0.13567950675672735
32.370000000000005,4.69690102839783,5.789516061000574,-2.5968587721052447,4.711522140930668,5.187348044596199,-2.4926531679357113,0.6023454962993232,0.1042056041695334
32.39999999999999,4.696841805336282,5.789480524125956,-2.5809997397661886,4.715495253131165,5.188164804765553,-2.450567910454958,0.6016049746009047,0.13043182931123054
32.44,4.696977027062148,5.789571661903397,-2.5494167421423524,4.719885172742502,5.185589926217818,-2.409864333859536,0.604416015820458,0.13955240828281656
32.47,4.697401644177667,5.789864534027045,-2.5180750305826263,4.723780025976746,5.175887882471216,-2.3733666461298846,0.6145430397311866,0.1447083844527417
32.5,4.697529696094582,5.789957804589516,-2.5023418474624233,4.723780025976746,5.175887882471216,-2.3733666461298846,0.6146307420470425,0.1289752013325387
32.53999999999999,4.697493549387617,5.789930724732317,-2.4709505522407906,4.7280168140398695,5.1652817904273745,-2.335415934219107,0.625394244307806,0.13553461802168343
32.56999999999999,4.697444769672329,5.789893693892868,-2.439420378746302,4.732483653052428,5.154941994196248,-2.2978206240804577,0.6359177496313109,0.1415997546658443
32.599999999999994,4.69746068789771,5.789908032401753,-2.4235466678713866,4.736991325241727,5.143822893959597,-2.26148758442603,0.6472933472581375,0.16205908344535658
32.64,4.697498771726677,5.789942997041029,-2.3916780406684737,4.741161502409719,5.1327770933124865,-2.225790802727788,0.6586148032606405,0.1658872379406855
32.67,4.6975226751681625,5.789966573226248,-2.359772763792576,4.745264122142343,5.1218859087421,-2.1898593241706275,0.6697843085775971,0.16991343962194838
32.7,4.6975183949878625,5.789962633826419,-2.343797922088632,4.7495730632605015,5.1115243987474255,-2.15254600238703,0.6804323091285966,0.19125191970160182
32.739999999999995,4.697512926568228,5.7899577756223835,-2.311794505203737,4.7495730632605015,5.1115243987474255,-2.15254600238703,0.6804278835338664,0.15924850281670677
32.769999999999996,4.697493764045269,5.789937004847152,-2.2797316661799676,4.753773669084067,5.101668881033693,-2.1163936473010425,0.6905653031892602,0.16333801887892507
32.8,4.697485601857297,5.789927783748433,-2.2636943171628316,4.7578268009339615,5.092610951436314,-2.0828939592285836,0.6999227278291633,0.1808003579342481
32.84,4.697483512991583,5.789926060940809,-2.231628963365908,4.761956146067497,5.0841302679183435,-2.050837919460344,0.7087343803315547,0.18079104390556422
32.870000000000005,4.697493378420839,5.789939679875066,-2.1995851329385054,4.766069375011686,5.076260672283243,-2.018997388331221,0.7169661032333936,0.18058774460728433
32.89999999999999,4.6974960996983315,5.789943769725837,-2.1835652071184697,4.766069375011686,5.076260672283243,-2.018997388331221,0.7169699140566892,0.16456781878724858
32.94,4.697503911214106,5.7899560647494575,-2.1515406274354434,4.770187559783986,5.068892612095105,-1.986615421539449,0.7247174728977115,0.16492520589599446
32.97,4.697534423980404,5.790005111561026,-2.119565320242068,4.774333895843181,5.06193875984021,-1.9529088721458332,0.7321057105271483,0.16665644809623492
33.0,4.697546014657755,5.790024805256413,-2.1035775173653963,4.778343730758936,5.055667388399908,-1.918582379338715,0.7387889323882199,0.18499513802668144
33.03999999999999,4.697548568230432,5.790030237911353,-2.07157727031094,4.782138371949228,5.050267645370877,-1.882638697608329,0.7445831909299261,0.18893857270261094
33.06999999999999,4.6975481715749945,5.790030611747131,-2.039568526092905,4.785493612763403,5.04589549206311,-1.8448995164009936,0.7493140042552093,0.19466900969191125
33.099999999999994,4.697547936433277,5.7900306565721,-2.0235640891860913,4.785493612763403,5.04589549206311,-1.8448995164009936,0.749314076368504,0.17866457278509773
33.14,4.697561298523509,5.790060393278931,-1.9915823107655788,4.788582116712222,5.042234532629212,-1.8043829894625738,0.7533447465803652,0.18719932130300498
33.17,4.697582981926245,5.790111493710253,-1.9596297831531995,4.79134617153269,5.0394149109251245,-1.761168309968966,0.7565295071115489,0.19846147318423357
33.2,4.6975877875426075,5.790123658745555,-1.9439280998036177,4.793400692867811,5.037965825215913,-1.716491842319225,0.7582357940422368,0.22743625748439267
33.239999999999995,4.697574557396169,5.790090483784152,-1.914986578145747,4.794407246514434,5.037904893944825,-1.6751854421459538,0.7583928607547742,0.23980113599979314
33.269999999999996,4.697586783133664,5.790127397800818,-1.8874873146164242,4.795010149693985,5.038249797397167,-1.634779839035348,0.7581630684362688,0.2527074755810761
33.3,4.697590483618567,5.7901393605831695,-1.87428891368687,4.795010149693985,5.038249797397167,-1.634779839035348,0.75817445655092,0.23950907465152182
33.34,4.697590279691354,5.790140130290412,-1.8512075640271886,4.794486763863072,5.039093797488091,-1.568121383322964,0.7572711024861938,0.28308618070422464
33.370000000000005,4.6976056172408525,5.790194729185137,-1.8301466583458474,4.794486763863072,5.039093797488091,-1.568121383322964,0.7573232903899142,0.26202527502288353
33.39999999999999,4.697628770605557,5.79028083617159,-1.8203708136769556,4.793416926790053,5.039653419560043,-1.5388789557612226,0.7567145362910309,0.28149185791573306
33.44,4.697647820262542,5.79035512394101,-1.8036506214948747,4.792043246691793,5.039853226727929,-1.5162426839511909,0.7564149616785715,0.28740793754368377
33.47,4.697655398801253,5.790388232392463,-1.7886647681947765,4.790431982842361,5.0400831916493365,-1.4943697866210386,0.7560192780021427,0.2942949815737379
33.5,4.697664874276462,5.790430010574386,-1.7818192855940114,4.790431982842361,5.0400831916493365,-1.4943697866210386,0.7560595777467666,0.2874494989729728
33.53999999999999,4.6976728409682,5.7904666266524245,-1.7701604454899267,4.788794788465089,5.0401116509221655,-1.4766359317933322,0.7558675802802918,0.2935245136965945
33.56999999999999,4.697676710898381,5.790485516994533,-1.7596921153913425,4.786809083943796,5.040280000773246,-1.4608621203213588,0.7554818968668642,0.29882999506998376
33.599999999999994,4.69768227081665,5.790513669901525,-1.7549403851663605,4.785975859200198,5.039815863700813,-1.4472416780026034,0.7558723132806262,0.30769870716375713
33.64,4.697662793485373,5.7904127350434464,-1.7473326548972326,4.785171541823682,5.039510741792793,-1.4357123720360796,0.7559838520124232,0.31162028286115295
33.67,4.697652281649341,5.790357645920847,-1.7407941913909817,4.784505695727902,5.039429665731744,-1.4257554991489132,0.7559340890368604,0.3150386922420685
33.7,4.697652351433504,5.790358415091613,-1.738009087159067,4.78406587466687,5.039411104846048,-1.4184574544752644,0.7559028772022585,0.3195516326838026
33.739999999999995,4.697647210099153,5.7903298713852625,-1.7334517538652847,4.78406587466687,5.039411104846048,-1.4184574544752644,0.7558751084183439,0.3149942993900203
33.769999999999996,4.697653983615779,5.790369759504631,-1.7295517151453748,4.783797031563504,5.0394668582679865,-1.4126974431834578,0.7558278850342409,0.31685427196191696
33.8,4.697659114369162,5.79040028540925,-1.7279044250278028,4.7838074913786715,5.039659705181619,-1.4087691717465434,0.7556672294481827,0.31913525328125947
33.84,4.697672999477416,5.790484164136115,-1.7252238691953352,4.784041585340719,5.0399697060476525,-1.4065630853678297,0.7554677256004023,0.3186607838275055
33.870000000000005,4.697693792203251,5.7906121588196875,-1.7229679054164277,4.78445199274137,5.040419410620028,-1.4054924885786984,0.7551927865200849,0.3174754168377294
33.89999999999999,4.697706972413107,5.790694309930908,-1.7220441720074218,4.78445199274137,5.040419410620028,-1.4054924885786984,0.7552728798836232,0.3165516834287234
33.94,4.697739912606853,5.7909017818049335,-1.7206231262260907,4.7850132848097,5.040996460190952,-1.4059646492062834,0.7549666435549494,0.3146584770198073
33.97,4.697756249014051,5.791004399803926,-1.719263081443507,4.785692280684783,5.041702380988959,-1.4073385711707211,0.7544443392763847,0.3119245102727859
34.0,4.697734359442555,5.790862058589788,-1.7183497733597666,4.786579801532537,5.043096485451981,-1.4094438831127043,0.7530251423095227,0.3089058902470623
34.03999999999999,4.697700305311284,5.79063936164834,-1.7161630857686068,4.786815680178388,5.044981335950768,-1.410080133798271,0.7509643409143382,0.30608295197033586
34.06999999999999,4.697705630616038,5.790676619191391,-1.7139436603649278,4.786427081581271,5.0458774687378485,-1.408633370170044,0.7500648441152905,0.30531029019488387
34.099999999999994,4.697706278286913,5.79068096660966,-1.7128055597448397,4.786427081581271,5.0458774687378485,-1.408633370170044,0.7500690844044179,0.30417218957479575
34.14,4.697705786449872,5.790677431095946,-1.7107982323736508,4.787004683481136,5.0460773006040585,-1.406064544140304,0.7499357621420226,0.3047336882333469
34.17,4.697701399256237,5.790646720729604,-1.7089706798523896,4.7874070438850715,5.045935968535735,-1.4045455788476728,0.7500941321670448,0.30442510100471676
34.2,4.697696702250514,5.790613434039454,-1.7081791857513529,4.787521842714437,5.04584414714735,-1.4032010924737235,0.7501665458797373,0.30497809327762937
34.239999999999995,4.697691169190515,5.790573988015794,-1.7067396159168982,4.7873125662702005,5.045902058723235,-1.402119696808922,0.7500455166793655,0.30461991910797614
34.269999999999996,4.697683694928191,5.790520048361793,-1.7054811695623713,4.787092254333554,5.045903554223419,-1.4020204623016406,0.749965075078743,0.3034607072607307
34.3,4.697682977410915,5.790514923176277,-1.7049515558294446,4.787092254333554,5.045903554223419,-1.4020204623016406,0.7499600719862876,0.302931093527804
34.34,4.69767841591344,5.790481536019037,-1.7040150880475429,4.7873684980735165,5.045413079040632,-1.4023795290337877,0.7504474108304077,0.30163555901375516
34.370000000000005,4.697670994623572,5.790426796781802,-1.7031827930351957,4.7873684980735165,5.045413079040632,-1.4023795290337877,0.7503939510335044,0.300803264001408
34.39999999999999,4.697667077022862,5.790397751378173,-1.7028080858012105,4.787573543902374,5.045122410941893,-1.4027932121382702,0.7506786968132032,0.3000148736629402
34.44,4.697662444234953,5.790363263037312,-1.7020374607510445,4.787455520709735,5.045170750327975,-1.4018371016932751,0.7505828918786134,0.3002003590577693
34.47,4.697659423748915,5.790340616081961,-1.7016423514917556,4.787234483136554,5.04517103915619,-1.4022027946250888,0.7505340696064579,0.2994395568666668
34.5,4.697651389871577,5.7902800298015595,-1.700931466146169,4.787234483136554,5.04517103915619,-1.4022027946250888,0.750474875355253,0.2987286715210802
34.53999999999999,4.697649199545173,5.79026343845231,-1.7003512484550236,4.7871769945637075,5.045031502439691,-1.4027335031147032,0.7505903440186253,0.29761774534032037
34.56999999999999,4.697639743282357,5.790191280067156,-1.6997849689352682,4.787329120553963,5.044722700580406,-1.4034054009040737,0.7508445827182623,0.2963795680311945
34.599999999999994,4.6976332855921195,5.790141857216584,-1.69966223112362,4.787508712103687,5.044379973609094,-1.404349955757046,0.7511580255395185,0.295312275366574
34.64,4.697623992649965,5.790070869155316,-1.699889408361954,4.787790133029967,5.044392462497539,-1.4057482489702846,0.7511099912973509,0.2941411593916694
34.67,4.697621370438464,5.79005091801933,-1.7000802484864206,4.787790845813882,5.044595524883134,-1.4073138607846134,0.7508889914263753,0.2927663877018072
34.7,4.697622320011316,5.790058213404338,-1.7005553951538055,4.787669871282264,5.044733981257771,-1.408826080415796,0.7507441458411538,0.29172931473800956
34.739999999999995,4.697624210632633,5.7900725659479555,-1.7010806217289163,4.787669871282264,5.044733981257771,-1.408826080415796,0.750758168007379,0.29225454131312034
34.769999999999996,4.6976267385493,5.790091686037252,-1.7013418508021467,4.787571971211164,5.044738163337882,-1.4097539016999383,0.7507609597461485,0.2915879491022084
34.8,4.6976278101254,5.7900997472821425,-1.7018170270045474,4.787594760879989,5.044715829871322,-1.4105918604805108,0.7507937376955002,0.2912251665240366
34.84,4.697628011437331,5.790101237382966,-1.702235883593719,4.787637124617879,5.044717631813074,-1.4112849657966577,0.7507984815567491,0.2909509177970613
34.870000000000005,4.697628430687142,5.790104374703347,-1.7025937420415307,4.7876623913765926,5.044701662428588,-1.4118639088335967,0.7508204296261498,0.290729833207934
34.89999999999999,4.697628070525462,5.790101663017126,-1.7027513134868935,4.7876623913765926,5.044701662428588,-1.4118639088335967,0.7508177806954998,0.29088740465329677
34.94,4.697625895815414,5.790085335492866,-1.7030243328167676,4.78762295286916,5.04459968554891,-1.4123636013579117,0.7508983450179509,0.29066073145885585
34.97,4.697623698867535,5.790068866875993,-1.7032460237186637,4.787603912954896,5.04456428264942,-1.4126619294552336,0.7509151243849356,0.2905840942634301
35.0,4.697623437776333,5.790066912747358,-1.703340195705366,4.787567776591201,5.044603370520122,-1.4129174593797968,0.7508700798905378,0.29042273632556914
35.03999999999999,4.697623502943953,5.790067402922167,-1.70349787282384,4.787574185527766,5.044602837851067,-1.413212771921202,0.7508718552948556,0.2902851009026379
35.06999999999999,4.697622704983013,5.790061431549705,-1.7036251927112882,4.787599343825244,5.04459180170878,-1.4134483417837638,0.7508799934427013,0.29017685092752443
35.099999999999994,4.697622342857643,5.790058722807389,-1.7036785998085573,4.787599343825244,5.04459180170878,-1.4134483417837638,0.7508773476110223,0.2902302580247935
35.14,4.697621751177894,5.790054298409571,-1.7037681685366188,4.7876326052589855,5.044581471843879,-1.4136127874815387,0.750887267837357,0.2901553810550801
35.17,4.6976226430726875,5.790060962283951,-1.7038362560794664,4.787611575616756,5.044619084758958,-1.4137347707397994,0.7508539143857527,0.29010148533966706
35.2,4.697623006441253,5.790063676647353,-1.7038620180501014,4.787620818560048,5.044628330631525,-1.4137715823452968,0.7508484942223079,0.29009043570480464
35.239999999999995,4.697622830555336,5.790062361851978,-1.7038991248153599,4.787628055492625,5.044624077591449,-1.4137785005978694,0.7508522998281983,0.2901206242174905
35.269999999999996,4.697622643069952,5.790060960762851,-1.7039236869910042,4.78762707692445,5.044623404476533,-1.4137914824954179,0.7508514822756805,0.2901322044955863
35.3,4.697622609251168,5.790060707925258,-1.7039325078105372,4.78762707692445,5.044623404476533,-1.4137914824954179,0.750851235314998,0.2901410253151193
35.34,4.697622595252156,5.790060603001767,-1.7039450544389387,4.787626152471446,5.044624702345219,-1.413811878292539,0.7508497335018273,0.29013317614639966
35.370000000000005,4.697622617171959,5.790060766442092,-1.703952653425097,4.787626152471446,5.044624702345219,-1.413811878292539,0.7508498931362007,0.290140775132558
35.39999999999999,4.69762263714721,5.790060915513064,-1.7039551327299276,4.787625963454598,5.044625705750225,-1.413819166112578,0.7508490199105021,0.2901359666173495
35.44,4.697622691390472,5.790061320418638,-1.703958236126091,4.78762568411363,5.044626809934263,-1.413824904400913,0.7508482856877312,0.29013333172517797
35.47,4.697622761001398,5.790061840104993,-1.7039596289019978,4.787625323406894,5.044627981329946,-1.41382939808112,0.7508475870959511,0.29013023082087774
35.5,4.697596902515028,5.789868774538615,-1.703964430440665,4.787625323406894,5.044627981329946,-1.41382939808112,0.7506590147534155,0.29013503235954485
35.53999999999999,4.6973593667167926,5.788096023783167,-1.7040293294577384,4.787861882842879,5.043559149720625,-1.4132303333679563,0.7500172413111403,0.2907989960897821
35.56999999999999,4.697079160203318,5.78600599984981,-1.7040810142492817,4.788157699082937,5.041805766751056,-1.41283221910405,0.7497528173929641,0.2912487951452316
35.599999999999994,4.696915733201082,5.784787422467925,-1.7041101942227868,4.788519442401819,5.039499498226725,-1.412842383323498,0.7508963507429574,0.29126781089928877
35.64,4.69641066013368,5.781024453743903,-1.7042304271322997,4.789168622925536,5.035878478592597,-1.4125254515276136,0.7508971726844406,0.2917049756046861
35.67,4.695863351956009,5.776949874151892,-1.7043124616123482,4.789812637642137,5.031934015067545,-1.412463858658065,0.7509161727970183,0.2918486029542833
35.7,4.695565009300929,5.7747296845251395,-1.7043618413993522,4.790638306718791,5.026937285242569,-1.4121678994434979,0.7538119157367361,0.29219394195585435
35.739999999999995,4.694790845370302,5.768973267513361,-1.7044962624815476,4.790638306718791,5.026937285242569,-1.4121678994434979,0.7482005979892882,0.29232836303804977
35.769999999999996,4.693975049419885,5.7629121671031935,-1.7045905522759057,4.791618872276688,5.021115736635624,-1.4118694159740748,0.7481953357222424,0.29272113630183094
35.8,4.693543138483928,5.759704576581451,-1.7046333743427835,4.792592946954501,5.014785542858292,-1.4119029818516469,0.751475369763442,0.29273039249113664
35.84,4.692503127873487,5.75198656046202,-1.704761836971755,4.793821831384037,5.007141413290354,-1.4118578657111667,0.7517045782395104,0.2929039712605883
35.870000000000005,4.691419248163956,5.7439489023704535,-1.7048545107303892,4.7951270095524565,4.999180862934222,-1.41185087221758,0.7519539429631995,0.2930036385128092
35.89999999999999,4.690852611568835,5.739748564754933,-1.7048942530480404,4.7951270095524565,4.999180862934222,-1.41185087221758,0.7478727639477565,0.29304338083046044
35.94,4.689542009697464,5.73004098236852,-1.7050314154010164,4.796557332969702,4.990098479605351,-1.412035953547339,0.7476410815427975,0.2929954618536774
35.97,4.688187629678038,5.72001715743283,-1.7051216094847268,4.798187009943026,4.980223456559672,-1.411905875792931,0.7479268570590872,0.29321573369179577
36.0,4.687486465954891,5.714829562317158,-1.7051564898728966,4.79981803571601,4.969958467362204,-1.4122032720722995,0.7532936543369982,0.29295321780059713
36.03999999999999,4.685904993193145,5.703137567880714,-1.7052950764188468,4.801629021333441,4.95840003393451,-1.4122490206622453,0.7536750262263503,0.2930460557566015
36.06999999999999,4.684281787883868,5.691148805674644,-1.7054028276205948,4.803550395410745,4.946457223738457,-1.4122056654954989,0.7541820423134072,0.29319716212509594
36.099999999999994,4.683445238326559,5.684972626233773,-1.705432749107224,4.803550395410745,4.946457223738457,-1.4122056654954989,0.7482180487538618,0.2932270836117252
36.14,4.681591280324611,5.671292694883098,-1.7055551873709445,4.805514836540854,4.933462284020155,-1.4132080668271552,0.7481649303325163,0.2923471205437893
36.17,4.679698200433853,5.657338249279222,-1.70567916308346,4.807653587898032,4.919717809219948,-1.4134148126521773,0.7486364236225388,0.29226435043128274
36.2,4.678724809846424,5.650167501945337,-1.705724293363162,4.809892054574132,4.905522776698096,-1.4142177464992673,0.7561088631460395,0.29150654686389466
36.239999999999995,4.676595303845345,5.634482951246885,-1.7057812276360915,4.812136948505524,4.890284621718362,-1.4158217599529992,0.7564408047628245,0.28995946768309233
36.269999999999996,4.674429646091492,5.6185323842479065,-1.7057910549129298,4.814575735103156,4.874738448536804,-1.4163248578443923,0.7568819888634403,0.2894661970685375
36.3,4.673322995241197,5.610377843752099,-1.705743781615666,4.814575735103156,4.874738448536804,-1.4163248578443923,0.7490778706591427,0.28941892377127365
36.34,4.670928599649077,5.592711812454974,-1.7055881013775034,4.820004068327609,4.840779658198815,-1.4189706847432677,0.7665673225268816,0.2866174166342357
36.370000000000005,4.668502419726293,5.574787662828521,-1.7054419451175395,4.820004068327609,4.840779658198815,-1.4189706847432677,0.7494801534326301,0.28647126037427184
36.39999999999999,4.66726548483972,5.565641378964675,-1.7053558016590005,4.82291620351827,4.822862282829968,-1.4196157647319234,0.7589123347790845,0.28574003692707706
36.44,4.664608791275873,5.545982789191964,-1.705217467759667,4.825757358923455,4.803801311137998,-1.4214168743023057,0.7594749549664139,0.2838005934573613
36.47,4.661918985559648,5.526059843464768,-1.7050699165253835,4.828838984222409,4.7842684220640175,-1.4215369449916242,0.7603399232036433,0.28353297153375934
36.5,4.660580582577609,5.516140413232662,-1.7050009221102356,4.828838984222409,4.7842684220640175,-1.4215369449916242,0.7509643807673037,0.2834639771186114
36.53999999999999,4.657904007291911,5.4962932186042845,-1.7048844507780425,4.83184949330837,4.764385013692542,-1.421193183640545,0.7522942592647051,0.2836912671374976
36.56999999999999,4.655231120554039,5.476460961046181,-1.7047797801105664,4.834880565833096,4.744603452602959,-1.4208636331832187,0.7535843256423217,0.2839161469273477
36.599999999999994,4.653896090785272,5.466551238870354,-1.7047339888683755,4.837933913878264,4.724874006558004,-1.4205809963936689,0.764169508197831,0.2841529924747066
36.64,4.651227517921054,5.446735552230377,-1.7046513495520224,4.8409428376862715,4.7050789091147065,-1.4203818786365308,0.7655367259846024,0.2842694709154916
36.67,4.648558820194795,5.426910412631624,-1.7045833386469926,4.843939206751726,4.685271969705767,-1.4201991716709346,0.7669426806982547,0.28438416697605806
36.7,4.647224660510618,5.416996550625274,-1.7045540642629793,4.8469523429804875,4.665505128987228,-1.420107166179461,0.7775799019652948,0.2844468980835182
36.739999999999995,4.644557619349061,5.397174590352622,-1.7045124231071698,4.8469523429804875,4.665505128987228,-1.420107166179461,0.7591467742463031,0.2844052569277087
36.769999999999996,4.641891481468709,5.377357317023421,-1.704491520695551,4.849952990308849,4.645755731112831,-1.4200602988009248,0.760611906275287,0.28443122189462633
36.8,4.640558283963901,5.367447614159608,-1.7044867121056904,4.85294514273392,4.625999895827284,-1.4200082716322369,0.771267072289752,0.2844784404734535
36.84,4.637891501068836,5.347625827770488,-1.7044842646227263,4.855997873042236,4.606271203549753,-1.4197749283327286,0.7727723263347791,0.2847093362899977
36.870000000000005,4.635224508726742,5.327807540576329,-1.7045254986416378,4.859002195739216,4.586589185429359,-1.4195006270024215,0.7742616503556362,0.2850248716392163
36.89999999999999,4.6338908522106035,5.317900369441421,-1.704545187614295,4.859002195739216,4.586589185429359,-1.4195006270024215,0.7651739441763432,0.28504456061187344
36.94,4.6312235985371375,5.298090999633169,-1.7045843927763178,4.861985453975831,4.56686437935603,-1.4195839555342658,0.766774676242921,0.28500043724205204
36.97,4.629889318743837,5.288183056034586,-1.7046012610470964,4.865007721177812,4.547090230293865,-1.4196031701981522,0.7774954916444671,0.28499809084894423
37.0,4.627220112476674,5.268364403337319,-1.7046305293271908,4.868020666980131,4.527316691002417,-1.419616662245819,0.7791897195201978,0.2850138670813718
37.03999999999999,4.624550611523122,5.248545554255308,-1.7046543514989099,4.871032261388647,4.507543771763471,-1.4196282663148858,0.7809205115608833,0.28502608518402406
37.06999999999999,4.621880917349715,5.228726731303407,-1.7046732173960049,4.8740425820857896,4.48777000955446,-1.4196378581353986,0.7826891903351006,0.2850353592606063
37.099999999999994,4.6205459846092465,5.218817113568289,-1.7046810363462883,4.8740425820857896,4.48777000955446,-1.4196378581353986,0.7737508599149926,0.28504317821088976
37.14,4.617875980777658,5.198997531894726,-1.704693886404142,4.877053478156827,4.4679961578917595,-1.4196458959635878,0.7755875088872654,0.2850479904405543
37.17,4.61520582226016,5.179177529739572,-1.7047036683663659,4.880065186693003,4.4482221099209625,-1.4196521669507378,0.7774614515781282,0.2850515014156281
37.2,4.6138706975280686,5.1692674144989095,-1.704707641103219,4.883077039250695,4.428447887228816,-1.4196573965759738,0.7882167382188509,0.28505024452724514
37.239999999999995,4.611200388736699,5.149447123950345,-1.7047141478103192,4.886088965932379,4.408674080975907,-1.4196628100802084,0.7901319073865289,0.2850513377301107
37.269999999999996,4.608530049878416,5.129627050063903,-1.7047190955629947,4.88910144665841,4.388901934550563,-1.41967059442007,0.7920820698913266,0.2850485011429247
37.3,4.607194889194431,5.119717213737633,-1.7047210377484705,4.88910144665841,4.388901934550563,-1.41967059442007,0.7833021635578875,0.28505044332840046
37.34,4.604524577911381,5.0998978337271454,-1.7047240098966332,4.89514046450187,4.349386433670566,-1.4197487331312408,0.8048136151641964,0.28497527676539236
37.370000000000005,4.6018545412265075,5.080080249602037,-1.704722194988033,4.89514046450187,4.349386433670566,-1.4197487331312408,0.7873563903544423,0.28497346185679207
37.39999999999999,4.600519636035357,5.070171891621409,-1.704719287226053,4.898156966767707,4.3296347442779854,-1.419788875835429,0.7981123023992385,0.28493041139062414
37.44,4.597849955813653,5.050355026466601,-1.7047118979982017,4.901165401922004,4.309867866607628,-1.419784437185812,0.8002009083748381,0.28492746081238973
37.47,4.595180400267484,5.030537865167136,-1.7047048875952644,4.9041733577076565,4.290097938807963,-1.419779728202902,0.8023265745906721,0.2849251593923623
37.5,4.59384565833792,5.020629231268119,-1.7047017813538148,4.9041733577076565,4.290097938807963,-1.419779728202902,0.793712322103934,0.2849220531509127
37.53999999999999,4.5911762154894,5.000811821066276,-1.704696394160307,4.907181722749714,4.270327304345939,-1.4197758082148002,0.7959064705020266,0.28492058594550684
37.56999999999999,4.588506785352044,4.980994055318684,-1.7046920086839898,4.910190262528798,4.250556050718664,-1.4197722906779437,0.7981352880637376,0.2849197180060461
37.599999999999994,4.58717206404437,4.971084991522804,-1.7046901420486011,4.91319897873125,4.230784135636036,-1.4197691298632684,0.8089121746685037,0.2849210121853327
37.64,4.5845026015127655,4.951266489733283,-1.704686960591194,4.916207872798279,4.211011691114096,-1.4197663255584316,0.8111754149857657,0.28492063503276244
37.67,4.581833121780903,4.931447598145134,-1.7046843887517302,4.919216910926334,4.191239133198613,-1.4197635346486297,0.8134718143590548,0.28492085410310053
37.7,4.580498385616521,4.9215380933750605,-1.7046832951213933,4.92222584793887,4.171467481172072,-1.4197592678758408,0.824247281946285,0.28492402724555244
37.739999999999995,4.577828954079368,4.901719242648236,-1.7046815182452437,4.92222584793887,4.171467481172072,-1.4197592678758408,0.807388912259212,0.2849222503694029
37.769999999999996,4.575159690558228,4.881901576453336,-1.7046812885468816,4.925232017414445,4.151700448020707,-1.4197440337826501,0.8097804159121232,0.2849372547642315
37.8,4.573825087828755,4.871993059791889,-1.7046817105528422,4.928241807531813,4.131938409843145,-1.4197407582812869,0.8205437807428883,0.28494095227155536
37.84,4.571155744155403,4.852175264394809,-1.7046830750871176,4.931254797835963,4.112170581818304,-1.4197414420726746,0.8229691723854479,0.284941633014443
37.870000000000005,4.568486413477773,4.83235792907918,-1.7046862579554993,4.934264671761805,4.092411143592746,-1.4197275920434145,0.8254180635199394,0.28495866591208485
37.89999999999999,4.5671517256973555,4.822449410811341,-1.7046885646936063,4.934264671761805,4.092411143592746,-1.4197275920434145,0.817146123267833,0.2849609726501918
37.94,4.56448199304876,4.802630143835296,-1.7046921109001594,4.937274106312761,4.0726349353113385,-1.4197328185428262,0.8196749137187108,0.2849592923573332
37.97,4.561812141864726,4.782810487508919,-1.7046954239808603,4.940282256653195,4.052859571186786,-1.4197340750518082,0.8222335240231448,0.2849613489290521
38.0,4.560477216480792,4.7729007766139295,-1.7046968667950904,4.943294430767324,4.033088671731977,-1.4197324516402194,0.8329891776511659,0.2849644151548709
38.03999999999999,4.557807406676681,4.753081891775081,-1.7046996205277847,4.946302334314065,4.0133163968552905,-1.4197343182673394,0.8355724362817976,0.28496530226044525
38.06999999999999,4.555137471179063,4.733262252615405,-1.7047011807314456,4.949312615505964,3.9935427103563734,-1.4197328016264414,0.8381879536267773,0.28496837910500417
38.099999999999994,4.5538024577692795,4.723352110003119,-1.7047016913068438,4.949312615505964,3.9935427103563734,-1.4197328016264414,0.8300903834436586,0.28496888968040235
38.14,4.551132365957448,4.703531340622333,-1.7047023392943272,4.952322528217174,3.9737681910799854,-1.4197318869489082,0.8327711574760208,0.28497045234541907
38.17,4.548462253046051,4.68371045517818,-1.7047031215721582,4.955331480167506,3.9539935556081027,-1.419732437176719,0.8354814908162698,0.28497068439543916
38.2,4.547127181794555,4.6737999307267515,-1.7047032773075195,4.9583421277149915,3.9342187063219423,-1.4197319951002854,0.846213991399613,0.2849712822072341
38.239999999999995,4.544457000162569,4.653978630244003,-1.7047037731276276,4.961355251055113,3.914444332419823,-1.4197349874063614,0.848949426795004,0.28496878572126616
38.269999999999996,4.543122024248651,4.644068949519334,-1.7047052705924215,4.964363802704099,3.894658232487873,-1.4197262438073142,0.8596866049427065,0.28497902678510734
38.3,4.5404518718659626,4.624249060802715,-1.704712833198318,4.964363802704099,3.894658232487873,-1.4197262438073142,0.8438033549755855,0.28498658939100374
38.34,4.537781572720697,4.604429660444277,-1.7047200694052662,4.9703893911877595,3.8551117038378853,-1.4197349704063866,0.8652322952199648,0.2849850989988796
38.370000000000005,4.535111081819225,4.584609662859957,-1.704725142868529,4.9703893911877595,3.8551117038378853,-1.4197349704063866,0.8494907173266212,0.2849901724621424
38.39999999999999,4.533775896541607,4.574700137664874,-1.7047257550483292,4.9733944987032,3.8353472645696325,-1.419762487821934,0.8601785781572929,0.2849632672263953
38.44,4.531105778262364,4.55488250245253,-1.704724308362011,4.97640095066617,3.8155858719062903,-1.419773489186338,0.8630453629463278,0.2849508191756729
38.47,4.529770702995626,4.544973332891847,-1.7047237832918567,4.9794099869763935,3.795988849646323,-1.4202321661435646,0.8735864249410598,0.2844916171482921
38.5,4.527098594305455,4.5251305891572,-1.7046575325098416,4.9794099869763935,3.795988849646323,-1.4202321661435646,0.8580403674867936,0.284425366366277
38.53999999999999,4.524432672585148,4.5053245355701215,-1.704611303238025,4.982374999803323,3.7762630647605393,-1.4202458827617803,0.8609540076432826,0.2843654204762447
38.56999999999999,4.521765911847469,4.485505769061543,-1.7045649756525887,4.985366608482208,3.756487118671135,-1.4201676758399573,0.8639408536105161,0.2843972998126314
38.599999999999994,4.52043270641275,4.475595501636099,-1.7045430527581618,4.988368342749345,3.7367149071856494,-1.4201091423007703,0.8745903570296117,0.2844339104573914
38.64,4.517766790920903,4.455774754569889,-1.704502311959293,4.991373185972254,3.716942305909263,-1.4200565761080857,0.8775969488480423,0.28444573585120736
38.67,4.515101489330157,4.4359539214942485,-1.7044658743562338,4.99437939670251,3.6971708303648287,-1.4200059601473627,0.8806291888382773,0.28445991420887107
38.7,4.513769034650864,4.426043420499185,-1.7044497278278292,4.997387307995792,3.677399495145562,-1.4199586189430993,0.8912655952531825,0.28449110888472995
38.739999999999995,4.511104425274161,4.406221979359006,-1.7044205883595551,4.997387307995792,3.677399495145562,-1.4199586189430993,0.876158236577797,0.28446196941645585
38.769999999999996,4.509772343102952,4.3963117486487056,-1.7044085281959362,5.000390872595357,3.6576333147024536,-1.4199149007965497,0.8867651156076096,0.28449362739938655
38.8,4.507108435620486,4.376491594926529,-1.7043900463003563,5.003411055487602,3.6378638710304463,-1.4199073221649026,0.889880444214205,0.2844827241354537
38.84,4.504444608291054,4.356670848840913,-1.7043788692841437,5.00641904535412,3.6181085176531096,-1.419859728817193,0.8930020450784784,0.2845191404669507
38.870000000000005,4.50178091250874,4.336850841321459,-1.7043748409580763,5.009438020941635,3.5983552267981236,-1.4198022066436098,0.8961537325775345,0.28457263431446655
38.89999999999999,4.500448976057028,4.326940270578611,-1.7043743202459247,5.009438020941635,3.5983552267981236,-1.4198022066436098,0.8887665688093581,0.28457211360231494
38.94,4.497785632732577,4.3071240778029525,-1.7043811968543774,5.012449357702854,3.578605306420515,-1.4197831667308127,0.8919744110998123,0.28459803012356466
38.97,4.495121994575081,4.287307207657725,-1.7043897836970667,5.015453717472157,3.558839529619347,-1.4197810489594747,0.8952152030655341,0.2846087347375921
39.0,4.4937900682124505,4.277398434026715,-1.7043939449350984,5.018461654721088,3.5390710729448736,-1.4197851769939651,0.9057635264303628,0.2846087679411333
39.03999999999999,4.491125942161761,4.257579391913236,-1.7044011735168838,5.021469768244597,3.5192983118443606,-1.4197870043432819,0.9090233919167569,0.28461416917360194
39.06999999999999,4.48846164640648,4.237759530279309,-1.7044071563501606,5.0244782724419075,3.499525169947177,-1.41978848067039,0.912306853071594,0.2846186756797706
39.099999999999994,4.487129454564595,4.227849380910341,-1.7044096848208878,5.0244782724419075,3.499525169947177,-1.41978848067039,0.90509662928842,0.28462120415049785
39.14,4.484464989576468,4.208028625178059,-1.7044138927993884,5.0274869655067995,3.4797514667021305,-1.419789528716507,0.908438487681502,0.2846243640828814
39.17,4.481800424693775,4.188207261249359,-1.7044171112509332,5.0304958157922535,3.4599771684431238,-1.4197901073027759,0.9118035425908865,0.2846270039481573
39.2,4.4804681097128904,4.17829637150191,-1.7044184124009119,5.03350478633568,3.44020234965562,-1.4197903424204197,0.9222973223289822,0.28462806998049217
39.239999999999995,4.477803430294816,4.158474275993311,-1.7044205479187182,5.036513832653639,3.4204272461201155,-1.4197905797111272,0.925673123736777,0.284629968207591
39.269999999999996,4.475138730107136,4.138652097753666,-1.7044222943951466,5.03952275009055,3.400652711491823,-1.4197916758924665,0.9290707271976103,0.2846306185026801
39.3,4.473806401571237,4.128741205264029,-1.7044231068326208,5.03952275009055,3.400652711491823,-1.4197916758924665,0.9220346206870458,0.2846314309401543
39.34,4.471141785955534,4.108919829076844,-1.7044247029898183,5.045539670080434,3.3611087537953726,-1.4198034140764626,0.9429498043908764,0.2846212889133557
39.370000000000005,4.468477249121834,4.0890991826241505,-1.7044260766950055,5.045539670080434,3.3611087537953726,-1.4198034140764626,0.9289623792968732,0.28462266261854285
39.39999999999999,4.467145004290961,4.0791890695136175,-1.7044266220047832,5.048544326740331,3.3413438469745986,-1.4198464796094261,0.9393831723893299,0.2845801423953571
39.44,4.464480677877936,4.059370006797831,-1.7044259908153576,5.051551240693388,3.321589985925201,-1.4198831336194595,0.9428526952410274,0.2845428571958981
39.47,4.461816502658159,4.0395514243699155,-1.7044226279195158,5.0545589563604745,3.3018240735893682,-1.4198872770899469,0.9463536656613774,0.28453535082956893
39.5,4.460484219615405,4.029640386990085,-1.7044212547407993,5.0545589563604745,3.3018240735893682,-1.4198872770899469,0.9394899567802382,0.2845339776508524
39.53999999999999,4.457819959526906,4.009820070690817,-1.7044167961838224,5.0575640983662025,3.282048753645986,-1.4198861276657564,0.943050434486543,0.28453066851806597
39.56999999999999,4.455155890102104,3.9900003537296604,-1.7044115966690898,5.060572509120313,3.2622772372068747,-1.4198733134109387,0.9466309824345885,0.2845382832581511
39.599999999999994,4.453823926209299,3.980090750611957,-1.704409260324632,5.063577978513394,3.242506475618926,-1.4198673512209823,0.9569903693445719,0.2845419091036496
39.64,4.451160064105993,3.9602716990820985,-1.7044057664116525,5.066585899774431,3.222735361674451,-1.4198665396484518,0.9605773306740495,0.28453922676320076
39.67,4.448496191444583,3.9404522983086663,-1.7044031149996628,5.069593102071332,3.2029630174280395,-1.4198649948458302,0.9641845320289657,0.2845381201538326
39.7,4.4471642395084645,3.930542402297627,-1.7044020102782937,5.072600380999489,3.183190164472724,-1.4198633558453524,0.974528467755084,0.28453865443294135
39.739999999999995,4.444500319075625,3.910722342428594,-1.7044001272737446,5.072600380999489,3.183190164472724,-1.4198633558453524,0.961151787050294,0.2845367714283922
39.769999999999996,4.441836417644506,3.890902238400532,-1.7043985568561846,5.075607695901414,3.1634174742731855,-1.419861334062443,0.9648316512121767,0.2845372227937415
39.8,4.440504486470171,3.8809922673741832,-1.704397896155471,5.078615044050138,3.1436459474775846,-1.4198574257280512,0.9751229046433448,0.2845404704274199
39.84,4.437840697050667,3.861172821581463,-1.70439743051675,5.081626325397164,3.1238737516969595,-1.4198649894756994,0.9788104278756168,0.2845324410410506
39.870000000000005,4.435176950406548,3.8413537925363714,-1.7043982268347317,5.084636027230872,3.1041126768654146,-1.4198555076536006,0.9825077888267656,0.28454271918113117
39.89999999999999,4.433845124342364,3.831444780647301,-1.7043991915560075,5.084636027230872,3.1041126768654146,-1.4198555076536006,0.9759819611418158,0.2845436839024069
39.94,4.431181398215196,3.8116268499667294,-1.7044038778299375,5.087646518083856,3.0843522291768655,-1.4198410167604512,0.9797320182831702,0.28456286106948636
39.97,4.428517228332268,3.7918062551737064,-1.7044073883649442,5.090654138813586,3.064576996763582,-1.4198416529441602,0.983507845677646,0.284565735420784
40.0,4.427185105664048,3.781895859642192,-1.7044088859097088,5.093662265220227,3.0448018810700646,-1.4198413998021584,0.9937300123561534,0.28456748610755045
40.03999999999999,4.424520942596711,3.7620758825771716,-1.7044117414375493,5.096668729007815,3.025032250031959,-1.4198412223727723,0.9975048686862583,0.28457051906477693
40.06999999999999,4.421856799017401,3.7422563677420997,-1.7044143770910656,5.099676013011077,3.0052600084265646,-1.4198423618043687,1.0013004147124671,0.28457201528669684
40.099999999999994,4.420524680155523,3.732346329328015,-1.7044152075493828,5.099676013011077,3.0052600084265646,-1.4198423618043687,0.9949377121013565,0.28457284574501407
40.14,4.417860352248715,3.712525613714562,-1.704416325743963,5.1026840203899795,2.9854865537257465,-1.4198410885658876,0.9987838861314683,0.2845752371780754
40.17,4.41652815235788,3.7026149889807267,-1.7044166692111593,5.10569182365729,2.9657122157156155,-1.4198403368625687,1.0089461150550578,0.2845763323485906
40.2,4.413863695430976,3.6827932974020072,-1.704417036622786,5.108699705121162,2.9459372835434268,-1.4198395313938472,1.012795075778776,0.28457750522893877
40.239999999999995,4.411199204466801,3.6629713606450753,-1.7044175080905597,5.111705783826794,2.926162771385511,-1.4198415097652517,1.0166594144222088,0.284575998325308
40.269999999999996,4.40986696016636,3.6530604331527115,-1.704417694886477,5.114714755556339,2.906387327899245,-1.4198396872068053,1.0268062820098869,0.2845780076796718
40.3,4.407202427773625,3.6332382659114675,-1.7044179879542398,5.114714755556339,2.906387327899245,-1.4198396872068053,1.0143401697920482,0.2845783007474345
40.34,4.404539798086053,3.613431781151158,-1.704444044301269,5.120796563335744,2.866615061378751,-1.4192839968485027,1.034774838647311,0.28516004745276624
40.370000000000005,4.401875125076159,3.5936208526398103,-1.7044934642754395,5.120796563335744,2.866615061378751,-1.4192839968485027,1.0224409297931834,0.28520946742693676
40.39999999999999,4.40054124500915,3.583706577510165,-1.7045107968120663,5.123787885596308,2.846754639604923,-1.4192128379698814,1.0325617956824187,0.2852979588421849
40.44,4.397873746253407,3.563882137292314,-1.7045344276551277,5.126681779085703,2.8269763512850545,-1.4192322774150323,1.0364319978521783,0.2853021502400954
40.47,4.39520741650242,3.5440662225877624,-1.7045424003022802,5.1295803788764545,2.807139687835042,-1.4194598501775584,1.0403674185059175,0.28508255012472183
40.5,4.393902166008535,3.534365621235422,-1.7045493088019599,5.1295803788764545,2.807139687835042,-1.4194598501775584,1.0344467077131572,0.2850894586244015
40.53999999999999,4.39147396523639,3.516313252669621,-1.7044940903296186,5.132329452672626,2.788345850860832,-1.4191361553613036,1.0386546063829987,0.2853579349683151
40.56999999999999,4.390279796148415,3.50743041673414,-1.704464018354907,5.13503214500001,2.7705112006605406,-1.419475566031369,1.0477146520587062,0.284988452323538
40.599999999999994,4.3879206902025905,3.4898763024130703,-1.704417903057883,5.1376460879664805,2.7531105234827535,-1.4193194978813788,1.051147936807669,0.2850984051765042
40.64,4.385768565953706,3.4738504525319023,-1.7043089277457395,5.140073615196263,2.7370329174077437,-1.419525338136924,1.0544553984779332,0.28478358960881556
40.67,4.383656176709665,3.458110229194485,-1.7042368258822211,5.142455819310329,2.721283698732665,-1.4195434842965624,1.0576815369492363,0.28469334158565873
40.7,4.3826242795098596,3.4504191325412368,-1.7042059639224054,5.144744662542238,2.7063445211697448,-1.4202931840425974,1.0651171323009767,0.283912779879808
40.739999999999995,4.380741540937874,3.4363746130494075,-1.7040638719777634,5.144744662542238,2.7063445211697448,-1.4202931840425974,1.05671410744394,0.283770687935166
40.769999999999996,4.378896530129877,3.4226000547199558,-1.7039733016081935,5.146929758834921,2.6923433288615852,-1.42065722172761,1.0597876797059316,0.2833160798805834
40.8,4.377999991505538,3.415903016272965,-1.7039104107060694,5.149034402030111,2.678687775476213,-1.4211619114433975,1.0667616291730726,0.28274849926267187
40.84,4.3763835129761,3.4038168598580922,-1.703758029210865,5.151299062853951,2.666044374168756,-1.4229148582722928,1.0699543682245116,0.28084317093857214
40.870000000000005,4.374807182838708,3.3920197586441,-1.703644244801337,5.153339847296593,2.6540141758897744,-1.4234458945679012,1.072737316310216,0.28019835023343576
40.89999999999999,4.374043760881197,3.3863036871327235,-1.7035838382820836,5.153339847296593,2.6540141758897744,-1.4234458945679012,1.0693691217623547,0.28013794371418244
40.94,4.372697100663391,3.3762113033899546,-1.7034358130057667,5.1553206962237095,2.642870344827912,-1.425019017808003,1.072515106575407,0.27841679519776363
40.97,4.371393299630959,3.366431495303845,-1.703322464199173,5.157376067502605,2.632373920511972,-1.42708840739009,1.0754577790413253,0.2762340568090831
41.0,4.370765370609313,3.3617192076878517,-1.7032659681515656,5.159366223482922,2.6222804044959327,-1.429140784368462,1.0810462750589738,0.2741251837831036
41.03999999999999,4.3696872904943085,3.353621708165986,-1.7031258222229306,5.1616567388998975,2.6129712217301435,-1.4331476614974137,1.0843333206470707,0.26997816072551695
41.06999999999999,4.3686487946921435,3.3458169284089303,-1.7030592231927715,5.164072153798833,2.60398643299031,-1.4368198960401697,1.0876630011844686,0.2662393271526018
41.099999999999994,4.368154933258438,3.342105046785715,-1.7030391629886779,5.164072153798833,2.60398643299031,-1.4368198960401697,1.0854968033043662,0.26621926694850817
41.14,4.367338566781684,3.335965903672952,-1.7029501699104281,5.166397406845552,2.5956593208866123,-1.4415109144153873,1.0892882384387528,0.2614392554950409
41.17,4.366554761655875,3.3300711463649364,-1.7029546183009772,5.168536874679097,2.588311450599132,-1.4457201095496737,1.0924205947673133,0.2572345087513035
41.2,4.366183991200031,3.3272840508738044,-1.7029754621595308,5.17023137910122,2.581975276960263,-1.4484390686612603,1.0963472855182483,0.2545363934982705
41.239999999999995,4.365612234639945,3.3229877910257555,-1.703027257647794,5.171208861004759,2.5772257693601026,-1.4496767102047408,1.0977918369933395,0.2533505474430533
41.269999999999996,4.365080956315145,3.318999546580948,-1.70315057812969,5.171699834099434,2.5735987333970236,-1.4488266660542417,1.098297039189873,0.25432391207544836
41.3,4.364843816698372,3.317220714239832,-1.703200228937939,5.171699834099434,2.5735987333970236,-1.4488266660542417,1.0972649102240013,0.2543735628836974
41.34,4.364551351217772,3.31502774241228,-1.7032767867131604,5.172281449072336,2.5695102198587514,-1.4481269345877554,1.099192561571672,0.255149852125405
41.370000000000005,4.364300887362444,3.3131504277773156,-1.7033619463330056,5.172281449072336,2.5695102198587514,-1.4481269345877554,1.0981044335281585,0.2552350117452502
41.39999999999999,4.364200584409186,3.312398824453412,-1.7033857504797592,5.172501667351348,2.5679867957821956,-1.447953372310766,1.0988630074380825,0.2554323781689931
41.44,4.364176711632335,3.312220233852819,-1.703449199273463,5.172598386127383,2.567622413725646,-1.4480579864575476,1.0990775757568325,0.2553912128159155
41.47,4.364182647967865,3.3122647976043122,-1.7034886903689204,5.172650108156352,2.567830198881557,-1.447652863949854,1.0990006851495289,0.2558358264190663
41.5,4.364192871902013,3.312341439103561,-1.7035552702108439,5.172650108156352,2.567830198881557,-1.447652863949854,1.0990450808173937,0.2559024062609898
41.53999999999999,4.364198879368137,3.312386421389916,-1.7036168361687751,5.172627368492878,2.5679810248659156,-1.4476356305518037,1.0989522357239032,0.25598120561697146
41.56999999999999,4.364201211820537,3.3124038676044396,-1.70366686813226,5.172605929759432,2.5680413612061486,-1.4477470171573175,1.0989056960983552,0.2559198509749425
41.599999999999994,4.36420155356527,3.3124064187457214,-1.7036875724494287,5.1726338006502735,2.568035602185761,-1.447855322542805,1.0989315768841348,0.2558322499066237
41.64,4.36420013584992,3.3123958058905303,-1.703716266211378,5.172691977616718,2.5681344530409507,-1.4477372108373912,1.0989012783453094,0.2559790553739869
41.67,4.36419815673699,3.312380995277751,-1.7037399255410135,5.172729122890438,2.568283664489522,-1.4474553072762637,1.0988189845990082,0.2562846182647498
41.7,4.364197915555395,3.31237918634691,-1.703755011336003,5.172719006596239,2.5684241119653692,-1.4472701859817156,1.0987153896054793,0.2564848253542873
41.739999999999995,4.36419822749681,3.312381507407718,-1.7037886783962848,5.172719006596239,2.5684241119653692,-1.4472701859817156,1.0987167316778748,0.25651849241456914
41.769999999999996,4.364199257993892,3.312389196882151,-1.7038290529928761,5.172699136657176,2.5685354227492176,-1.4471927496857153,1.098631189749478,0.2566363033071608
41.8,4.364199820424931,3.3123933936274375,-1.7038486351591942,5.1726746007262845,2.5686015270532208,-1.44718113495515,1.098570803892621,0.25666750020404416
41.84,4.36420074335127,3.3124002766798064,-1.7038876031888563,5.172655174535602,2.5686312501557076,-1.4472251753204064,1.0985403643554421,0.25666242786844995
41.870000000000005,4.364201066580211,3.312402685229631,-1.7039062767485402,5.172648535171471,2.5686462587047827,-1.4472641194411062,1.0985267094925952,0.256642157307434
41.89999999999999,4.364201226972076,3.31240387306983,-1.7039400151738768,5.172648535171471,2.5686462587047827,-1.4472641194411062,1.0985273956806147,0.2566758957327706
41.94,4.364200878177426,3.312401261280905,-1.7039661586818957,5.172640951603451,2.5686438533896596,-1.4472716689164995,1.0985219315581187,0.2566944897653962
41.97,4.364200625639287,3.312399372727059,-1.7039773035714874,5.172640003422051,2.5686418747577555,-1.4472839486461475,1.0985214805980543,0.25669335492533984
42.0,4.364200097853027,3.3123954273153973,-1.7039969118151488,5.172640921343939,2.5686438365326825,-1.4472971296094137,1.0985185450771793,0.2566997822057351
42.03999999999999,4.364199593186368,3.3123916558441313,-1.704013818996278,5.172638969878009,2.568649658798967,-1.4473009019957834,1.0985109849037917,0.2567129170004945
42.06999999999999,4.364199241939494,3.3123890299428935,-1.704030186969231,5.172643900248992,2.56866530457694,-1.4473272501563637,1.098502501235829,0.25670293681286727
42.099999999999994,4.364199136493779,3.312388240901052,-1.7040384128001926,5.172643900248992,2.56866530457694,-1.4473272501563637,1.0985020446306781,0.256711162643829
42.14,4.364198983248284,3.312387093077084,-1.7040552349575833,5.172644428393423,2.5686804329264956,-1.4473465111003154,1.0984915266529212,0.25670872385726784
42.17,4.364198749917449,3.31238534851642,-1.7040706867757984,5.172638328868866,2.5686899739317792,-1.4473397206145422,1.0984795687648152,0.25673096616125624
42.2,4.364200851182879,3.3124011139616556,-1.7038228798776849,5.1727036811271825,2.5686030872963554,-1.4466019238380134,1.0985956173675286,0.25722095603967143
42.239999999999995,4.364189785428217,3.312316413207848,-1.6993855212392839,5.173406245295164,2.568492775590015,-1.4411255078351213,1.0991382455353915,0.2582600134041626
42.269999999999996,4.364150496058662,3.3119892137577103,-1.6878739633195705,5.174809045861081,2.5685328058887738,-1.4308937780302506,1.0999521420357994,0.2569801852893199
42.3,4.364127190915278,3.31176928844939,-1.6790084842916377,5.174809045861081,2.5685328058887738,-1.4308937780302506,1.0998206849061556,0.2481147062613871
42.34,4.364082045999484,3.3112398764027042,-1.6550145770042684,5.175799910771888,2.565990167566223,-1.4051296723012965,1.1019451077578821,0.24988490470297187
42.370000000000005,4.364071016876048,3.311046562678086,-1.6258876264276194,5.175799910771888,2.565990167566223,-1.4051296723012965,1.10182250343803,0.22075795412632293
42.39999999999999,4.364079625996935,3.311284073318092,-1.6102999605902408,5.176501678156137,2.562204166845279,-1.3929980895475818,1.1050566940731532,0.21730187104265908
42.44,4.36408921921775,3.3122013939703634,-1.5781674856365977,5.180391401864823,2.5551470231323585,-1.3769056138189437,1.1133196188872736,0.20126187181765398
42.47,4.364075468314588,3.312727226950432,-1.5450438930384236,5.1875403258747665,2.5463842777344268,-1.359400578567407,1.124889277862355,0.18564331447101656
42.5,4.364066964567952,3.3128693000824656,-1.528236107022019,5.1875403258747665,2.5463842777344268,-1.359400578567407,1.124992296091763,0.16883552845461192
42.53999999999999,4.364057072083658,3.3129628702813094,-1.4942926430284937,5.196106302275513,2.5366796562221214,-1.3403489967712077,1.1379461981539032,0.15394364625728607
42.56999999999999,4.364054634683833,3.312958599918275,-1.4602017079098244,5.204282115881115,2.5270659706053102,-1.3220425600861196,1.1504822662551446,0.13815914782370475
42.599999999999994,4.364053463081917,3.312959753467799,-1.443178257000459,5.2120331020371955,2.5178054911213406,-1.3037669407202805,1.1624714056743353,0.13941131628017844
42.64,4.364048271794602,3.3129837345660236,-1.4092635523136587,5.219498380999037,2.508917537575687,-1.2851253442876578,1.1740176056943876,0.12413820802600095
42.67,4.364043650039189,3.313006612139279,-1.392391164683946,5.2269249720741895,2.5002844215650177,-1.266502901690748,1.1853613520647177,0.12588826299319789
42.7,4.364029288540085,3.313072332146794,-1.3588400521142856,5.234349606473485,2.4919293375171687,-1.2481367205495981,1.1965505728706178,0.11070333156468748
42.739999999999995,4.364005251813333,3.3131697499797226,-1.3255605794197596,5.234349606473485,2.4919293375171687,-1.2481367205495981,1.1966349112199848,0.07742385887016145
42.769999999999996,4.3639884163792635,3.313232234878637,-1.3090224528723644,5.241672226930108,2.483945806402703,-1.2302262154727555,1.2074952802215921,0.07879623739960895
42.8,4.363943082489564,3.3133861462328253,-1.2761335624434342,5.248553750404555,2.4764770471781077,-1.2129151467688994,1.2177655249963288,0.06321841567453479
42.84,4.363889527121045,3.313549093757641,-1.243458286733414,5.2545632761293675,2.4698178497885097,-1.1955056216021016,1.2268586467976814,0.047952665131312466
42.870000000000005,4.36385659286179,3.313638770301718,-1.2109017320620663,5.25820252551417,2.464223300514308,-1.1769153519871702,1.233434752050558,0.03398638007489607
42.89999999999999,4.363854047393288,3.313643674868616,-1.1946228728906203,5.25820252551417,2.464223300514308,-1.1769153519871702,1.2334399753070067,0.01770752090345007
42.94,4.363896541316345,3.3135377981615832,-1.162106551423375,5.25881035196712,2.4605996765875786,-1.1548957647451727,1.2362743092565187,0.007210786678202297
42.97,4.363917502887265,3.3134884516289445,-1.129673838660076,5.256350909225832,2.4581731962000997,-1.1278480433740803,1.2361236066503898,0.0018257952859956905
43.0,4.363927102780094,3.3134678078193485,-1.113508276341359,5.250261996318079,2.4567565694388103,-1.0958423701034667,1.232697728346453,0.017665906237892326
43.03999999999999,4.363976633736393,3.313369874184759,-1.08131871757782,5.2404545222279655,2.456399867356278,-1.059357474901819,1.2258103775128728,0.02196124267600097
43.06999999999999,4.364000855875424,3.3133243912084285,-1.0491498091128213,5.229979656193983,2.4561285269645765,-1.0241206390983577,1.218484317616741,0.025029170014463586
43.099999999999994,4.364007751219102,3.3133122807433857,-1.0330759148974613,5.229979656193983,2.4561285269645765,-1.0241206390983577,1.2184708974563792,0.008955275799103601
43.14,4.364018354822444,3.313294369007084,-1.0009579277116611,5.219279750785253,2.4556214072852027,-0.9891481665274119,1.211228700408406,0.011809761184249257
43.17,4.364029474249285,3.313276869968566,-0.9688622186157725,5.208672822903147,2.454970176643632,-0.9545682170632717,1.2042062805979685,0.014294001552500823
43.2,4.364036342822375,3.313266629256109,-0.9528248417628526,5.198177479848953,2.454116348118369,-0.9199970813406978,1.197468430506228,0.03282776042215485
43.239999999999995,4.3640502352392705,3.3132467703855317,-0.9207646072475473,5.187764118666337,2.453037903841367,-0.8854405738813425,1.1909928025944132,0.03532403336620482
43.269999999999996,4.36406919141416,3.313222012472281,-0.8887271126002358,5.177754751568918,2.451758861305685,-0.8515084250539974,1.1849906968505048,0.03721868754623847
43.3,4.364075822676827,3.313213467115821,-0.8727282008660223,5.177754751568918,2.451758861305685,-0.8515084250539974,1.1849799311357463,0.021219775812024944
43.34,4.364105962500691,3.3131778024384198,-0.8407746943298958,5.158349359806714,2.44870676617296,-0.7840923492005197,1.173938987642071,0.05668234512937609
43.370000000000005,4.364133597843523,3.31314688575473,-0.8088231920682591,5.158349359806714,2.44870676617296,-0.7840923492005197,1.1738975240170315,0.02473084286773941
43.39999999999999,4.3641477626966525,3.3131319649983113,-0.7928517323617605,5.149179606365692,2.4469671365643775,-0.750288505442906,1.1689809688743429,0.0425632269188545
43.44,4.364205283307782,3.313074707206479,-0.7609334074171639,5.140741275921559,2.4450255144968116,-0.7162142530123325,1.1646963332940345,0.04471915440483132
43.47,4.364275962538254,3.313008663014409,-0.729063836126062,5.133190504852977,2.44285882627718,-0.681555071136925,1.1612020977232544,0.04750876498913692
43.5,4.364309810504233,3.312978533825443,-0.713136394142819,5.133190504852977,2.44285882627718,-0.681555071136925,1.161157107202157,0.031581323005894
43.53999999999999,4.364367818792331,3.312929329463489,-0.6812690108544966,5.127261608893411,2.440722234342372,-0.6462554324852515,1.1587718290303781,0.035013578369245124
43.56999999999999,4.364402084542512,3.312901841884696,-0.6493561589403513,5.123664955679877,2.4386312362784035,-0.6107791139087004,1.1579417944417365,0.038577045031650825
43.599999999999994,4.36439819179809,3.312904657360404,-0.6333692788420315,5.120750807845707,2.4349934475431354,-0.5760759809679827,1.1587913410639958,0.0572932978740488
43.64,4.364383919950296,3.312914782424812,-0.6013709561700284,5.11815523894836,2.4296125214729987,-0.54104144786724,1.1612037226717231,0.06032950830278849
43.67,4.364334935332677,3.3129461865003305,-0.5694413363637675,5.116048847466783,2.422494622395839,-0.5050336855414178,1.165323042641867,0.06440765082234967
43.7,4.36431165973641,3.3129607603043563,-0.5534583276175055,5.116180121773513,2.4151620221487273,-0.4704113753495265,1.1710460103855347,0.08304695226797898
43.739999999999995,4.3640734233400025,3.313103857755893,-0.5217929223054265,5.116180121773513,2.4151620221487273,-0.4704113753495265,1.1713086809044495,0.051381546955900026
43.769999999999996,4.3639541224523235,3.3131700917203513,-0.49003510576332604,5.119026016638096,2.4081916271789288,-0.4380626735727691,1.178609174694072,0.051972432190556916
43.8,4.363897226421221,3.3131995744340443,-0.47415957646828377,5.123178029477253,2.401802117412549,-0.4084439799468422,1.1862346574580684,0.0657155965214416
43.84,4.363762072476276,3.3132657083588364,-0.4424231597131405,5.128651887934912,2.396374957670593,-0.38143261495057196,1.1940456768859375,0.060990544762568544
43.870000000000005,4.363598320875046,3.313339788661483,-0.4107113125433537,5.135275235722033,2.3919385009552308,-0.35659974325773247,1.201859223825529,0.05411156928562122
43.89999999999999,4.363505402682571,3.3133792915721973,-0.39486777588894406,5.135275235722033,2.3919385009552308,-0.35659974325773247,1.2019491693921918,0.03826803263121159
43.94,4.363301841682719,3.3134601839697044,-0.3631988998076714,5.142717361730115,2.3882649819446713,-0.33352996104655547,1.2097415900682655,0.029668938761115926
43.97,4.363076418366123,3.313541618098734,-0.33155506682433766,5.15065629530601,2.385245895092035,-0.31176801615488864,1.2173803891607498,0.019787050669449024
44.0,4.3629602419536955,3.313580564411408,-0.3160223618154381,5.158710658188547,2.382679032390849,-0.2910234647147806,1.2246617440159397,0.024998897100657502
44.03999999999999,4.36279169499641,3.313632959800604,-0.28688916702501127,5.165713039298044,2.379616591501801,-0.2704178192383969,1.2316936556568068,0.016471347786614354
44.06999999999999,4.3626899474412495,3.3136611313989635,-0.25868643222793236,5.171024338176122,2.376227675375842,-0.2481184130760769,1.2378149989865896,0.010568019151855457
44.099999999999994,4.362656769697675,3.3136694278240073,-0.24508209333487652,5.171024338176122,2.376227675375842,-0.2481184130760769,1.2378429484392777,0.0030363197412003884
44.14,4.362653169566936,3.3136698085092506,-0.22107263656334444,5.1740352728945025,2.3717994757054868,-0.22274644569816013,1.2431655728084405,0.0016738091348156847
44.17,4.362915606440957,3.3136118599970876,-0.19916253743074305,5.1744490539348105,2.3660037882985665,-0.19389044562654292,1.2476167656574066,0.00527209180420013
44.2,4.363084429147647,3.3135768261409733,-0.18889507826804164,5.17317255895322,2.3588547345822244,-0.16580320758482742,1.252093067691936,0.023091870683214222
44.239999999999995,4.363312805353217,3.313532644203657,-0.1711208209420525,5.17152103534729,2.3511863401305195,-0.14216931710513495,1.2567063905277875,0.028951503836917553
44.269999999999996,4.363499463920315,3.313499894246752,-0.15487769958314535,5.169565094928134,2.3438311049225664,-0.11974300115923399,1.2609517684992817,0.035134698423911356
44.3,4.363570833598439,3.3134882509048205,-0.14737982924546977,5.169565094928134,2.3438311049225664,-0.11974300115923399,1.2608971924985997,0.027636828086235785
44.34,4.363671334595382,3.3134728406415612,-0.13458701987396293,5.165024093177443,2.3325160462896886,-0.08020012657875765,1.2666658896773775,0.05438689329520528
44.370000000000005,4.363711531080274,3.3134670846390164,-0.12307411496228157,5.165024093177443,2.3325160462896886,-0.08020012657875765,1.2666360020990064,0.04287398838352392
44.39999999999999,4.36370689756807,3.3134676882598986,-0.11789747190510022,5.162835449680326,2.3280538334850296,-0.061741512782360626,1.2687186086691158,0.056155959122739595
44.44,4.363709975494994,3.3134673482937953,-0.10908983196294186,5.1613602449268985,2.3246748910613517,-0.04847288407989616,1.2704158672673147,0.0606169478830457
44.47,4.363702202743459,3.313468169625542,-0.10117306051795592,5.159997999503424,2.321903237245311,-0.03687184182204534,1.271726390016264,0.06430121869591059
44.5,4.363681559073319,3.313470394603326,-0.09763818898478437,5.159997999503424,2.321903237245311,-0.03687184182204534,1.2717410510203435,0.06076634716273903
44.53999999999999,4.363660609461134,3.3134725822062583,-0.09154353955664864,5.159083420749577,2.3197247022671625,-0.028344294532755106,1.2728834579809172,0.06319924502389353
44.56999999999999,4.363681246500898,3.313470593205921,-0.08601965045192972,5.158169372084406,2.317993038600668,-0.02091296328922492,1.2736510288992238,0.06510668716270479
44.599999999999994,4.363707183340135,3.313468140466549,-0.0835980619107206,5.157042552109027,2.31672407363988,-0.014426744175403086,1.2739229733754864,0.06917131773531751
44.64,4.363747903389136,3.3134643944682374,-0.07937954404274737,5.1560973190505575,2.31558708012001,-0.009645711907898057,1.2741965040722043,0.06973383213484932
44.67,4.3637553687662685,3.313463713683655,-0.07742805493240401,5.154938042975618,2.3147026661743397,-0.0055188208796326105,1.274163903895791,0.0719092340527714
44.7,4.363761839535298,3.3134631593186024,-0.07377682621182988,5.153838558340072,2.3144354285395425,-0.003197368656360816,1.2736866288309991,0.07057945755546906
44.739999999999995,4.363803378996206,3.313459850006491,-0.07079595610962584,5.153838558340072,2.3144354285395425,-0.003197368656360816,1.2736582662897713,0.06759858745326502
44.769999999999996,4.363851110664832,3.313456179863833,-0.06807839199078346,5.152635800610194,2.314693502870495,-0.0016590265284333666,1.2726775601255407,0.0664193654623501
44.8,4.363862906900802,3.3134552917462132,-0.06684873766934783,5.1512311594576445,2.3149856408872203,-0.0004718202684709908,1.2715700565918087,0.06637691740087684
44.84,4.363868266774837,3.313454872559297,-0.06476233342690894,5.150014964237712,2.315357686829008,4.099516265852869e-05,1.270521397731856,0.06480332858956747
44.870000000000005,4.363859667255939,3.3134554605794353,-0.06382362466929535,5.148788789244341,2.3154857875477264,0.00036059559314878043,1.2696681435857557,0.06418422026244414
44.89999999999999,4.363884104740303,3.3134538174169763,-0.0620112433903699,5.148788789244341,2.3154857875477264,0.00036059559314878043,1.2696517445337105,0.062371838983518675
44.94,4.363909594177536,3.3134521360549716,-0.06042792441076438,5.147703496015562,2.315536425363084,0.0003430780444560053,1.2689242082189824,0.06077100245522039
44.97,4.363945580253539,3.3134498436099804,-0.05891224223358881,5.1467571883708985,2.3155868194877707,0.0003548574162521664,1.2682762430612695,0.059267099649840976
45.0,4.363942114991965,3.31345003983443,-0.05840179947756118,5.146008972024477,2.315587346868961,6.939374892311523e-05,1.2678164389536086,0.058471193226484294
45.03999999999999,4.363918525338164,3.313451479267162,-0.05813814547830475,5.14563645435793,2.315614091939035,-0.000471040233961289,1.2675813078855234,0.057667105244343465
45.06999999999999,4.363894879736693,3.3134529380192244,-0.05823781572665454,5.1454053078252215,2.3157142561334494,-0.0006969281634793528,1.2673756453957439,0.057540887563175186
45.099999999999994,4.3638927993648275,3.3134530713163954,-0.05836365780927788,5.1454053078252215,2.3157142561334494,-0.0006969281634793528,1.2673770331683962,0.057666729645798526
45.14,4.363887098474972,3.3134534286914006,-0.05868253662301614,5.1452155652189155,2.315730846331173,-0.0009277495447066589,1.2672507740364582,0.05775478707830948
45.17,4.36388162027042,3.3134537689835297,-0.059034904949066144,5.145032706598591,2.3157062414878284,-0.0012046534657152968,1.2671610585460187,0.057830251483350845
45.2,4.363874590509079,3.3134542020567275,-0.05921345219274365,5.144971715441771,2.3156832735413904,-0.0012414953251989984,1.2671462205951114,0.05797195686754465
45.239999999999995,4.36387111940027,3.3134544193892124,-0.05955427571341975,5.1449837784474655,2.3156824362796926,-0.0011324595993059473,1.2671566266259608,0.0584218161141138
45.269999999999996,4.363874351141173,3.3134542230773154,-0.059861657874404665,5.144984690312116,2.315680774244884,-0.0010553058832051426,1.2671563507139558,0.058806351991199525
45.3,4.363875679591214,3.3134541417026626,-0.06000099597616936,5.144984690312116,2.315680774244884,-0.0010553058832051426,1.2671554677455414,0.05894569009296422
45.34,4.363877833804624,3.313454009420442,-0.06024986748688675,5.144979295741572,2.315670967017951,-0.0009584151366393381,1.2671584326934056,0.059291452350247416
45.370000000000005,4.36387697986494,3.313454061940569,-0.06046241074735481,5.144979295741572,2.315670967017951,-0.0009584151366393381,1.267159000434119,0.059503995610715475
45.39999999999999,4.3638771570029125,3.3134540512403388,-0.06055491209659558,5.144979805458554,2.3156743303630263,-0.0008973579681682789,1.2671565486625658,0.059657554128427305
45.44,4.363877167690747,3.3134540508792396,-0.06071567806712585,5.144973453977489,2.3156691753119816,-0.000878221452622737,1.2671566857976593,0.05983745661450311
45.47,4.363875585985099,3.313454148233086,-0.06078605102041011,5.144968088163197,2.3156687676195404,-0.0008634106823922484,1.2671547508986265,0.05992264033801786
45.5,4.363871860903029,3.31345437772279,-0.06090846059491172,5.144968088163197,2.3156687676195404,-0.0008634106823922484,1.2671572278013419,0.06004504991251947
45.53999999999999,4.363869103573987,3.3134545478202377,-0.061008497218783424,5.144963063842309,2.3156677692277237,-0.0008525629218332943,1.2671567504857786,0.06015593429695013
45.56999999999999,4.363867259574016,3.313454661616589,-0.061089474536845094,5.14496011856778,2.3156698946331375,-0.0008250392864003423,1.2671544876593666,0.06026443525044475
45.599999999999994,4.363866652367122,3.3134546991083322,-0.06112323614938851,5.144949652478876,2.3156777332214116,-0.0008031469160514261,1.2671422677497928,0.060320089233337086
45.64,4.363863421971359,3.313454898030453,-0.0611820490372541,5.14494169872396,2.3156789087649945,-0.0007769647901947236,1.2671385871993155,0.06040508424705938
45.67,4.36386061107798,3.3134550710123003,-0.06120591914740525,5.144817733418804,2.315618723943038,-0.0006571100987508554,1.2671114404295263,0.060548809048654395
45.7,4.36386514379528,3.313454792481923,-0.06126974009652629,5.144661899930066,2.315590197145475,-0.0010177618658477978,1.2670348554860584,0.060251978230678495
45.739999999999995,4.363876223371862,3.313454110967068,-0.061273879641624104,5.144661899930066,2.315590197145475,-0.0010177618658477978,1.2670274911089343,0.06025611777577631
45.769999999999996,4.363867147811824,3.313454668480104,-0.0612671210686082,5.144418565755868,2.315594135172813,-0.001226271883678199,1.2668804837026926,0.06004084918493
45.8,4.363856104730627,3.313455346794037,-0.06126330201722196,5.14434118810096,2.3155781324236635,-0.0012949383173297417,1.2668527540022843,0.05996836369989222
45.84,4.363844767231093,3.313456043168657,-0.06125176518194108,5.144344915310719,2.315580661681797,-0.0012464731100343186,1.2668605914345368,0.06000529207190676
45.870000000000005,4.363843241882228,3.313456136858699,-0.06123815999651794,5.144346383542304,2.3155860895556275,-0.0012078042058619707,1.2668582341548256,0.060030355790655965
45.89999999999999,4.36406623815699,3.313442453572775,-0.06123428544834852,5.144346383542304,2.3155860895556275,-0.0012078042058619707,1.2667100806783094,0.060026481242486544
45.94,4.365907207860771,3.3133295132068445,-0.06122053668062421,5.145239480696984,2.3154314609409448,-0.0021648201650674784,1.2661592767895093,0.05905571651555673
45.97,4.367997406749953,3.3132013333128825,-0.061195305553726646,5.146846887406336,2.3153158293783545,-0.0025735503260164586,1.265852279091595,0.05862175522771019
46.0,4.36924493576928,3.3131248590949345,-0.06118706903216541,5.1490683242250705,2.3152417151030433,-0.0028554230213017756,1.266449875141457,0.05833164601086364
46.03999999999999,4.373119845166853,3.3128873748012664,-0.06116821863592058,5.1525263767048015,2.3151488457026375,-0.003295640013864909,1.2660792683919562,0.05787257862205567
46.06999999999999,4.377213087850635,3.3126367585198637,-0.061108208147994114,5.156439938224435,2.3151447750887124,-0.0033465876684352783,1.2657743643133579,0.05776162047955884
46.099999999999994,4.379461173115606,3.312499242902539,-0.061085386948818814,5.156439938224435,2.3151447750887124,-0.0033465876684352783,1.2642831707723712,0.057738799280383536
46.14,4.385342522804897,3.3121396258356937,-0.0610475754355717,5.161402968730664,2.3150287324760996,-0.0037820400611755746,1.2635267901342135,0.05726553537439613
46.17,4.391439713919191,3.311766985680443,-0.06102048135431536,5.167219619331346,2.3149181403956822,-0.003898566436424811,1.2631476881136479,0.05712191491789055
46.2,4.394676492274013,3.311569259718249,-0.06098998831955326,5.173606916658504,2.3148721463914117,-0.004216429163614339,1.2649655101013046,0.05677355915593892
46.239999999999995,4.4024935471400815,3.3110922416885273,-0.060929915154697804,5.18128475630233,2.3146929192879804,-0.004767611417579149,1.264645150684043,0.056162303737118655
46.269999999999996,4.410595231598941,3.310598213942659,-0.06088590594199261,5.189344863473147,2.314620147333427,-0.004640580036566519,1.2642876643829426,0.056245325905426094
46.3,4.414825898985964,3.31034036545109,-0.06086453337858688,5.189344863473147,2.314620147333427,-0.004640580036566519,1.2614826115006836,0.056223953342020364
46.34,4.424667643661493,3.3097408772768047,-0.060821762584850385,5.208498827930285,2.3142811536751147,-0.0055609542806725025,1.2670167270977006,0.055260808304177886
46.370000000000005,4.434766560038373,3.3091259355919784,-0.06079168229911346,5.208498827930285,2.3142811536751147,-0.0055609542806725025,1.2603085981157052,0.055230728018440964
46.39999999999999,4.43999410216004,3.3088077421669193,-0.06077591115002678,5.218973479200756,2.31418776851447,-0.005776992301281974,1.2633597119756277,0.054998918848744804
46.44,4.451791014332065,3.3080896817887027,-0.06077179427539091,5.230746267022565,2.3139535188240177,-0.006329797033933516,1.2629639726485735,0.054441997241457395
46.47,4.463894076628565,3.307353063842072,-0.06075000828277742,5.242809103225036,2.3138761215277954,-0.006164277537929017,1.2624203157300289,0.054585730744848404
46.5,4.470122781453926,3.306974134918236,-0.06073815680832184,5.242809103225036,2.3138761215277954,-0.006164277537929017,1.258287652348304,0.054573879270392825
46.53999999999999,4.483923761518821,3.3061344988648296,-0.06074062373477518,5.256141846084964,2.3136592915160374,-0.006873666216268761,1.2575085714749743,0.05386695751850642
46.56999999999999,4.498030839621373,3.3052763817161965,-0.06072060639409326,5.270181041136048,2.3135243646022148,-0.006781041659323162,1.2568961759623605,0.0539395647347701
46.599999999999994,4.505258322762344,3.304836930344564,-0.06071044783016499,5.284698865231926,2.3134036199516284,-0.006923496237896122,1.261137410515591,0.05378695159226887
46.64,4.5210568180715915,3.3038762217461435,-0.06071621949965,5.300619623833277,2.3131916144536926,-0.00721221358543416,1.2606245116025743,0.053504005914215835
46.67,4.537164625413894,3.3028968660707494,-0.06069731853780546,5.316693029936761,2.313066210867525,-0.007049520817013863,1.2599322439869585,0.0536477977207916
46.7,4.54539177356049,3.3023968632347573,-0.060688600088566455,5.334045646730561,2.3128851816024034,-0.007374273040350133,1.2653490821718107,0.05331432704821632
46.739999999999995,4.563183171693812,3.301315573979692,-0.060681799690336595,5.334045646730561,2.3128851816024034,-0.007374273040350133,1.25348458147474,0.05330752664998646
46.769999999999996,4.5812861603901975,3.3002157850969045,-0.060657884059519544,5.352104450253077,2.312718392803925,-0.007310238765261722,1.2527218110069644,0.053347645294257826
46.8,4.590511846541213,3.2996555352743697,-0.06064907123979979,5.370582988359687,2.312599279978541,-0.007229466324989457,1.2580902342108065,0.053419604914810334
46.84,4.610288201407198,3.298454700831149,-0.06063169912817811,5.390626338301679,2.3124402121054746,-0.00723320989554815,1.2574387380182397,0.053398489232629964
46.870000000000005,4.6303919028787,3.2972347601577985,-0.06059841847393676,5.410794377481795,2.3122889359158494,-0.007157206534702025,1.2566408791131565,0.053441211939234734
46.89999999999999,4.640415026692781,3.296626808367583,-0.060585479559666526,5.410794377481795,2.3122889359158494,-0.007157206534702025,1.2499621559330938,0.0534282730249645
46.94,4.660385464991534,3.2954159423641314,-0.060548268882990586,5.431252497422933,2.312166487048935,-0.007379657779490158,1.2494060481153522,0.05316861110350043
46.97,4.680362019733459,3.2942054771740983,-0.06051181865733101,5.451686297825321,2.312021894766797,-0.00743739562684449,1.2488497633920472,0.05307442303048652
47.0,4.690343929457677,3.293600853267856,-0.06050036174804129,5.472075525635105,2.3119565269397446,-0.007586847843700119,1.2548824135648247,0.052913513904341174
47.03999999999999,4.710301440809697,3.292392102256878,-0.06049001966642797,5.492535594195857,2.311909263031471,-0.007400441409010983,1.2542873947940636,0.05308957825741698
47.06999999999999,4.73026742995112,3.2911821846494753,-0.060514655226129074,5.512919874199144,2.3118489680420033,-0.006898552414523005,1.2536500299677518,0.05361610281160607
47.099999999999994,4.740252681243248,3.29057663264481,-0.060544256416509734,5.512919874199144,2.3118489680420033,-0.006898552414523005,1.2469652892238854,0.05364570400198673
47.14,4.760234141778903,3.289363419535897,-0.06061663861328026,5.533218234998034,2.3117421104217155,-0.006309885854843572,1.2462936381141998,0.05430675275843669
47.17,4.780213420146692,3.2881489584850057,-0.06067125169024988,5.553247645622603,2.311601158198866,-0.006059045455283479,1.2454828461286969,0.054612206234966404
47.2,4.790196031468351,3.2875419523374756,-0.060688705051759266,5.573130509664076,2.3115220156585017,-0.006249209917127178,1.2512399106256322,0.05443949513463209
47.239999999999995,4.810162019128087,3.286327828534484,-0.0607118417579826,5.592857448884829,2.311424652120146,-0.0066549241096794266,1.2502193164180666,0.05405691764830318
47.269999999999996,4.830155222909516,3.285112699611138,-0.06069380594357397,5.612191713493646,2.311293788835149,-0.006726913579238544,1.2489613058818418,0.053966892364335425
47.3,4.8401416608185395,3.2845058870561727,-0.06069795134139544,5.612191713493646,2.311293788835149,-0.006726913579238544,1.2422572487047125,0.05397103776215689
47.34,4.860098462566874,3.283293919692143,-0.060666073583760964,5.651320207281059,2.3109272658211863,-0.007528324910881009,1.2536063013836358,0.05313774867287996
47.370000000000005,4.870070174859803,3.2826885817896128,-0.0606548614470006,5.651320207281059,2.3109272658211863,-0.007528324910881009,1.2468647353947024,0.053126536536119595
47.39999999999999,4.8900239365653775,3.2814776086394657,-0.06063021028121418,5.671090293437225,2.3107218859436145,-0.007675565962263064,1.245966021600832,0.05295464431895112
47.44,4.909978047389595,3.2802670579636963,-0.060605154079029104,5.690968372482342,2.3105536328902665,-0.007764706503315709,1.2451064270399204,0.05284044757571339
47.47,4.929934474188857,3.2790567435014504,-0.06058300148767847,5.7108971093958,2.310386238335412,-0.007770650349443149,1.2442769728513021,0.05281235113823532
47.5,4.939909353230242,3.278451924254722,-0.06057196990761215,5.7108971093958,2.310386238335412,-0.007770650349443149,1.2375674900431195,0.052801319558168996
47.53999999999999,4.959868523137057,3.2772419766964305,-0.0605510644615903,5.7308983783204015,2.3102332686162494,-0.007751379440530169,1.2367671078610352,0.05279968502106013
47.56999999999999,4.979831310550643,3.276032141255081,-0.06053198385236568,5.750902826433096,2.310080764007219,-0.00772384295575314,1.2359665633876613,0.052808140896612545
47.599999999999994,4.989812862850865,3.275427325438323,-0.0605233083509462,5.77090611208107,2.3099272901313967,-0.007701954350469113,1.2418925002473744,0.052821354000477085
47.64,5.0097752109436104,3.2742179250699577,-0.06050840967037207,5.790906400966122,2.3097746609813723,-0.007687827912807751,1.2410949785056058,0.05282058175756432
47.67,5.02973678254404,3.273008765531553,-0.06049661011072093,5.810900542820979,2.3096157887862914,-0.0076717256684652995,1.2402994993194598,0.05282488444225563
47.7,5.0397159309603445,3.2724043496706217,-0.06049122448508881,5.830904050959871,2.3094645441658965,-0.007663894039316376,1.2462871700590774,0.05282733044577244
47.739999999999995,5.0596766626475,3.2711954843539193,-0.06048183356854752,5.830904050959871,2.3094645441658965,-0.007663894039316376,1.2327684639858612,0.052817939529231146
47.769999999999996,5.079638628234598,3.269986675483744,-0.060474724914529654,5.850902787490528,2.3093140597745436,-0.007649345031993366,1.2319660214171144,0.052825379882536286
47.8,5.089618729958915,3.2693823668684643,-0.06047163366573138,5.870905119249706,2.3091590311234262,-0.007643927951325393,1.2379165063122668,0.05282770571440598
47.84,5.109582013413875,3.2681736282238347,-0.06046741420074019,5.89090865430338,2.3090037427510266,-0.007645988644074133,1.2371249690154982,0.05282142555666606
47.870000000000005,5.12951208863036,3.266967179288864,-0.06042959711982764,5.911122142493522,2.308890707605007,-0.007895745714632673,1.236456550750637,0.05253385140519497
47.89999999999999,5.139466685069978,3.2663650214767115,-0.060415457388567566,5.911122142493522,2.308890707605007,-0.007895745714632673,1.2297191576517092,0.05251971167393489
47.94,5.1594050511564875,3.26515982148522,-0.06035255673467232,5.931403578150165,2.3087110461772156,-0.007944026424084292,1.2291362761990994,0.05240853031058802
47.97,5.179334040350258,3.2639575465337973,-0.060266349751382224,5.951957313500021,2.308550366176194,-0.008814309939885655,1.2287186832190347,0.05145203981149657
48.0,5.189311545584362,3.26335621593464,-0.06023183389073083,5.972376022097836,2.308326491939967,-0.008365400468945688,1.2350189262074742,0.05186643342178514
48.03999999999999,5.2092610077153445,3.2621542963719983,-0.060195823584159085,5.992720650344107,2.3082092145700366,-0.008084342614247364,1.2344311364843887,0.05211148096991172
48.06999999999999,5.219243303130748,3.2615528443557653,-0.060185852183900705,6.013086236929768,2.3080627310055366,-0.007414869364261813,1.240697384457333,0.05277098281963889
48.099999999999994,5.239192590004153,3.260350483775482,-0.060193765100251755,6.013086236929768,2.3080627310055366,-0.007414869364261813,1.227095489694042,0.05277889573598994
48.14,5.259170303585559,3.2591455101600677,-0.060226620300596105,6.033463558958168,2.308022729327799,-0.006789494141867479,1.2264438794880184,0.05343712615872863
48.17,5.279161091662198,3.2579383168675777,-0.060281739606581335,6.053703229112508,2.3080258555029807,-0.006128603781233515,1.2256627623216112,0.05415313582534782
48.2,5.2891472465438785,3.2573348351865388,-0.06030875383698864,6.073717302030375,2.3079384979538835,-0.0057980621094524945,1.2316263951039967,0.05451069172753614
48.239999999999995,5.309107262723434,3.256127876884341,-0.060357349537159655,6.093647066073222,2.307764516496217,-0.005693025829193363,1.2308110197616768,0.05466432370796629
48.269999999999996,5.329081250547663,3.2549197736114226,-0.060381832716561265,6.11340177024251,2.3076300170667183,-0.005919997592194686,1.2298441203944996,0.05446183512436658
48.3,5.339078115785384,3.2543151799037098,-0.06038342450820155,6.11340177024251,2.3076300170667183,-0.005919997592194686,1.2230249054649462,0.05446342691600686
48.34,5.359055021976996,3.2531069941850803,-0.06040139134964017,6.152447617511057,2.307316371026247,-0.006685162058205603,1.2345005927513555,0.05371622929143457
48.370000000000005,5.379014906069453,3.2518995639665915,-0.060417765579620086,6.152447617511057,2.307316371026247,-0.006685162058205603,1.2208339639415702,0.053732603521414485
48.39999999999999,5.388990405917039,3.2512962545192288,-0.06040394704065676,6.17214027869245,2.3071692548160856,-0.007129557210664886,1.226661939898928,0.05327438982999188
48.44,5.408943319482504,3.2500898522025876,-0.06039279294498744,6.191968755589892,2.3070233993629494,-0.007339569630705469,1.225766359492176,0.05305322331428197
48.47,5.428900841139837,3.2488835902779813,-0.06037736782877999,6.2118528026548585,2.306875625533598,-0.007377675267357822,1.224905212529555,0.05299969256142217
48.5,5.4388809813211285,3.2482805967521617,-0.060359193779272895,6.2118528026548585,2.306875625533598,-0.007377675267357822,1.2180840514558133,0.05298151851191507
48.53999999999999,5.458831109489241,3.247075612942423,-0.06033883424774687,6.231774825579102,2.306726357761174,-0.0075008650978871496,1.2172504713339543,0.05283796914985972
48.56999999999999,5.4787918113925205,3.2458703729295593,-0.06031712027291091,6.251778373725518,2.3065670320667016,-0.00746702318046635,1.2164698893534154,0.052850097092444565
48.599999999999994,5.48877179427678,3.24526791571176,-0.06030626191276877,6.271779742303716,2.3064155318589616,-0.007419875608786055,1.2225159489100477,0.052886386303982715
48.64,5.508736452261854,3.2440630218336897,-0.06028400165051972,6.291782554052837,2.3062655767960565,-0.007396889675166634,1.2217304307616994,0.052887111975353084
48.67,5.52870031444554,3.242858490536136,-0.06026619166667156,6.3117845261794265,2.3061187200150535,-0.0073829009341472955,1.2209431929220838,0.05288329073252426
48.7,5.538682354017251,3.242256306256644,-0.060258625519743925,6.3317874622598085,2.3059698981135535,-0.007373197818256076,1.227048471248764,0.052885427701487846
48.739999999999995,5.558646956583926,3.241052043558459,-0.06024590372304294,6.3317874622598085,2.3059698981135535,-0.007373197818256076,1.2133115264624357,0.05287270590478686
48.769999999999996,5.578614662589066,3.2398477979898055,-0.06023274312388714,6.35179666158279,2.305827455134631,-0.0073491461763860845,1.2125198573364593,0.052883596947501055
48.8,5.588598047922712,3.2392457767216514,-0.060227623774642185,6.371804220432454,2.3056828316413114,-0.007329120476422928,1.2185859350429238,0.052898503298219254
48.84,5.608566678764628,3.2380417952667915,-0.06021599961572232,6.391810236573964,2.305536622315936,-0.007326677736731869,1.2177998063844204,0.05288932187899045
48.870000000000005,5.628534862018608,3.2368380331800264,-0.06020540815879438,6.41181796046282,2.305396127424113,-0.007313239948171577,1.2170112719718633,0.05289216821062281
48.89999999999999,5.638517799293517,3.2362362801450693,-0.060201509188865236,6.41181796046282,2.305396127424113,-0.007313239948171577,1.210147317140373,0.05288826924069366
48.94,5.658492180933389,3.2350324013312868,-0.06019077826387309,6.431831833934285,2.305249901543781,-0.007292273041514965,1.2093592170296839,0.05289850522235812
48.97,5.678431415874121,3.233831277825881,-0.06015508408485081,6.452127537403325,2.3051072552861784,-0.007595159215596139,1.2087737581994653,0.052559924869254676
49.0,5.688419022124801,3.2332299314970787,-0.060144559273611835,6.47239213751941,2.3049626498121127,-0.007552745923201736,1.2150283914001043,0.0525918133504101
49.03999999999999,5.7083772991875135,3.2320286923986807,-0.06011061890619528,6.49267937344759,2.304814191565292,-0.007696675540741915,1.214436690093135,0.052413943365453367
49.06999999999999,5.728345357641358,3.2308275040421144,-0.06008523489038153,6.512995252469476,2.3047372702631,-0.0075962516667285864,1.2138033525059342,0.05248898322365294
49.099999999999994,5.738322118455589,3.230227362494115,-0.06008659876340849,6.512995252469476,2.3047372702631,-0.0075962516667285864,1.2069177169056182,0.0524903470966799
49.14,5.758283748950478,3.229026265532367,-0.06010088219761765,6.533378966050323,2.3046745508872317,-0.007416603725798125,1.2063161641702633,0.05268427847181953
49.17,5.768268016182006,3.228425097820816,-0.06011991698584462,6.553746699491166,2.3045787513815053,-0.006989176791276315,1.2126288936695986,0.0531307401945683
49.2,5.788258512548818,3.2272205239340956,-0.06016513686153391,6.573834263630528,2.304439742832606,-0.00675320158470471,1.2118802047470976,0.0534119352768292
49.239999999999995,5.808238198384643,3.2260156669074513,-0.060203619145155804,6.593753787943215,2.3042937770017073,-0.006801883321146104,1.2110350877538467,0.0534017358240097
49.269999999999996,5.828200316032306,3.2248115424025725,-0.06022470022039949,6.613626294497686,2.304204531218605,-0.006962580508431606,1.2101286033679963,0.053262119711967884
49.3,5.8381801294969025,3.2242095501605226,-0.06023085843935782,6.613626294497686,2.304204531218605,-0.006962580508431606,1.203214855997357,0.053268277930926214
49.34,5.858176140448521,3.2230027148313116,-0.060262763234361964,6.652677677694607,2.303781511296747,-0.006986641773549226,1.2149898409920667,0.05327612146081274
49.370000000000005,5.878147306332377,3.22179718688615,-0.060284378274410015,6.652677677694607,2.303781511296747,-0.006986641773549226,1.2011036911068014,0.05329773650086079
49.39999999999999,5.8881225090493245,3.2211949924731575,-0.06029005100885753,6.672250524945321,2.3035206542995024,-0.007137516062821635,1.2070554818464012,0.0531525349460359
49.44,5.908079043268312,3.219990053458338,-0.060307833233863344,6.6918368525065155,2.3032247038157414,-0.0071065505518241165,1.2061239612275265,0.053201282682039226
49.47,5.928033689316795,3.218784799531426,-0.06032661165850395,6.711656096301379,2.303031435937698,-0.007406848810009417,1.205266899761849,0.052919762848494534
49.5,5.938021981737847,3.2181815560138602,-0.06032314882091261,6.711656096301379,2.303031435937698,-0.007406848810009417,1.1983361320981332,0.052916300010903194
49.53999999999999,5.957978321167858,3.2169764191857895,-0.06032540715650268,6.731502690318142,2.3028829423180253,-0.0074917422029722545,1.1974584895191742,0.05283366495353043
49.56999999999999,5.977943061426676,3.215771047088769,-0.06031079969978247,6.7514444251055,2.302737462894892,-0.007661535698311499,1.196634733525197,0.05264926400147098
49.599999999999994,5.987919157329387,3.2151688461136443,-0.06030632558262748,6.7713678888987,2.3025674638523617,-0.007668829464176834,1.2027606569483265,0.052637496118450644
49.64,6.007875232173463,3.2139644213381873,-0.06029271791939128,6.791370086998906,2.30241589162469,-0.007653004602576247,1.2019920588592845,0.05263971331681504
49.67,6.027839890450929,3.2127597514295236,-0.06027778162650343,6.811379181827246,2.3022689218017547,-0.007625263324859453,1.2012191190481294,0.052652518301643976
49.7,6.037823036012542,3.2121574729698126,-0.06027036342928115,6.831375662765476,2.3021077109212644,-0.0076046782574506625,1.2074420652068987,0.05266568517183049
49.739999999999995,6.057785856381653,3.210953294307048,-0.060256882249584136,6.831375662765476,2.3021077109212644,-0.0076046782574506625,1.1934996786680783,0.052652203992133474
49.769999999999996,6.077751009060474,3.2097491875351363,-0.060243580417549174,6.85138308573947,2.301963707023958,-0.007589111582599753,1.192720029467757,0.05265446883494942
49.8,6.087734394392126,3.2091471591560388,-0.0602378217156969,6.87139195462757,2.3017946405473917,-0.0075609489652935435,1.1989194154486043,0.05267687275040336
49.84,6.1076922102857765,3.2079443175799,-0.06019513866090497,6.891580105744002,2.3015893567779058,-0.007739010780540256,1.1983152955780507,0.05245612788036472
49.870000000000005,6.12765905625742,3.206742183927825,-0.060129953039600226,6.911773512775024,2.301360292234915,-0.008022620597854371,1.1977277865714446,0.052107332441745854
49.89999999999999,6.137645427880279,3.206141621646953,-0.060097243490108136,6.911773512775024,2.301360292234915,-0.008022620597854371,1.190757551256939,0.052074622892253765
49.94,6.157617470566577,3.204941344455563,-0.06004319813255754,6.93179740828882,2.3011664383510464,-0.007937931185304671,1.190026746285916,0.05210526694725287
49.97,6.167601636482623,3.2043416140715717,-0.06001879940195098,6.951800807267992,2.301000184902093,-0.00786194358957705,1.1962416466226282,0.05215685581237393
50.0,6.187568057795495,3.2031426903867986,-0.05998005838305008,6.971824884726868,2.3008399543905824,-0.007766434282401895,1.1954952939994041,0.052213624100648184
50.03999999999999,6.207522814035718,3.2019445870187755,-0.05996699682764083,6.99206343306578,2.3007463628545097,-0.007702874295338118,1.1948482004610037,0.05226412253230271
50.06999999999999,6.227479026603314,3.2007466397547755,-0.05994081762114445,7.0122813921648905,2.300581176412571,-0.007849107052175099,1.1942414388996607,0.05209171056896935
50.099999999999994,6.237448758722829,3.200148433861437,-0.05991460232908019,7.0122813921648905,2.300581176412571,-0.007849107052175099,1.1872602328558108,0.05206549527690509
50.14,6.257393764137388,3.1989526499820147,-0.059884583794067796,7.032706739013287,2.30042804055156,-0.008135649424766637,1.1867841769938916,0.051748934369301156
50.17,6.277378708392467,3.197753516168465,-0.05993835917808332,7.053067158765891,2.3003858918486246,-0.007788404747396614,1.18615396353937,0.05214995443068671
50.2,6.287374416483893,3.1971527584334707,-0.05998638123505073,7.0733173114847645,2.30034018288753,-0.0071037831494599425,1.1924676221431314,0.05288259808559079
50.239999999999995,6.3073798113499215,3.195948510382602,-0.06008500827228568,7.093362678818444,2.300281799363494,-0.006813477657679572,1.1916324622893701,0.053271530614606113
50.269999999999996,6.327368080515406,3.194743400509277,-0.0601624862878316,7.113127477255925,2.300165502783884,-0.006807045929359596,1.1906668067368,0.053355440358472006
50.3,6.337347830609341,3.194141494490769,-0.060183507473871016,7.113127477255925,2.300165502783884,-0.006807045929359596,1.1836499203309259,0.05337646154451142
50.34,6.357315826382795,3.1929369455564296,-0.06022037350531772,7.152328195621695,2.299997489393801,-0.0074333175799653544,1.1955691279114142,0.052787055925352364
50.370000000000005,6.377303895964891,3.191731499026013,-0.06022397292579406,7.152328195621695,2.299997489393801,-0.0074333175799653544,1.1814618948545317,0.052790655345828705
50.39999999999999,6.38728438175505,3.1911296866957217,-0.060228863556338164,7.171725971196818,2.299762513386208,-0.007559528396864062,1.1873853817946896,0.0526693351594741
50.44,6.407247676899699,3.1899257984470006,-0.060236409104926766,7.19119635460059,2.2995227125162083,-0.007944976289289555,1.1863360336363615,0.05229143281563721
50.47,6.4272036171648255,3.188722320099472,-0.06024947637710353,7.210768628702878,2.299246520401718,-0.007879213045551888,1.185386572201064,0.05237026333155165
50.5,6.437177874082897,3.1881206016989316,-0.06026324638156688,7.210768628702878,2.299246520401718,-0.007879213045551888,1.178363181720932,0.05238403333601499
50.53999999999999,6.457133151591272,3.186916377914265,-0.06028294795335375,7.230530342455617,2.2989637374663574,-0.007943227644525536,1.1775411273137217,0.05233972030882821
50.56999999999999,6.477104670297513,3.185711190804396,-0.06028041730489674,7.250406865029646,2.2987728578161017,-0.00809339861244858,1.1767140225652057,0.05218701869244816
50.599999999999994,6.4870849790443215,3.185108975688986,-0.06028004402103026,7.270339619136297,2.29861988027791,-0.008146236132873,1.1829415655510451,0.05213380788815726
50.64,6.507049443175544,3.1839044062555266,-0.06027458861321632,7.2903106081790785,2.29845831894781,-0.008243389937774978,1.182164466616739,0.05203119867544134
50.67,6.527012145331805,3.1827001542367284,-0.06026586198937855,7.310297776378056,2.2982852540619363,-0.00822383583371549,1.1814085218309165,0.05204202615566306
50.7,6.536991841056809,3.182098182925691,-0.060261881732526446,7.330317540064457,2.2980966757456014,-0.008327530464749579,1.1877812632815203,0.05193435126777687
50.739999999999995,6.556948356865227,3.1808943871329842,-0.06026009625025774,7.330317540064457,2.2980966757456014,-0.008327530464749579,1.1736403592042346,0.05193256578550816
50.769999999999996,6.576901722482546,3.179690756540409,-0.060256028619684036,7.350291578590343,2.2979106321897973,-0.008408271279135007,1.1728887659237848,0.05184775734054903
50.8,6.586879892200499,3.1790889350170763,-0.06024996412982219,7.370292300204077,2.297729652647819,-0.008429035792590479,1.179207015596675,0.05182092833723171
50.84,6.60684203904145,3.1778850725637398,-0.0602416789461706,7.3902961199314525,2.2975623160243286,-0.00841889124747593,1.17846020405627,0.05182278769869467
50.870000000000005,6.626805985768262,3.176681234186521,-0.06023426692637622,7.410299432048362,2.2973929202679986,-0.00841110181070859,1.1777138529190978,0.05182316511566763
50.89999999999999,6.636566446090095,3.1760927059301793,-0.06023151764229094,7.410299432048362,2.2973929202679986,-0.00841110181070859,1.1708014549370265,0.05182041583158235
50.94,6.654677546009617,3.1750007388810397,-0.06022237830804377,7.429251762194047,2.2972447639851956,-0.008438830989970305,1.170649720387392,0.05178354731807347
50.97,6.6725149191024915,3.1739262469578176,-0.060164077452514286,7.447563271010114,2.297042505171766,-0.008776294542891134,1.170309807018393,0.051387782909623154
51.0,6.68123752997995,3.173401179075169,-0.060148489201178316,7.4655738765048785,2.296836502857114,-0.008716362164771708,1.1762436550618822,0.05143212703640661
51.03999999999999,6.6973138246530395,3.1724338318485263,-0.0601024074540113,7.482804020388671,2.2966810811265455,-0.008865447713502731,1.1764088268939148,0.05123695974050857
51.06999999999999,6.713166859602735,3.1714806649326213,-0.06006334830034832,7.499456316743246,2.296584528515699,-0.00899113809301151,1.1763053854877898,0.05107221020733681
51.099999999999994,6.7209190985377045,3.171014755315056,-0.06004050474132038,7.499456316743246,2.296584528515699,-0.00899113809301151,1.1707896573132162,0.05104936664830887
51.14,6.734995060196409,3.1701689595807716,-0.0600226707490441,7.515433597003589,2.2964824957790912,-0.009265994162517869,1.1715000412991952,0.05075667658652623
51.17,6.748814906171223,3.1693384484054725,-0.06001698915943021,7.5309405818097535,2.296430125132599,-0.00990030416902343,1.1720450133557532,0.05011668499040678
51.2,6.755541134126448,3.168934219059216,-0.060013918454318686,7.545995351389713,2.2964531503200365,-0.010637564689863169,1.17730246109381,0.04937635376445552
51.239999999999995,6.767618161364259,3.168208363218557,-0.06001945211244641,7.560520113139412,2.2964606853838374,-0.011039613689479262,1.1784046499140575,0.048979838422967145
51.269999999999996,6.779498839399722,3.167493847115469,-0.060060340740363254,7.574531620023585,2.296420802396795,-0.01051233592388229,1.1793410751355908,0.049548004816480966
51.3,6.785271584299807,3.16714629313068,-0.06010268857280754,7.574531620023585,2.296420802396795,-0.01051233592388229,1.1751996784395682,0.04959035264892525
51.34,6.79551062334194,3.166528447801174,-0.06026629937272142,7.599280083347555,2.296665815362723,-0.006168471215225964,1.1843590435971978,0.054097828157495455
51.370000000000005,6.8055368736855115,3.1659204567723136,-0.06053568003250009,7.599280083347555,2.296665815362723,-0.006168471215225964,1.177128673721237,0.054367208817274124
51.39999999999999,6.810361886663552,3.1656265854769545,-0.0606917880310569,7.610156113804221,2.2971731460804574,-0.003697088753877852,1.1806278762451552,0.056994699277179046
51.44,6.818662694088703,3.1651183418380597,-0.06108242946424469,7.6196352455961955,2.297910596166802,-0.0001797352133312388,1.1805110344340912,0.06090269425091345
51.47,6.826653225836772,3.1646260589093034,-0.061434898914254576,7.6282200046687,2.298872121007135,0.0031988990629609436,1.179847101077129,0.06463379797721552
51.5,6.830441977251072,3.1643917686169116,-0.06160913366208764,7.6282200046687,2.298872121007135,0.0031988990629609436,1.1771040911614037,0.06480803272504858
51.53999999999999,6.836683042621113,3.1640042215178665,-0.06196218175312418,7.6356488165461585,2.299663076772401,0.006789015186857058,1.1770437215343994,0.06875119693998123
51.56999999999999,6.842583715945135,3.1636365477629087,-0.062192305197447555,7.642154648437734,2.30058457925725,0.0098438495381807,1.1765085534872146,0.07203615473562826
51.599999999999994,6.845343584241567,3.16346435232707,-0.062292283565803276,7.648157475169021,2.3015856800153154,0.012327467269814847,1.1778560987030422,0.07461975083561813
51.64,6.849547002515446,3.163201426401117,-0.0625273284471055,7.652926877574352,2.3023424865533415,0.01544184086074446,1.1774962156905215,0.07796916930784996
51.67,6.853452321233693,3.1629565956847827,-0.06266883026626745,7.657194701286522,2.3031608220808697,0.017410725441007247,1.1769666884836365,0.0800795557072747
51.7,6.8552150381954675,3.1628460071156743,-0.06272975090905251,7.660406470356688,2.3035990544005727,0.019561268051076375,1.177556184721572,0.08229101896012889
51.739999999999995,6.857421723921721,3.1627072901151734,-0.06289091448203775,7.660406470356688,2.3035990544005727,0.019561268051076375,1.1759470496922393,0.08245218253311412
51.769999999999996,6.859344756031243,3.162586214177267,-0.06297266458140593,7.662679181581162,2.3039550160403572,0.020746241829659645,1.1758374605733755,0.08371890641106558
51.8,6.860118727888348,3.1625374642737225,-0.06300962479281468,7.6642832242408385,2.3042075751079207,0.021160960678034677,1.1761848221386095,0.08417058547084935
51.84,6.860331837728285,3.162524026934883,-0.06311215220436027,7.6645145812709785,2.3041808651240774,0.021749179495822932,1.176206983672187,0.0848613317001832
51.870000000000005,6.86026478621375,3.162528255722832,-0.0631566614421628,7.664212495998761,2.3042189365341716,0.02104628384532105,1.176021601619063,0.08420294528748384
51.89999999999999,6.860244879203593,3.1625295118604484,-0.06315965116489307,7.664212495998761,2.3042189365341716,0.02104628384532105,1.1760361272393915,0.08420593501021412
51.94,6.86023526643141,3.1625301188934403,-0.06315710089641001,7.663693458957985,2.304332967241349,0.020186690043032047,1.1756051285367182,0.08334379093944205
51.97,6.860233243701197,3.162530246886987,-0.06314447290980561,7.662969093218161,2.3043359527537817,0.019699074087827256,1.1751094802538664,0.08284354699763287
52.0,6.860232565731354,3.1625302900327075,-0.0631413548055095,7.662319297964143,2.304191544695671,0.019286437182685662,1.1747716917642474,0.08242779198819516
52.03999999999999,6.860242403518095,3.1625296687007323,-0.06311853810056278,7.661627254139842,2.3039926387498375,0.019143754494256718,1.174437529459504,0.0822622925948195
52.06999999999999,6.86025568132238,3.1625288307816284,-0.06310877234103106,7.660860673576275,2.303840352235216,0.019169228012782407,1.1740162932473346,0.08227800035381347
52.099999999999994,6.860258667425303,3.1625286422957504,-0.06310256067182404,7.660860673576275,2.303840352235216,0.019169228012782407,1.1740141190548115,0.08227178868460645
52.14,6.860268098204425,3.1625280471622155,-0.06309525856569007,7.660374505152169,2.303742255688479,0.018604646914014544,1.1737475444387526,0.08169990547970461
52.17,6.860289514831543,3.1625266956549996,-0.06310856977475574,7.65969305536705,2.303581544872688,0.018692253101112322,1.1733851851259895,0.08180082287586805
52.2,6.860297119980858,3.162526215526152,-0.0631134557907027,7.658945840929833,2.303388273825128,0.018847445359800343,1.1730122686245472,0.08196090115050304
52.239999999999995,6.860319496118834,3.1625248026727695,-0.0631395951097413,7.658189734807995,2.303194890576786,0.01899278160695979,1.1726230492399465,0.0821323767167011
52.269999999999996,6.860341789912111,3.1625233943526423,-0.06317273855084803,7.657376921391189,2.303011368532269,0.01910351783021738,1.1721885186870389,0.08227625638106541
52.3,6.860355242260017,3.162522544134908,-0.06319361339222528,7.657376921391189,2.303011368532269,0.01910351783021738,1.172178748310557,0.08229713122244266
52.34,6.860377287868234,3.1625211500767465,-0.06322711909762967,7.655718437338563,2.3026474603026412,0.019147953314728846,1.1713028243825414,0.08237507241235852
52.370000000000005,6.860395181091086,3.162520018113514,-0.06325837922654617,7.655718437338563,2.3026474603026412,0.019147953314728846,1.1712898435503927,0.08240633254127502
52.39999999999999,6.860401180460505,3.1625196383725385,-0.0632673673565873,7.654885942362908,2.3024578192836014,0.019180341173434496,1.1708596711603358,0.0824477085300218
52.44,6.860423193763479,3.1625182446379565,-0.06330028269272091,7.6540813950192454,2.3023317633156317,0.019148874863785116,1.1703905856893335,0.08244915755650603
52.47,6.860432976839249,3.1625176252840226,-0.06332290636665291,7.653292020730497,2.302188589419261,0.019037104244518866,1.169953637300271,0.08236001061117178
52.5,6.860437504540622,3.1625173383817495,-0.06332828434286573,7.653292020730497,2.302188589419261,0.019037104244518866,1.1699503579785089,0.0823653885873846
52.53999999999999,6.860455949395954,3.1625161695256394,-0.06335553416571547,7.652469517857154,2.302025571115568,0.019110083572963246,1.1694997061046086,0.08246561773867872
52.56999999999999,6.8604763750598305,3.1625148744869036,-0.06338842396354337,7.6516060406442685,2.3018472062153656,0.019167078712063208,1.1690316432739154,0.08255550267560657
52.599999999999994,6.860500492586528,3.162513338303894,-0.06313934746981896,7.65053187979035,2.301623937048634,0.019749811895150238,1.1684520332306478,0.0828891593649692
52.64,6.860599855475327,3.162507266278306,-0.05866505516464991,7.647957414470203,2.300782611916718,0.024953208114877983,1.1672623122678842,0.0836182632795279
52.67,6.860789657048027,3.1624977710954476,-0.047003511998570106,7.642870579842163,2.2984942248533944,0.03635323090712301,1.1653980855130024,0.08335674290569312
52.7,6.860918166565629,3.1624931714089275,-0.03799405956498324,7.635649168946478,2.2947102029832362,0.05256343050269725,1.1632950641775026,0.09055749006768049
52.739999999999995,6.8612402941418695,3.1624882820307514,-0.01368200389899842,7.635649168946478,2.2947102029832362,0.05256343050269725,1.1630769105487115,0.06624543440169567
52.769999999999996,6.861540454151331,3.162492989399106,0.015454916886933798,7.62719104794973,2.2896791119276636,0.07053452917655754,1.161044743535138,0.05507961228962375
52.8,6.8616585900611495,3.1624978886655564,0.031107448748296525,7.618737197191802,2.284159080054896,0.08795723541136959,1.159589185913047,0.05684978666307306
52.84,6.86182888087585,3.1625092497125618,0.06375068977763322,7.610749455044273,2.27910244279179,0.10535823379347671,1.1581405842671755,0.04160754401584349
52.870000000000005,6.861834143188878,3.162509932386995,0.09755617289456775,7.6026384785796,2.2748323522051197,0.12110445758668138,1.156184479091135,0.023548284692113633
52.89999999999999,6.861779805627625,3.1625035932643253,0.11470939702535587,7.6026384785796,2.2748323522051197,0.12110445758668138,1.1562144288546787,0.006395060561325508
52.94,6.8616968350602665,3.162491623154229,0.14914975150354937,7.594947122360106,2.270866420182075,0.13619389452937558,1.154405252240491,0.012955856974173785
52.97,6.861689941261879,3.1624895422603,0.18350929534373409,7.587350503978503,2.2674172521743734,0.15299884434239802,1.1522749918148327,0.030510451001336064
53.0,6.861691229146326,3.16248929697091,0.20062291596693058,7.58022487551294,2.2643690800727043,0.17111813236664686,1.1501784752646789,0.02950478360028372
53.03999999999999,6.86169403651135,3.1624889815872126,0.2346716032986065,7.573470369764416,2.2619350387925694,0.19012788448286766,1.147877586009134,0.04454371881573885
53.06999999999999,6.8616954209449545,3.1624884805317452,0.2684590989039666,7.567052553704726,2.260153804201835,0.21016667701328862,1.145310679616011,0.05829242189067796
53.099999999999994,6.861695862722548,3.162488198084052,0.2852542280412471,7.567052553704726,2.260153804201835,0.21016667701328862,1.1453101850137,0.0750875510279585
53.14,6.861695686215691,3.1624873451365314,0.3186546165372473,7.561076806437258,2.259017266655343,0.23137226650164078,1.1425375853919113,0.08728235003560653
53.17,6.86169553952336,3.162486524131986,0.35182479160882063,7.55553582770876,2.258541532666869,0.2539142787331843,1.1395309969913365,0.09791051287563635
53.2,6.861695719040793,3.162486209838879,0.36833245518466545,7.550527493023763,2.258207211502051,0.27800386067742267,1.1367540277833117,0.09032859450724279
53.239999999999995,6.86169604178283,3.1624855850690614,0.401210466028165,7.546089334741706,2.258029945407169,0.3038514414964743,1.1342108197170826,0.09735902453169071
53.269999999999996,6.8616961060460095,3.1624848726872234,0.43392873843519264,7.5422704201329,2.2581152614377418,0.3316646994792671,1.1318417693062846,0.10226403895592556
53.3,6.86169619313339,3.1624845460178648,0.4502359026757647,7.5422704201329,2.2581152614377418,0.3316646994792671,1.1318414559239045,0.11857120319649761
53.34,6.861695832044953,3.162483631712012,0.4827609101005386,7.536789430901494,2.259756819885867,0.39396714549210526,1.1272386898997355,0.08879376460843336
53.370000000000005,6.861693026723192,3.162481372360716,0.5151831059351817,7.536789430901494,2.259756819885867,0.39396714549210526,1.1272385606318607,0.12121596044307642
53.39999999999999,6.861689099390793,3.1624787530919423,0.5313604681696031,7.535372182431085,2.261974712172166,0.4287432133682947,1.124613900006362,0.10261725480130846
53.44,6.861667085343331,3.1624645577570627,0.563650783683114,7.535082346672574,2.2658395974166092,0.46603346300513043,1.121349380744758,0.09761732067798362
53.47,6.861521762175812,3.1623691058819157,0.595735601075632,7.5356485008777705,2.2715798749611835,0.5045977711052719,1.1171178602803233,0.09113782997036002
53.5,6.861484834179091,3.1623435682273993,0.6117772056343325,7.5356485008777705,2.2715798749611835,0.5045977711052719,1.1171197817324143,0.10717943452906054
53.53999999999999,6.861425626701161,3.1622998869338956,0.6438088435079947,7.53599617963846,2.2757112899258396,0.5457793286470801,1.11403984275018,0.0980295148609146
53.56999999999999,6.86136604728803,3.162252593004442,0.6757780144966368,7.536013918186563,2.2776930234891,0.5902175706117321,1.11247264313739,0.08556044388490469
53.599999999999994,6.86133059756806,3.162223374630059,0.691682606510202,7.535949228523558,2.2774083638901415,0.6380252779400508,1.1126580339272938,0.05365732857015115
53.64,6.861268367995743,3.1621695091761017,0.7234496654254763,7.536006598036775,2.276644859465569,0.6854055695234461,1.1132949224369373,0.03804409590203017
53.67,6.861190095373054,3.162096814643339,0.75499448798935,7.536939668051697,2.2741530288158716,0.7313359158490892,1.1158322686519617,0.023658572140260792
53.7,6.8611421659102465,3.162050877047659,0.7706642512960078,7.53863664526324,2.2718074980706264,0.776804490947751,1.1187189295646285,0.006140239651743151
53.739999999999995,6.861110981643492,3.1620188829446763,0.8018606903800329,7.53863664526324,2.2718074980706264,0.776804490947751,1.1187123556226388,0.02505619943228199
53.769999999999996,6.861078194632801,3.161982995942701,0.8330285210609529,7.539884867140421,2.269450197865069,0.8222258563000653,1.121335495864263,0.010802664760887648
53.8,6.861073803277657,3.161977631323657,0.8486205589781541,7.540503363811606,2.2673138318751884,0.8668724923415934,1.123409026922485,0.01825193336343922
53.84,6.86109346668364,3.1619995465658604,0.8799272272873482,7.539985032921375,2.26537709803548,0.9110370347987535,1.1246446433951212,0.031109807511405352
53.870000000000005,6.861158880999067,3.1620803680541263,0.9115030005076237,7.538552899469081,2.26351945819982,0.9526107442548655,1.1252885696465382,0.0411077437472418
53.89999999999999,6.861217081952541,3.1621557908968425,0.9273555769519068,7.538552899469081,2.26351945819982,0.9526107442548655,1.125313764304851,0.025255167302958625
53.94,6.86129829766857,3.1622660207104745,0.9590825953262188,7.5363237190845345,2.2618243373757094,0.9936861399545168,1.125368626115259,0.034603544628298066
53.97,6.861301598947493,3.1622704612356625,0.9909657220835723,7.532665236702662,2.2600212938361453,1.0350540922214186,1.1246255795476892,0.04408837013784639
54.0,6.861304565430418,3.1622750813711282,1.006926084402228,7.528394482515816,2.258469509920786,1.0750664098978981,1.1233314152384788,0.06814032549567006
54.03999999999999,6.861319197555995,3.162298875615424,1.0388758049002973,7.523815991464323,2.257125813531265,1.114433225407793,1.1217130980164345,0.07555742050749581
54.06999999999999,6.8613416167118455,3.1623375685853463,1.0708277388808713,7.519066576389132,2.255898187053619,1.1537888319225786,1.1199261024612774,0.08296109304170729
54.099999999999994,6.861350499980311,3.1623537140526174,1.0868098237382309,7.519066576389132,2.255898187053619,1.1537888319225786,1.1199339532283346,0.06697900818434777
54.14,6.861358460078217,3.1623685926044818,1.1187986481497134,7.514486507983202,2.2547698500678273,1.1932092180475213,1.1181733874557613,0.07441056989780792
54.17,6.861353219218177,3.1623567529391243,1.1508279133497232,7.510549705669784,2.2539252123691003,1.2323737505554995,1.1165589737777126,0.08154583720577624
54.2,6.8613518466706545,3.162353368743117,1.1668428948742446,7.507274616881887,2.253520129525316,1.2708804709683184,1.1149861352431574,0.10403757609407371
54.239999999999995,6.861349635680137,3.1623472436251703,1.1988806953338624,7.50457136004528,2.2535604638519207,1.308967809793033,1.113385646479198,0.11008711445917063
54.269999999999996,6.86134966891509,3.162346305638065,1.2309118555730592,7.502506099432937,2.2535831293184727,1.348447135958345,1.112174482277336,0.11753528038528582
54.3,6.861349878996219,3.162346369118951,1.2466418299555575,7.502506099432937,2.2535831293184727,1.348447135958345,1.1121744130384221,0.10180530600278748
54.34,6.861342175329678,3.1623209423042593,1.2756627165024694,7.49958700803135,2.254551179016603,1.4274276564672224,1.1096857256041965,0.15176493996475293
54.370000000000005,6.8613329418319875,3.1622890087002666,1.3033963667890132,7.49958700803135,2.254551179016603,1.4274276564672224,1.10966491359276,0.1240312896782092
54.39999999999999,6.861328347415878,3.1622720200482313,1.3166816581658372,7.498403562349184,2.2549950644993495,1.464916112078556,1.1086100773276264,0.14823445391271894
54.44,6.861334291693097,3.162294716085321,1.3400576632353134,7.497805119977015,2.255205313550912,1.4961253714690184,1.1081093355110079,0.15606770823370497
54.47,6.861327201136202,3.162264250762465,1.350888742944967,7.497618762517857,2.2554899396838546,1.5260473099527765,1.107748438192351,0.17515856700780952
54.5,6.861321669102448,3.1622390968376433,1.3713035464450856,7.497618762517857,2.2554899396838546,1.5260473099527765,1.1077310256050443,0.15474376350769092
54.53999999999999,6.86133921832684,3.162323252422515,1.3878935353798372,7.497803007181574,2.2556494709833346,1.551885381587357,1.1077650926403784,0.16399184620751983
54.56999999999999,6.8613387504160785,3.162319771661099,1.4025224289148726,7.498002466371981,2.255527499929779,1.5746328442896584,1.1079769452865098,0.17211041537478589
54.599999999999994,6.861338751859293,3.16231966237031,1.4091429986460013,7.498098711788053,2.255766686587185,1.5942623913237934,1.107836424960705,0.1851193926777921
54.64,6.861337593464498,3.1623127876813046,1.420296152748726,7.498586290788695,2.255876077606284,1.6112152468566228,1.108022297434945,0.19091909410789687
54.67,6.861335185203476,3.1622974922666565,1.4254305603123452,7.4984785632488045,2.2565724144753565,1.6251284176075946,1.1073796100376188,0.19969785729524947
54.7,6.861331022631038,3.162269955045497,1.4349534709653147,7.498654329145063,2.2570587877281496,1.63692148193083,1.1070628954409072,0.2019680109655153
54.739999999999995,6.861323957399211,3.1622199472790213,1.4430657069979649,7.498654329145063,2.2570587877281496,1.63692148193083,1.1070260735453274,0.1938557749328651
54.769999999999996,6.861313439135321,3.1621413605182678,1.4505411282009655,7.498849427562853,2.25731280726367,1.6480380645520039,1.106872552430983,0.19749693635103838
54.8,6.861310446132377,3.1621185293943697,1.453902830348833,7.498929190768109,2.257453513734499,1.6583763310306463,1.1067865440407747,0.20447350068181325
54.84,6.861305962559076,3.162082286504055,1.4597294147009856,7.499111827300775,2.2575679912093816,1.6673796581866502,1.1067711739521073,0.20765024348566463
54.870000000000005,6.8612999796644605,3.162031152425818,1.4651059098789663,7.499182942306101,2.2578388573061505,1.6755213607669397,1.106552475295342,0.21041545088797342
54.89999999999999,6.861301723832218,3.162046654546074,1.4674777619032322,7.499182942306101,2.2578388573061505,1.6755213607669397,1.1065641370798167,0.2080435988637075
54.94,6.861300680365843,3.1620361908579344,1.4716262829218294,7.498871258107123,2.2580768841245367,1.6813736769791168,1.1061820238239612,0.20974739405728737
54.97,6.861301364511354,3.1620425157879115,1.4735231905629618,7.49818247229304,2.2583299637036274,1.6866888191207678,1.1055830689025217,0.21316562855780607
55.0,6.861298253302827,3.1620114778968045,1.4771369470061388,7.497359483999379,2.258663264595408,1.6913809203017722,1.104813053719966,0.21424397329563338
55.03999999999999,6.861299354753035,3.16202277156582,1.4801045184494128,7.4966348787478525,2.2587547953238394,1.695456251978226,1.1043297808870558,0.2153517335288131
55.06999999999999,6.861298531989921,3.1620140846480846,1.4828588708007417,7.495884738006116,2.2588882390072813,1.699444525420716,1.1037825627950664,0.21658565461997425
55.099999999999994,6.861298740195561,3.162016318638492,1.4841025954976146,7.495884738006116,2.2588882390072813,1.699444525420716,1.103784270967645,0.21534192992310142
55.14,6.8612987518017325,3.162016362973955,1.4861967474522861,7.495265815550365,2.259069995879871,1.7023492344978919,1.1032798284054988,0.21615248704560575
55.17,6.861299616330871,3.1620261046539992,1.4880922876181983,7.494897603978654,2.2592289159975905,1.7049702867081626,1.1029456803475117,0.2168779990899643
55.2,6.861296699128709,3.161992142946746,1.4889982532058228,7.494554685212311,2.259347992795757,1.7076085040252733,1.1026251125112563,0.2186102508194505
55.239999999999995,6.861297588945694,3.162002801631872,1.4905465068421655,7.4943620867039105,2.2593775534715106,1.7097008554291595,1.102498524687637,0.219154348586994
55.269999999999996,6.861296900170625,3.1619944029598672,1.4920265368298693,7.494034664191257,2.25945244856023,1.711683238111744,1.1022427398124903,0.21965670128187464
55.3,6.861297965998476,3.162007424332819,1.4926861107484075,7.494034664191257,2.25945244856023,1.711683238111744,1.1022527902127357,0.21899712736333643
55.34,6.861300479105836,3.162038453281324,1.4938108006437545,7.4935605621739025,2.2594779704266905,1.7145063299171013,1.1019837738605898,0.2206955292733468
55.370000000000005,6.861300590202161,3.1620395136638573,1.4948766374870748,7.4935605621739025,2.2594779704266905,1.7145063299171013,1.101984578607325,0.2196296924300265
55.39999999999999,6.861299733857541,3.1620285157803143,1.4952326126157114,7.493158904173108,2.259575309121526,1.7154810155771067,1.1016659209218587,0.22024840296139536
55.44,6.861301553396384,3.162051875384108,1.4953168770097764,7.493002849462309,2.2596550772038393,1.7149863543476447,1.1015291683915456,0.21966947733786824
55.47,6.8613027125913,3.162066625650107,1.4950811922333047,7.493046675476071,2.259619281136068,1.7145510037466989,1.1015950454962096,0.21946981151339418
55.5,6.861302192863738,3.162059940742686,1.4949012063163847,7.493046675476071,2.259619281136068,1.7145510037466989,1.1015898671567168,0.2196497974303142
55.53999999999999,6.86130061198368,3.1620397892780296,1.4944810247340041,7.4931374110888616,2.259551027492009,1.7141723626478167,1.1016822163643862,0.21969133791381257
55.56999999999999,6.86129928660252,3.162023008070305,1.494036237997087,7.493158301115862,2.259496424871802,1.7138396705486088,1.1017259403325927,0.21980343255152168
55.599999999999994,6.861298796405038,3.162016826013845,1.4938162188768744,7.49316007213828,2.259471020052425,1.7135458326616744,1.1017429843796551,0.21972961378479994
55.64,6.861297775531111,3.1620039532242035,1.4934062344169898,7.4931643683820335,2.259475476729755,1.7132871518482944,1.1017318376285692,0.21988091743130456
55.67,6.861296989597779,3.161994065923834,1.4930358915453903,7.493162161769149,2.2594743765892327,1.713057225533601,1.1017238244858738,0.22002133398821067
55.7,6.861296637521314,3.161989639326738,1.4928679640835982,7.493145303418366,2.25945828223141,1.7128743095344234,1.1017239160226207,0.2200063454508252
55.739999999999995,6.861295812157476,3.161979255803048,1.4925643781959852,7.493145303418366,2.25945828223141,1.7128743095344234,1.1017158832218694,0.22030993133843824
55.769999999999996,6.861295218442644,3.1619718010406364,1.4923064985012153,7.493129605364016,2.2594246480913887,1.712689529845534,1.1017286670469728,0.2203830313443187
55.8,6.861294945851685,3.161968378913474,1.4921933336883346,7.49313218131954,2.259413815749529,1.7125423855932895,1.1017363711939987,0.2203490519049549
55.84,6.861295198924257,3.1619715871901053,1.4919968201437157,7.493147954266633,2.259459628691493,1.7124060745510328,1.1017103701367041,0.22040925440731707
55.870000000000005,6.861294944426984,3.1619683930629097,1.491831815588421,7.49312066290293,2.2594324018801286,1.712295820504165,1.1017145519180234,0.22046400491574403
55.89999999999999,6.861294589296086,3.1619639304422096,1.491759069247736,7.49312066290293,2.2594324018801286,1.712295820504165,1.1017110997616608,0.2205367512564289
55.94,6.861294307264783,3.161960395339969,1.4916330642238804,7.493118419522755,2.2594219633331174,1.7121859692016592,1.1017156303148106,0.2205529049777788
55.97,6.861294031196724,3.1619569350307133,1.491529516508367,7.493113643808184,2.2594125201947257,1.712101167596615,1.1017179510347146,0.22057165108824783
56.0,6.86129410934284,3.161957919224756,1.4914835225778036,7.49311729120159,2.2594154203869414,1.7120305291513032,1.1017184283393473,0.22054700657349957
56.03999999999999,6.861293960441355,3.1619560543412275,1.4914080278261523,7.493109884783344,2.259405557272738,1.7119896132461645,1.1017208185428375,0.22058158542001216
56.06999999999999,6.861293577986844,3.161951258965923,1.4913462748188833,7.493114352873376,2.2594054949736524,1.7119568436882016,1.1017197228327218,0.2206105688693183
56.099999999999994,6.861293403812477,3.1619490760003846,1.491319172321021,7.493114352873376,2.2594054949736524,1.7119568436882016,1.101718034401168,0.2206376713671805
56.14,6.861292996473393,3.161943970810651,1.4912719950617521,7.493106041457148,2.2593949858766855,1.7119094483726798,1.101717928517538,0.22063745331092766
56.17,6.8612931702351165,3.161946151462598,1.4912358694928656,7.49310925048818,2.259407771630424,1.7118817836968574,1.1017109813088146,0.22064591420399182
56.2,6.861293371569202,3.161948675774799,1.4912211293609345,7.493112426126681,2.2594231419302986,1.7118402445888259,1.1017021634467306,0.22061911522789135
56.239999999999995,6.861293266836162,3.1619473631541966,1.4912064320910428,7.493110535104198,2.2595169938268125,1.7118411518863998,1.1016231805685837,0.2206347197953571
56.269999999999996,6.861293918765936,3.1619555347311294,1.4911925530545813,7.4931202325374535,2.2595338205734934,1.7118292975935738,1.1016212783698898,0.2206367445389925
56.3,6.861309667476892,3.16215291182403,1.4911850669801465,7.4931202325374535,2.2595338205734934,1.7118292975935738,1.1017739396137896,0.2206442306134273
56.34,6.861451721111037,3.163932899087321,1.4911669492433433,7.492617709687739,2.2630066687773587,1.7117145411743344,1.1000175351313835,0.22054759193099116
56.370000000000005,6.861621326060396,3.1660582701844446,1.491171991061419,7.492617709687739,2.2630066687773587,1.7117145411743344,1.1016617588691582,0.22054255011291546
56.39999999999999,6.8617195840703955,3.1672896053465336,1.4911642513208327,7.492268967186858,2.265527691338674,1.7115230387353835,1.100348614805176,0.22035878741455073
56.44,6.8620236243819495,3.1710978560721155,1.491129534615882,7.4917608926647725,2.269491400184621,1.7114651422800473,1.099755985827002,0.22033560766416538
56.47,6.8623533260733485,3.1752265874029,1.4911199362304852,7.491204163312813,2.2734991045127284,1.7115296992011526,1.0993479107617479,0.2204097629706674
56.5,6.862532021849033,3.1774642810119746,1.4911118829597816,7.491204163312813,2.2734991045127284,1.7115296992011526,1.1010820595105384,0.22041781624137102
56.53999999999999,6.862993848217393,3.1832469913435477,1.491105691251011,7.490419975428758,2.278908264578458,1.7113535004926652,1.1006780082451708,0.2202478092416542
56.56999999999999,6.863482523693582,3.1893662408155707,1.4911014444408357,7.48958502416047,2.2849841629911842,1.711555331143726,1.099959673706652,0.22045388670289023
56.599999999999994,6.863740235705402,3.1925936008146536,1.4911018653894093,7.488778670392894,2.291598778144881,1.711247969721528,1.096569521423209,0.22014610433211868
56.64,6.864364604705916,3.2004098108364367,1.491079535532873,7.487672683741939,2.2995438377326565,1.7112684312579574,1.095478189142896,0.22018889572508438
56.67,6.865013421132538,3.208531176011463,1.4910773417833312,7.486537067535564,2.3075216452909135,1.7113464449458793,1.094582028670021,0.2202691031625481
56.7,6.865350285794971,3.2127476717505132,1.4910666995765716,7.485185652181126,2.317036480043095,1.7113234522398773,1.0892632465905487,0.2202567526633057
56.739999999999995,6.866133684912272,3.222551350367203,1.491053091142122,7.485185652181126,2.317036480043095,1.7113234522398773,1.0968967675025416,0.22027036109775522
56.769999999999996,6.866941692109318,3.232662239884465,1.4910504519014314,7.483785437318807,2.327017486529572,1.711382359216528,1.0957593829319074,0.22033190731509666
56.8,6.867358362414723,3.2378758593988732,1.491042814129608,7.482289211349911,2.337648871745158,1.7113010987178545,1.0902057504307305,0.2202582845882466
56.84,6.868300975714394,3.249666749709581,1.4910185615512637,7.480657674069329,2.349663074436515,1.7112611661255264,1.0885712386082886,0.2202426045742627
56.870000000000005,6.869267632545591,3.26176022908113,1.4910408302060127,7.479036252044597,2.3618732185271845,1.711058991137239,1.0870208834651893,0.22001816093122617
56.89999999999999,6.869763532482343,3.267967279170726,1.491066807708864,7.479036252044597,2.3618732185271845,1.711058991137239,1.0918881323360408,0.2199921834283749
56.94,6.870863771065137,3.2817441210589733,1.4910901351520243,7.477221022994403,2.3755107663438513,1.710838724307501,1.0903797550236503,0.21974858915547668
56.97,6.871988065642716,3.2958244681614426,1.4910944011061626,7.475248300633368,2.389587973294539,1.711108389561914,1.088663169097599,0.22001398845575126
57.0,6.872563225258991,3.303030681023419,1.4911357422662295,7.473212718075557,2.4042445391181038,1.7106308173420846,1.081016346824524,0.21949507507585508
57.03999999999999,6.873817528879201,3.318748078068408,1.4911426824277851,7.470991589226981,2.4200817134029995,1.7106924234199794,1.0789893851809642,0.21954974099219426
57.06999999999999,6.875097838825193,3.334790792481626,1.4911558396744482,7.468707584477296,2.4363232089493447,1.7111369199313735,1.0768549246725354,0.2199810802569253
57.099999999999994,6.875754650981799,3.343021563381072,1.4911631325412988,7.468707584477296,2.4363232089493447,1.7111369199313735,1.0833720908672686,0.21997378739007467
57.14,6.877175436318184,3.360823854157561,1.4911584678024485,7.466309193179805,2.45291158719644,1.7113227422138824,1.082304609605064,0.22016427441143382
57.17,6.878618190634304,3.378903069558411,1.491170608839389,7.463820488410985,2.469794363480042,1.7112494382546513,1.0811754569867893,0.22007882941526224
57.2,6.87935510501096,3.3881376291583325,1.4911687692656261,7.461340439185162,2.4865643832463555,1.7115775804653617,1.0730988989548518,0.22040881119973554
57.239999999999995,6.880938625116307,3.407978458141831,1.4911575936491903,7.458905879680035,2.503536480961694,1.7119704841858447,1.0733412492928096,0.22081289053665443
57.269999999999996,6.882540806347398,3.4280489192166916,1.4911483251810498,7.456359599620691,2.5209444659790012,1.711888904034405,1.0733622392264723,0.22074057885335518
57.3,6.883338655048735,3.438041175426363,1.491134284734925,7.456359599620691,2.5209444659790012,1.711888904034405,1.081396956439824,0.22075461929948004
57.34,6.88493307242048,3.458006786483993,1.491119885782197,7.451193476228078,2.5574579444160146,1.7118742341827522,1.0637852517638706,0.2207543484005552
57.370000000000005,6.886525123532916,3.4779438260026683,1.4911241268227158,7.451193476228078,2.5574579444160146,1.7118742341827522,1.079881755904704,0.22075010736003642
57.39999999999999,6.887320923815467,3.487907024060766,1.491100520350584,7.448540628907926,2.5766221885314735,1.7119331290047528,1.0702371741112888,0.22083260865416876
57.44,6.888912248118127,3.5078202338581965,1.4910464734885094,7.445902258870493,2.5960754233014374,1.7121496469292874,1.068417742109846,0.221103173440778
57.47,6.890506405990552,3.52775358011249,1.4910127720243052,7.443126909311057,2.615607674522253,1.7119662874530954,1.0664893688055417,0.22095351542879027
57.5,6.891302919974702,3.5377127744904326,1.4910057042295184,7.443126909311057,2.615607674522253,1.7119662874530954,1.074610408750267,0.22096058322357703
57.53999999999999,6.892896472652856,3.5576408413809344,1.49100586770525,7.440314306437752,2.6352663398999745,1.7118729552340963,1.0725861297480952,0.22086708752884632
57.56999999999999,6.894489388954966,3.5775660191561913,1.491015406133102,7.4374833284442134,2.6550065042482274,1.7118031126512632,1.070494501092495,0.22078770651816115
57.599999999999994,6.895285952577625,3.587531602737056,1.4910200309752237,7.434679603065247,2.6748088096778178,1.711844478848514,1.0601926273825053,0.22082444787329036
57.64,6.896879145220007,3.6074673511300297,1.4910366279412777,7.431881450431694,2.6946100598966582,1.711872612766422,1.0580812354161413,0.22083598482514444
57.67,6.898472031404925,3.6274032171901913,1.491052147991208,7.429056598047121,2.71442379887582,1.7118997142632262,1.0559599427177788,0.22084756627201818
57.7,6.899268514508101,3.6373728938773513,1.4910593384921398,7.426248749190704,2.7342252381011862,1.711913274526163,1.0456499681442706,0.22085393603402315
57.739999999999995,6.900861038895201,3.6573085884219503,1.4910719006154731,7.426248749190704,2.7342252381011862,1.711913274526163,1.0621276372305535,0.2208413739106898
57.769999999999996,6.902453376554414,3.6772437673991796,1.4910822606230922,7.423437093096425,2.754027375894229,1.7119213715895722,1.0600719496549982,0.22083911096648
57.8,6.90324952600273,3.6872116427818327,1.4910866456337952,7.420624464947891,2.773830704766688,1.7119277659749743,1.0497340450694808,0.2208411203411791
57.84,6.904841799478742,3.707147919555888,1.4910940033851545,7.417811167812093,2.7936347536906383,1.7119327864655096,1.0476850085104146,0.2208387830803551
57.870000000000005,6.906434052283107,3.7270848379902457,1.4910996486089294,7.414998738633782,2.8134395598358233,1.7119358439143264,1.0456508664448345,0.220836195305397
57.89999999999999,6.907230164422173,3.73705339935745,1.4911021122795247,7.414998738633782,2.8134395598358233,1.7119358439143264,1.0539883535944656,0.2208337316348017
57.94,6.908821848444012,3.7569835027644674,1.4910939700812686,7.4121827898750645,2.833253428905168,1.7119973991312043,1.0519740903227905,0.22090342904993565
57.97,6.910413017520346,3.776909371965262,1.4911141301263933,7.409354965325924,2.8533685845007746,1.7120508306204556,1.0497002683578533,0.22093670049406233
58.0,6.911208314695086,3.786871833307728,1.4911408774936834,7.406561160864028,2.8735890350856783,1.7119858362610185,1.0389706019594434,0.22084495876733512
58.03999999999999,6.912798471799871,3.806796760001492,1.4911500120451542,7.4037218956158695,2.893894345993072,1.7119455190851245,1.0365310538298518,0.2207955070399703
58.06999999999999,6.914386933065996,3.8267116281964246,1.491194264807797,7.4009034152340725,2.9141391116943676,1.7121106903074634,1.034159990183384,0.2209164254996665
58.099999999999994,6.9151813039471195,3.8366713764083715,1.4911934948068302,7.4009034152340725,2.9141391116943676,1.7121106903074634,1.0425889644684545,0.22091719550063327
58.14,6.916768012311534,3.8565673161711356,1.4912121824479239,7.397985788087671,2.9346076243923482,1.7122538123545799,1.039990490816031,0.221041629906656
58.17,6.918354714767515,3.8764640590509254,1.4912238923436747,7.395043252286664,2.9553371810887765,1.7124502955844396,1.0371628064611842,0.22122640324076492
58.2,6.919149184235732,3.886428108568458,1.491234253768403,7.392041208943692,2.9760736822994582,1.7122453841027963,1.0258518647738346,0.22101113033439335
58.239999999999995,6.920740734607813,3.9063958022351826,1.491268319899144,7.3890660399535975,2.9964788592573326,1.7120878023785535,1.0233657385047528,0.2208194824794094
58.269999999999996,6.922334446212794,3.92640386825297,1.4913131340278791,7.386305267965241,3.0162027569420333,1.7123314464083466,1.0216334893049,0.22101831238046743
58.3,6.923129883211521,3.9363941213886977,1.49133045515512,7.386305267965241,3.0162027569420333,1.7123314464083466,1.0301861891153319,0.22100099125322648
58.34,6.924719353059906,3.9563524827444247,1.4913049408370864,7.381093487937621,3.0546768985607096,1.71327771032561,1.010592009714319,0.22197276948852362
58.370000000000005,6.926308643920894,3.976292513207652,1.4912701568154778,7.381093487937621,3.0546768985607096,1.71327771032561,1.027718149838943,0.22200755351013224
58.39999999999999,6.927103087013128,3.986254540308568,1.491257669995649,7.378382041837149,3.0738272313526513,1.7134010406809645,1.0179274479036295,0.22214337068531553
58.44,6.928694130154344,4.006192006294987,1.491207566267774,7.375608103915027,3.0932354251822973,1.713361856722188,1.0164751934698337,0.22215429045441404
58.47,6.930283706661259,4.0261098459151015,1.4911896920967658,7.372773301770463,3.1127819047823966,1.7132064165027179,1.014871898238203,0.2220167244059521
58.5,6.9310793047003045,4.0360787878872735,1.491178532866441,7.372773301770463,3.1127819047823966,1.7132064165027179,1.0235090236040882,0.2220278836362768
58.53999999999999,6.932669111264078,4.056002912666987,1.4911798848945208,7.369953917711501,3.1324130861731043,1.7132184918961142,1.0218787450342435,0.2220386070015934
58.56999999999999,6.9342588965541,4.075927306064907,1.491172475181261,7.367102556526882,3.1521141734486045,1.7131353800771605,1.020188383570887,0.22196290489589954
58.599999999999994,6.935053953919183,4.085891214550541,1.491170201129366,7.364274243070009,3.171879461566234,1.7131951561917274,1.0097759856582873,0.22202495506236142
58.64,6.9366445086178885,4.1058238730540655,1.4911648569737046,7.361440116082567,3.191668043567868,1.7132216118938495,1.0080338231948782,0.22205675492014487
58.67,6.938234927022353,4.1257537444112184,1.4911605310372167,7.358602218797389,3.21146201987028,1.713209772389981,1.0062991690140273,0.22204924135276438
58.7,6.939030314286364,4.135720532714263,1.4911589477611416,7.355764025505917,3.231262770568736,1.7132087324838627,0.9958467902102797,0.2220497847227212
58.739999999999995,6.940621284616721,4.155656138752675,1.4911564262031414,7.355764025505917,3.231262770568736,1.7132087324838627,1.0133343941934674,0.22205230628072137
58.769999999999996,6.942212368852248,4.1755928115678005,1.4911547514149297,7.352925297510205,3.2510636292227324,1.7132081186972463,1.0116517774285954,0.22205336728231662
58.8,6.943007943523166,4.1855614648729365,1.491154197344592,7.350086316176343,3.2708650847198886,1.7132079338745028,1.001190426116355,0.22205373652991067
58.84,6.944599152359775,4.205499407599518,1.4911534928574672,7.347247142082755,3.290667365612223,1.7132080894826682,0.9995214198178051,0.222054596625201
58.870000000000005,6.94619044245081,4.225438270722666,1.491153201818776,7.344407797221432,3.310470587887967,1.7132085095799627,0.997869190962628,0.22205530776118665
58.89999999999999,6.946986117330654,4.235408051965544,1.491153163998436,7.344407797221432,3.310470587887967,1.7132085095799627,1.0067041790424172,0.22205534558152684
58.94,6.948577525795042,4.255348313986844,1.4911532140070054,7.341568299808128,3.330274830970277,1.7132090961861826,1.0050884027983842,0.22205588217917716
58.97,6.950169007139256,4.275289437492546,1.4911533133632966,7.338728645679952,3.3500801344749624,1.7132096904722616,1.0034893358143668,0.22205637710896498
59.0,6.9509647049533045,4.285259391010248,1.491152847192392,7.335879675243578,3.3698880805473626,1.713202826068428,0.9930076386272677,0.22204997887603595
59.03999999999999,6.952555718340042,4.305193739641636,1.4911475889022856,7.333048863157978,3.3898652934319187,1.7127436552346906,0.9912624262495467,0.22159606633240503
59.06999999999999,6.95414449130062,4.325109291367234,1.4911732996779914,7.330206611761185,3.4099445056391327,1.7129365810153532,0.989418669463063,0.22176328133736178
59.099999999999994,6.9549395837626955,4.335074370097907,1.4911679232506587,7.330206611761185,3.4099445056391327,1.7129365810153532,0.9983439329290927,0.22176865776469445
59.14,6.956526951805689,4.354977865756838,1.491218200498565,7.327351278524871,3.4302612804207353,1.7125838561895455,0.9962988730709254,0.22136565569098043
59.17,6.958115262037804,4.374902562352938,1.4912298598835327,7.324516276407079,3.450550529080949,1.7128682693602992,0.9943220729446237,0.2216384094767665
59.2,6.958907831027582,4.384844392414759,1.4912349837049275,7.3215158372297795,3.471177603731568,1.7129776950637556,0.9829911326683408,0.22174271135882817
59.239999999999995,6.96049587832626,4.404766836381421,1.4912549541285445,7.318509246365839,3.4918370399974297,1.7129583286034724,0.9806193883565428,0.22170337447492794
59.269999999999996,6.962087176209501,4.424739245871443,1.49129562503201,7.315554011787038,3.5121466090490325,1.712855726447867,0.978654241617374,0.22156010141585702
59.3,6.962883502778448,4.434739867736674,1.491323168557768,7.315554011787038,3.5121466090490325,1.712855726447867,0.9877017813592619,0.22153255789009907
59.34,6.96447373069829,4.454720869378271,1.4913674563820638,7.310030621975368,3.5510445929333274,1.713457139226662,0.9674917972357575,0.22208968284459818
59.370000000000005,6.965268442559735,4.464706858930969,1.4913599307127343,7.310030621975368,3.5510445929333274,1.713457139226662,0.9765447745307749,0.22209720851392767
59.39999999999999,6.966857824876907,4.484682110365833,1.4913931832736258,7.307261794161647,3.570122669726992,1.7135280482327275,0.9758554364076865,0.22213486495910173
59.44,6.968445028235163,4.504632462156788,1.4914190831075433,7.304485477679911,3.589391888821425,1.713519768219287,0.9749812771239628,0.22210068511174375
59.47,6.9700306763618105,4.524563065224086,1.4913975734506568,7.301773835456781,3.6087438544386328,1.713905912172202,0.9740525398817056,0.22250833872154518
59.5,6.970823656310275,4.534525113563614,1.4913877493904593,7.301773835456781,3.6087438544386328,1.713905912172202,0.983157648001652,0.22251816278174275
59.53999999999999,6.972411702405182,4.554456531027247,1.4913252454801567,7.299060579331654,3.628269482122595,1.7141351293308318,0.982100778105808,0.22280988385067513
59.56999999999999,6.97400035895102,4.574379582608604,1.4912481388320618,7.296328491239681,3.647836423614369,1.7141657438916353,0.9810084863770095,0.2229176050595736
59.599999999999994,6.974795281262035,4.584341769111576,1.4912183785748911,7.293513186384705,3.6676115455606655,1.7140251828772906,0.9705541745917567,0.2228068043023994
59.64,6.976386167161329,4.604270734777207,1.4911649987085311,7.290666083754509,3.6873995248106453,1.7139582289322912,0.9692392282813168,0.22279323022376007
59.67,6.977977834288767,4.62420102359306,1.4911205680664534,7.287807990254755,3.7071893821685817,1.713907171348837,0.9679385703927312,0.22278660328238353
59.7,6.978773872590171,4.634166157469611,1.4911013504486366,7.284953430713938,3.726984003861216,1.7138628212096267,0.9574577701593062,0.22276147076099018
59.739999999999995,6.980366452319174,4.654098319050288,1.4910682669711022,7.284953430713938,3.726984003861216,1.7138628212096267,0.9758658621122853,0.22279455423852457
59.769999999999996,6.981959393835188,4.674030095958103,1.491041964151086,7.282097783135529,3.746773881364524,1.713839829379428,0.9746215369230335,0.222797865228342
59.8,6.982755886822925,4.683994583819231,1.4910298985306205,7.279241614792396,3.7665620680611607,1.7138114288614017,0.9641505109990711,0.22278153033078119
59.84,6.984349494524331,4.703928458417026,1.491010475601361,7.276387172637285,3.7863675867460076,1.7137906449955942,0.9629143049406232,0.22278016939423329
59.870000000000005,6.985942839963947,4.723856670180549,1.4909978635784769,7.273533943337279,3.80618285535332,1.7138007130351682,0.9616828339733687,0.22280284945669138
59.89999999999999,6.986740335214144,4.733830069048912,1.490990733714402,7.273533943337279,3.80618285535332,1.7138007130351682,0.9709685508488323,0.2228099793207663
59.94,6.988333875811637,4.7537562107725595,1.4909811875730614,7.270674873398105,3.826104120978079,1.7138617673254188,0.9696673855597023,0.22288057975235742
59.97,6.989927754246008,4.773685678923575,1.490976933681149,7.2678404085489,3.845927454756505,1.7137600478085862,0.9684889085226086,0.22278311412743723
60.0,6.990724430857098,4.783646929565467,1.4909739881382218,7.264997097187097,3.8659340710461922,1.7135284035605955,0.9578216880961643,0.22255441542237375
60.03999999999999,6.992318710239955,4.8035796521193665,1.4909678020112593,7.262134355095539,3.885997241496755,1.7135912079391915,0.9564298000861523,0.22262340592793217
60.06999999999999,6.9931165008819125,4.813552880456015,1.4909613718382937,7.259258297244481,3.9060748973885695,1.7136490392713837,0.945699606388442,0.22268766743309
60.099999999999994,6.994710192259882,4.833477324713914,1.4909678971900344,7.259258297244481,3.9060748973885695,1.7136490392713837,0.9643966829369969,0.22268114208134926
60.14,6.996302218170721,4.853383625993263,1.49097085391406,7.25635201044411,3.9263235643356262,1.7136034673234568,0.9628427973361454,0.22263261340939677
60.17,6.997099936560264,4.863357112440964,1.4909679553543957,7.253486558522241,3.9465742670361252,1.7138117999907732,0.9519584473860534,0.2228438446363774
60.2,6.998691238798859,4.8832599711100855,1.49101036229372,7.250595164844338,3.9671024221957167,1.7134418006049532,0.9501580091700065,0.22243143831123313
60.239999999999995,7.000282347951034,4.903171356716866,1.491049359336423,7.24769833454334,3.987705344341776,1.7132882820463744,0.9483104398009089,0.2222389227099515
60.269999999999996,7.0018719216562015,4.923079376232362,1.491100937198953,7.2447468853019545,4.008334129324999,1.7133323010732966,0.946439176442701,0.2222313638743436
60.3,7.002668269728607,4.933056928065646,1.4911205712152347,7.2447468853019545,4.008334129324999,1.7133323010732966,0.9558840466440706,0.22221172985806192
60.34,7.004263939137576,4.9530559702151296,1.491162090936103,7.239031026907817,4.048171163910748,1.7138772715846053,0.9348433548892768,0.22271518064850238
60.370000000000005,7.005859307859831,4.97305482212017,1.491179053011251,7.239031026907817,4.048171163910748,1.7138772715846053,0.9538232707302936,0.22269821857335437
60.39999999999999,7.00665458880016,4.98302348816706,1.4911834743482353,7.236384644271183,4.06737757811043,1.7143831645964924,0.9440250690475084,0.22319969024825714
60.44,7.0082484833477,5.002984265186232,1.4911239501405624,7.23366425283524,4.086523824571154,1.7143580121097615,0.9437754014308923,0.22323406196919904
60.47,7.0090442984102275,5.012947481633679,1.4911210560398362,7.230937227499998,4.105731774597032,1.7145521256666754,0.9339576066792545,0.22343106962683912
60.5,7.010637019487584,5.032871636607184,1.4910591613745996,7.230937227499998,4.105731774597032,1.7145521256666754,0.9529535693718325,0.22349296429207577
60.53999999999999,7.0122310106876125,5.0527936877571875,1.4909890149210783,7.228223693564585,4.1250942064230145,1.7146769543224818,0.952512029700458,0.22368793940140352
60.56999999999999,7.013827152803764,5.072735951503497,1.4909576992058982,7.225471561097092,4.1445816331326695,1.7143601117628753,0.9519788833121502,0.22340241255697713
60.599999999999994,7.014624339003776,5.082695258116486,1.4909406866242871,7.2227026389434155,4.164088736950518,1.7144722115258773,0.9418781872590597,0.22353152490159012
60.64,7.016220278971753,5.102622967799887,1.4908932442355576,7.21990366152607,4.183739895444024,1.714386640071734,0.9411870276363343,0.22349339583617645
60.67,7.017019050788512,5.112593774359798,1.4908731409722806,7.217078708782974,4.2034189862325135,1.7142939986837666,0.93092570172015,0.223420857711486
60.7,7.018615725176314,5.132519238980425,1.4908423365270742,7.214251963255131,4.223147624604308,1.7142650093472256,0.9301775479351547,0.22342267282015138
60.739999999999995,7.020213444453638,5.152454503471062,1.4908199033848566,7.214251963255131,4.223147624604308,1.7142650093472256,0.9493483143123733,0.223445105962369
60.769999999999996,7.021811081586934,5.172386349369237,1.4908040792818764,7.211415676485594,4.242906133069906,1.7142593277627645,0.9486218292336186,0.22345524848088805
60.8,7.022609828063887,5.182350544804118,1.4907960184894298,7.208566129421914,4.262676615294367,1.714205466707072,0.9382856082423214,0.2234094482176423
60.84,7.0242079113286735,5.202285027398699,1.4907868556886175,7.205706174699523,4.282477848822167,1.7142118396369748,0.9375429938768429,0.2234249839483573
60.870000000000005,7.025806270921915,5.2222221457300435,1.4907824883995824,7.202846539010884,4.302275603014642,1.7142106782043127,0.9368270373868566,0.22342818980473034
60.89999999999999,7.026605410181405,5.232190143104022,1.4907814485838118,7.202846539010884,4.302275603014642,1.7142106782043127,0.9464681650011969,0.22342922962050094
60.94,7.028203132620706,5.252121163633742,1.4907878050013463,7.200052204899784,4.322158541802678,1.7141265622301447,0.9457074503492535,0.22333875722879837
60.97,7.02980113986984,5.272055143617424,1.4907883973977512,7.197177978684678,4.34207981290253,1.7142632964804112,0.9449175212207274,0.22347489908266005
61.0,7.030600381760341,5.2820252578581846,1.4907886670837136,7.194314056958739,4.361943576463382,1.7143083675245123,0.9345332888053017,0.22351970044079872
61.03999999999999,7.032197279264011,5.301951161280152,1.4908164484791342,7.191451589866528,4.381984399943432,1.7142836759971842,0.9336491725535109,0.22346722751805004
61.06999999999999,7.0329957101633065,5.311915299224895,1.4908164530635968,7.188521457757205,4.402052707459323,1.7145041556320908,0.923059149815982,0.22368770256849402
61.099999999999994,7.034593910840233,5.331858388353611,1.4908119503620307,7.188521457757205,4.402052707459323,1.7145041556320908,0.9424607651903428,0.22369220527006006
61.14,7.036192451027969,5.351796763857416,1.4907845071957346,7.185593013163512,4.4221063534679965,1.7146584132216438,0.941618174812096,0.22387390602590918
61.17,7.03778969076037,5.371713613705902,1.4907910781401632,7.182719024969755,4.442325216476351,1.7145120212660565,0.9406207018874766,0.2237209431258933
61.2,7.038587557050717,5.38166453092237,1.490780802528892,7.179816081349337,4.462568399620198,1.7147620789754259,0.929883430678375,0.22398127644653387
61.239999999999995,7.0401819339476575,5.401553810898253,1.490806066691468,7.176878972814679,4.4831015069515265,1.714545465406602,0.928569176238401,0.22373939871513393
61.269999999999996,7.041776379056144,5.421450203882051,1.4908132277434685,7.173921613949946,4.503788454193856,1.7149439634044825,0.9271275262583553,0.22413073566101405
61.3,7.042556382801868,5.431184870933822,1.4908317213948221,7.173921613949946,4.503788454193856,1.7149439634044825,0.9366541185179921,0.2241122420096604
61.34,7.044004884021506,5.449271098270277,1.4908741482506762,7.167978809703788,4.544321481810106,1.7147000621522912,0.913402070602255,0.223825913901615
61.370000000000005,7.045443462066203,5.4672525937426935,1.4909581508961778,7.167978809703788,4.544321481810106,1.7147000621522912,0.9310299397945196,0.22374191125611342
61.39999999999999,7.046152046884741,5.476118621825036,1.4910045812704709,7.165290460555433,4.562555647807622,1.7150175895824513,0.921298686153145,0.22401300831198045
61.44,7.047465193165545,5.4925632287492245,1.4910830761431775,7.1630137859562355,4.578600827091537,1.7154629439842533,0.9212376180659345,0.22437986784107578
61.47,7.048742565023272,5.508563979667872,1.4911058775903185,7.1608947557360345,4.593869071816428,1.7153887438426558,0.9215448379384658,0.2242828662523373
61.5,7.0493590189484845,5.516283374986143,1.4911037221043457,7.1608947557360345,4.593869071816428,1.7153887438426558,0.9291331267761431,0.2242850217383101
61.53999999999999,7.050490179449927,5.530447538021203,1.491113532057925,7.1588602461105735,4.607978577539409,1.7154774006039744,0.9288127122301861,0.2243638685460494
61.56999999999999,7.051593426838755,5.544258113735305,1.49110290324442,7.156930938633566,4.621446263475186,1.7154074760425513,0.9288044478638254,0.2243045727981312
61.599999999999994,7.05213151777625,5.550992447825655,1.4910951133018926,7.155007782076835,4.634419765919567,1.7154954946447538,0.9223280365319932,0.22440038134286122
61.64,7.053100028803857,5.563112394458939,1.4910816162818221,7.153312659922632,4.646221792710372,1.7154229030347683,0.9223507722177051,0.22434128675294618
61.67,7.053572132097625,5.569020384478579,1.4910868869491223,7.151535006722704,4.657877119225918,1.7152244190972519,0.9163944427047174,0.2241375321481296
61.7,7.054502431265959,5.580662302490694,1.491071375613832,7.150057565470814,4.668225071730862,1.7157862832092512,0.9174270999646671,0.22471490759541912
61.739999999999995,7.05531417245447,5.5908225124893285,1.4910852917422968,7.150057565470814,4.668225071730862,1.7157862832092512,0.9274493777098143,0.22470099146695444
61.769999999999996,7.056100296305693,5.600664287467972,1.4910960156307353,7.148691491756096,4.677872650449851,1.7157324066851884,0.9274252179154492,0.2246363910544531
61.8,7.056479016213418,5.6054063951240956,1.4911038251795439,7.147342040468988,4.687057018623875,1.715722019271185,0.9228334987933695,0.2246181940916412
61.84,7.0571273715459855,5.613523073339804,1.4910929133293596,7.146214546386343,4.694976792443821,1.7158012948040244,0.9228563240661455,0.22470838147466488
61.870000000000005,7.057753004555931,5.6213546137458525,1.4910902809316144,7.1450519014579035,4.702814357968188,1.7156905399983893,0.9226794128430521,0.22460025906677483
61.89999999999999,7.058050854126643,5.62508327129973,1.4910941450992068,7.1450519014579035,4.702814357968188,1.7156905399983893,0.9263633902170794,0.22459639489918248
61.94,7.058544587827754,5.631263682955703,1.4910858585420659,7.144131374567133,4.709347000685369,1.7160464734403467,0.925880914109753,0.2249606148982808
61.97,7.059010939772273,5.637099697807367,1.491060785284344,7.143308344671986,4.715224043957366,1.7159472438035421,0.9257217582158219,0.22488645851919808
62.0,7.059229479771733,5.639833458035126,1.49103957677685,7.142529752203606,4.720647958641261,1.7160788955510307,0.9229522835353801,0.2250393187741806
62.03999999999999,7.059560786007861,5.643977345516314,1.4910265092634283,7.1419678286960995,4.724608366742341,1.7160728325446315,0.9230548411749533,0.22504632328120322
62.06999999999999,7.059868073772924,5.64781960816617,1.4909980993473613,7.141402041760503,4.728524360097814,1.71599020409257,0.9229038633881971,0.2249921047452088
62.099999999999994,7.060008419830748,5.649574028867264,1.4909866217880425,7.141402041760503,4.728524360097814,1.71599020409257,0.9246390723039757,0.22500358230452755
62.14,7.060181781697552,5.651741510201727,1.490988747893584,7.141098104291772,4.7311218518891565,1.7163917879163892,0.9241688192823466,0.2254030400228053
62.17,7.06033001478035,5.653594637275514,1.4909705486892126,7.140830090964877,4.733041746030208,1.7163385213279672,0.9240659542726409,0.22536797263875452
62.2,7.060390644706379,5.654352450774674,1.4909633512383091,7.140627020964068,4.734517234362568,1.7164979856689992,0.9233280573159636,0.2255346344306901
62.239999999999995,7.060404124302668,5.654520937222292,1.4909710020284084,7.140685897241437,4.734583661390608,1.716717886861399,0.9234336763031837,0.22574688483299066
62.269999999999996,7.060392911373118,5.6543807445519985,1.4909633198446004,7.140686097019559,4.734544207452084,1.7166526779015436,0.9233343114198763,0.22568935805694323
62.3,7.060389599600418,5.65433934557994,1.4909551695336443,7.140686097019559,4.734544207452084,1.7166526779015436,0.9232933572930245,0.22569750836789937
62.34,7.060386391504917,5.654299251776445,1.4909407569303477,7.140697044544001,4.734514539500583,1.7165538051728402,0.9232842021436058,0.2256130482424925
62.370000000000005,7.060385271341264,5.654285261357456,1.4909239712619673,7.140697044544001,4.734514539500583,1.7165538051728402,0.9232703621908818,0.22562983391087288
62.39999999999999,7.060385011088685,5.65428201342675,1.4909167475470724,7.140697501144029,4.734509283034759,1.7165383499591553,0.9232724254691174,0.22562160241208296
62.44,7.060384680243606,5.6542778872925865,1.4909041833272274,7.140697854411377,4.734505330291235,1.7165277784847528,0.9232723122447177,0.2256235951575254
62.47,7.060384458977364,5.654275129404311,1.490894016661413,7.140698174560639,4.734502011441747,1.7165194034712679,0.9232729181760767,0.22562538680985478
62.5,7.060384366800642,5.654273980641122,1.490889773517314,7.140698174560639,4.734502011441747,1.7165194034712679,0.9232717817857349,0.22562962995395375
62.53999999999999,7.060384204398806,5.654271956469653,1.4908829711464306,7.140699258212443,4.734499230159419,1.7165141013322704,0.9232726444194306,0.2256311301858398
62.56999999999999,7.060383944957821,5.654268721242479,1.49087546787688,7.140699838359096,4.734492767375718,1.7165002056579812,0.9232759327765212,0.22562473778110115
62.599999999999994,7.060383759738942,5.654266410304932,1.490872121327027,7.1407018953013965,4.734486920436301,1.716484413710294,0.9232796504219228,0.22561229238326685
62.64,7.0603837287854905,5.654266026568719,1.490866866831388,7.14070379684436,4.734488297923652,1.7164811075013253,0.9232780639896409,0.2256142406699373
62.67,7.060383733502551,5.654266087806186,1.4908626436998123,7.140705865752997,4.734487650258551,1.7164761047811323,0.9232789497799826,0.22561346108132008
62.7,7.060383718698227,5.654265904019592,1.4908607740500643,7.140706796456301,4.734486332924425,1.716471576812653,0.923280161286128,0.2256108027625887
62.739999999999995,7.060383678792617,5.654265407588828,1.4908575836876663,7.140706796456301,4.734486332924425,1.716471576812653,0.9232796702092596,0.22561399312498676
62.769999999999996,7.060383659564167,5.654265168280881,1.4908562473291975,7.140707359899402,4.73448504532558,1.716468048996232,0.9232807652167426,0.22561180166703454
62.8,7.060383626353108,5.654264754918085,1.490854040350391,7.14070769442906,4.734483839422243,1.716465311131423,0.9232815867451487,0.22561127078103205
62.84,7.060383596959836,5.654264388943044,1.4908523832497618,7.140707867492313,4.734482637191813,1.7164631941623376,0.9232824374432443,0.22561081091257584
62.870000000000005,7.060383568610077,5.65426403577715,1.4908511701989107,7.140708000371934,4.734481447763086,1.7164615160101453,0.9232832845620644,0.22561034581123462
62.89999999999999,7.060383554575103,5.6542638608737645,1.490850699674058,7.140708000371934,4.734481447763086,1.7164615160101453,0.9232831115428632,0.22561081633608726
62.94,7.060383526570249,5.654263511770835,1.490849977826829,7.140708126076014,4.734480276831787,1.7164601749308181,0.9232839436276907,0.22561019710398922
62.97,7.060383498423572,5.654263160780894,1.490849488780104,7.140708254355975,4.734479123981856,1.7164591008664556,0.9232847560562957,0.22560961208635155
63.0,7.060385047091083,5.654282432975309,1.4911112860389755,7.1407621072184755,4.734307205106141,1.7177188742740455,0.923479773296443,0.22660758823507
63.03999999999999,7.060392983182021,5.65438413011049,1.495600685934107,7.141940378733845,4.732693293571826,1.7250556813501499,0.9252912924482906,0.22945499541604275
63.06999999999999,7.060408426753007,5.654614923936542,1.507245491180906,7.145714035793693,4.728683219021232,1.7404285001683375,0.929852982519912,0.2331830089874316
63.099999999999994,7.060414267450336,5.654725353616888,1.5162908579339367,7.145714035793693,4.728683219021232,1.7404285001683375,0.9299624108134209,0.2241376422344008
63.14,7.060420158187605,5.654898944084753,1.5407964229941973,7.152408816275517,4.722360841293583,1.763389012201279,0.9370641527527176,0.2225925892070817
63.17,7.060420145753914,5.654997344115472,1.5702391636995354,7.16068527806305,4.71528908492731,1.7884323397867752,0.9450421732089073,0.21819317608723976
63.2,7.060418721048789,5.655056988426641,1.5860324390999156,7.168803592135181,4.708676014541529,1.8130063139807995,0.9525671776899235,0.22697387488088383
63.239999999999995,7.060413019450522,5.655178862509579,1.6189066568063124,7.177176397409253,4.702219979002756,1.8374415219245241,0.9600855795640847,0.21853486511821174
63.269999999999996,7.06040173671421,5.655320996702198,1.6527289525502782,7.185271873195596,4.696352567516546,1.8625672408061373,0.967064113262237,0.20983828825585915
63.3,7.060394201180829,5.655394501179632,1.6697873851629346,7.185271873195596,4.696352567516546,1.8625672408061373,0.9671379754161552,0.19277985564320277
63.34,7.060415533988559,5.655229826502785,1.7039007541537863,7.188003010654591,4.692695092466601,1.911530675063788,0.970954004280384,0.20762992091000165
63.370000000000005,7.060502272750966,5.654701687670871,1.7375441132627705,7.188003010654591,4.692695092466601,1.911530675063788,0.9704190473102227,0.17398656180101746
63.39999999999999,7.060552909428444,5.654429316114847,1.754271640475629,7.179572450083697,4.695108131448965,1.9395391178227266,0.9666761538418842,0.1852674773470977
63.44,7.060609203946333,5.6541676905356315,1.7877172932899394,7.169273459897391,4.696835546163625,1.9736762531440035,0.9634795042808654,0.18595895985406408
63.47,7.0606279740126805,5.65410086204013,1.8210675591785168,7.158436415486996,4.696696090646277,2.0136945844288543,0.9623878571092578,0.19262702525033748
63.5,7.060629207896543,5.654100518671637,1.837654319748428,7.158436415486996,4.696696090646277,2.0136945844288543,0.962387390118557,0.17604026468042622
63.53999999999999,7.060609936445334,5.654170819898362,1.870663470015465,7.146899058329645,4.695381288692028,2.0563475338082577,0.9626646236911524,0.1856840637927928
63.56999999999999,7.060597699120845,5.654212808615409,1.9036077905088706,7.135590033339522,4.694837629172863,2.095852166066667,0.9623017121059189,0.19224437555779628
63.599999999999994,7.060611195669731,5.654176386825037,1.9200471933673675,7.12432756390065,4.694731388410861,2.1326039630949167,0.9615583604558371,0.21255676972754922
63.64,7.060629433054187,5.65412972348124,1.9528308310961708,7.113659354754017,4.694793985081783,2.1693623637753325,0.9608003078506596,0.2165315326791617
63.67,7.060632716368257,5.654123847212004,1.9855057479836862,7.103130245022299,4.694884823564357,2.205928876473733,0.9601799541909795,0.22042312849004664
63.7,7.060632554817673,5.654125157338408,2.0018061290724356,7.092773149167819,4.694653256772987,2.2425080350877282,0.9600100758741035,0.24070190601529262
63.739999999999995,7.060631403576436,5.654129245131113,2.0343339958088293,7.092773149167819,4.694653256772987,2.2425080350877282,0.9600141999186598,0.20817403927889888
63.769999999999996,7.060623522908547,5.654145744181493,2.0667927924865657,7.082763558798235,4.694082414971833,2.2787047487797785,0.9603185811397867,0.2119119562932128
63.8,7.060614884627414,5.654162118436334,2.0830036296249856,7.073453111734725,4.69325807838024,2.3132355294108295,0.9609897992545925,0.2302318997858439
63.84,7.060601332099411,5.654186843042671,2.1153688416215646,7.064765988807472,4.692234930428624,2.3465939467034995,0.9619609277654264,0.23122510508193495
63.870000000000005,7.060602345287086,5.654185696905845,2.1315155916018584,7.056693498993634,4.6909902793226355,2.3797792117868326,0.9632033490040612,0.24826362018497417
63.89999999999999,7.060606658258324,5.65418002783205,2.1637656555230302,7.056693498993634,4.6909902793226355,2.3797792117868326,0.9631976974894924,0.21601355626380236
63.94,7.060624490523885,5.654155140702343,2.19594201988562,7.049558002390862,4.689614320907739,2.4137090127920557,0.9646043024005467,0.21776699290643586
63.97,7.0606443726160935,5.654129184661262,2.228065790539267,7.043214806470804,4.68803518644845,2.448714411773838,0.9662512112069146,0.22064862123457107
64.0,7.060647548169525,5.654125578076023,2.2441227975608937,7.0379642064448005,4.686461085255941,2.4853383087321563,0.9679303201452812,0.2412155111712626
64.03999999999999,7.0606474175381315,5.654126723736668,2.276222391786841,7.033501350173628,4.684750916708685,2.524342650891319,0.9697558271155222,0.248120259104478
64.07,7.060647101605613,5.654127988322372,2.3083046071116735,7.029866324568508,4.682928687965031,2.5661108647839055,0.9716869543477451,0.257806257672232
64.1,7.060647377761633,5.654128093685943,2.324340449713893,7.029866324568508,4.682928687965031,2.5661108647839055,0.9716870684064544,0.2417704150700124
64.14,7.060671869318819,5.6541036813949095,2.3563700442985214,7.027174265016547,4.681024775336038,2.610761551764922,0.9736553018962727,0.2543915074664005
64.17,7.060654314156698,5.654121249359116,2.3883564875721914,7.026006838301985,4.679330901843431,2.6579334769123886,0.975405899711937,0.26957698934019714
64.2,7.060645756089672,5.654129599560417,2.404368855137305,7.025727515964258,4.677656310662495,2.7068818392538034,0.9770974196182183,0.30251298411649863
64.24,7.060661864935511,5.654116235217082,2.4362980634965687,7.025437122236102,4.676003600757532,2.755647481687323,0.9787467027722959,0.31934941819075435
64.27,7.0606380938380635,5.654136759128267,2.4681836110446085,7.025148178799563,4.674496194233251,2.8040161680539484,0.980283209311098,0.3358325570093399
64.3,7.0606576808352735,5.654121664236245,2.4840676290939863,7.025148178799563,4.674496194233251,2.8040161680539484,0.9802688336438172,0.3199485389599621
64.34,7.060713263297663,5.654080274271955,2.515837587591384,7.024440135443305,4.670960255319863,2.90209330304376,0.9837889567730979,0.38625571545237625
64.37,7.060697685673444,5.654090689893644,2.547520044722898,7.024440135443305,4.670960255319863,2.90209330304376,0.9837987910817545,0.3545732583208623
64.39999999999999,7.06067982035579,5.654103278288313,2.563395682035517,7.024392925956068,4.669347179943707,2.9505893676196373,0.9854244323803162,0.3871936855841205
64.44,7.06064622450493,5.654125445994088,2.5951375225262137,7.0245339563013145,4.6683839978666075,2.9984962541023443,0.9864027060340381,0.40335873157613067
64.47,7.060642358692567,5.65412785362949,2.626691199501562,7.024248695734589,4.667077111391701,3.0462752708284295,0.9877214518555666,0.4195840713268675
64.5,7.06062563641478,5.654137371197736,2.642418058691054,7.024248695734589,4.667077111391701,3.0462752708284295,0.9877303469579172,0.4038572121373756
64.53999999999999,7.06058628328581,5.65415858251745,2.673750013094762,7.023992393255908,4.66578717438256,3.0936507618516003,0.9890486101330239,0.41990074875683847
64.57,7.060551248305344,5.654176111178899,2.7049660630980146,7.0237800725998785,4.66459763981539,3.140790449494252,0.9902614151570792,0.43582438639623744
64.6,7.06052836763599,5.654186777356804,2.7202905298309767,7.023575056409623,4.663589527655266,-3.0962600042821524,0.9912862645708573,0.46663477306645706
64.64,7.06047243710978,5.654211485889232,2.7486312215056508,7.023382537894236,4.662958910645556,-3.053884534126155,0.9919462326915904,0.48066955154778057
64.67,7.060482021783631,5.654208173831492,2.775517095433229,7.023672604170911,4.662643791118648,-3.0147170508629006,0.9922473775675554,0.4929511608834565
64.7,7.0605149138038374,5.654195609609541,2.7883639884563856,7.023943131899084,4.66267113931375,-2.9782840166154037,0.9921987051125584,0.516537302107797
64.74,7.060512930819465,5.654196246360687,2.810980404865151,7.023943131899084,4.66267113931375,-2.9782840166154037,0.9921992683415548,0.4939208856990316
64.77,7.060525515008827,5.6541923361979,2.8316429917550616,7.024196431874033,4.662876942008009,-2.945413859852142,0.9919808531616289,0.506128455572382
64.8,7.060529479226978,5.654191137837936,2.841291225074147,7.024054400307847,4.663297140642385,-2.915780248009256,0.9915650987506232,0.5261138340961828
64.84,7.0605339133816205,5.654189904024008,2.8578160102929973,7.023850634099474,4.663730687176719,-2.890176257874013,0.9911382967157696,0.5351930390125759
64.87,7.0605841106315665,5.65417536541327,2.8727807169239634,7.023135370619615,4.66288908401557,-2.869986503124548,0.9919933970625822,0.5404180871310746
64.89999999999999,7.060602103975574,5.6541702943547065,2.8796329019908287,7.023135370619615,4.66288908401557,-2.869986503124548,0.9919890090519095,0.5335659020642094
64.94,7.060614051885783,5.654167138438689,2.8913014325937256,7.022254719443883,4.661512220555123,-2.853276034884679,0.9933958044927602,0.5386078397011822
64.97,7.060640947919833,5.654160257787241,2.901838409319045,7.021090911362548,4.659524091549829,-2.8403188290004167,0.9954221760535272,0.5410280688601246
65.0,7.060651232389251,5.65415769091091,2.9065872039809415,7.020017590653105,4.656666099020553,-2.8291889761552937,0.9983188712694459,0.547409127043351
65.03999999999999,7.060659000146334,5.654155837510755,2.914719659185865,7.018824724382131,4.653801083178186,-2.8197538445447496,1.0012291152101456,0.5487118034489722
65.07,7.060663485432446,5.654154863613314,2.922135577187288,7.017688614491925,4.651132296580786,-2.8109175083064324,1.0039427819895301,0.5501322216858657
65.1,7.060662675027615,5.654155085204874,2.9254541939122225,7.017688614491925,4.651132296580786,-2.8109175083064324,1.0039429686880454,0.5468136049609313
65.14,7.0606584739549625,5.654156101402554,2.9311684910719498,7.0165880816664155,4.648671841510349,-2.802793223710384,1.0064495995167582,0.5492235923972526
65.17,7.060666032802154,5.654154509642368,2.9364054491695324,7.015511161642332,4.646445674084275,-2.7954764543742665,1.0087200105338,0.5513034036357869
65.2,7.060671131330746,5.6541534316677575,2.9387559210696024,7.014462691497577,4.644404361521802,-2.7888093219361063,1.010805819419555,0.555620064173878
65.24,7.060670573734283,5.654153575257543,2.9428256913108948,7.013575784902286,4.642514130121445,-2.782683216077047,1.0127350522670782,0.5576763997916441
65.27,7.060673451299678,5.654153023834661,2.9465822287316383,7.01281496076988,4.640811773240988,-2.777098421136563,1.0144707611708388,0.5595046573113844
65.3,7.060676945264454,5.654152328214668,2.9482476986775614,7.01281496076988,4.640811773240988,-2.777098421136563,1.0144702311621197,0.5578391873654613
65.34,7.060671218652452,5.654153493541772,2.951026499072033,7.011366150323201,4.6379598388454415,-2.7679055952112837,1.0173890768079028,0.5642532128962694
65.37,7.060683356592453,5.654151114612351,2.953583098827351,7.011366150323201,4.6379598388454415,-2.7679055952112837,1.0173872889804472,0.5616966131409518
65.39999999999999,7.0606869020528045,5.654150430507421,2.9547466320502265,7.010575438151718,4.636890964271214,-2.764519726351621,1.0184929948023613,0.5639189487777383
65.44,7.060689533657703,5.6541499433947795,2.9568219807541025,7.009793093088435,4.635986499632975,-2.7618600321492703,1.0194347678373141,0.5645032942762134
65.47,7.060710872914129,5.654145912114207,2.958786103239185,7.008965176259003,4.635252830572376,-2.759740230028312,1.0202062187303766,0.5646589739120893
65.5,7.060721390485428,5.654143931986718,2.959674381316556,7.008965176259003,4.635252830572376,-2.759740230028312,1.0202047746665293,0.5637706958347186
65.53999999999999,7.0607404199078605,5.654140367773806,2.9612546954488588,7.0079786705585905,4.634579122064323,-2.758263912236967,1.0209255290896926,0.5636666994937602
65.57,7.060762844363026,5.654136217456713,2.9627634183675875,7.007015811501222,4.63404402588335,-2.757116341787739,1.0215071330394103,0.5633055470242603
65.6,7.060775028508539,5.654133982367505,2.9632899797257997,7.006067140304186,4.633611447427473,-2.7564198014388603,1.021987865560159,0.5634755260149262
65.64,7.060808943346798,5.65412776839911,2.9635909907266518,7.0049704464717175,4.6332090096765235,-2.756330309580856,1.022444643804707,0.5632640068720782
65.67,7.060828903743282,5.654124099838796,2.963517405048222,7.003745018803145,4.6328458336065115,-2.7567780344446975,1.0228723610491586,0.5628898676866667
65.7,7.060867332796039,5.654117062828766,2.963434358823135,7.002602134037447,4.6325798783705014,-2.7568496119336396,1.0231974651147724,0.5629013364228115
65.74,7.060892596042802,5.654112416969998,2.963139488159836,7.002602134037447,4.6325798783705014,-2.7568496119336396,1.023194265708291,0.5631962070861105
65.77,7.060919016136037,5.654107568136475,2.9627985421927923,7.001449958316304,4.6323533439425,-2.7567367350229466,1.0234833967857995,0.5636500299638474
65.8,7.060940782597944,5.654103578480684,2.9626310070847284,7.000128769329323,4.631964609485086,-2.7572101626574823,1.02394637208067,0.563344137437376
65.84,7.060950448998502,5.654101792891458,2.962286860747385,6.999004969728259,4.631715491767388,-2.7571466912765095,1.0242611928254322,0.5637517551556916
65.87,7.060965933230056,5.654098950620014,2.9619561882303316,6.997869329398564,4.631316598806827,-2.7569649287111755,1.0247267541133012,0.5642641902380792
65.89999999999999,7.060979707644533,5.6540964254246875,2.961813992889062,6.997869329398564,4.631316598806827,-2.7569649287111755,1.0247250819506712,0.5644063855793489
65.94,7.06098962016344,5.654094602730867,2.961553017274462,6.996745484281326,4.63102173252692,-2.756938850220498,1.0250879995115454,0.5646934396846266
65.97,7.060993564344011,5.654093876241838,2.961334956622008,6.995607627977514,4.6307149999332795,-2.7570300584266487,1.0254655748239876,0.5648202921309293
66.0,7.0609875038772,5.654094984941935,2.961223914934574,6.994530319855555,4.630363688550606,-2.7568736216899246,1.0258861167396496,0.5650877705550883
66.03999999999999,7.06101045284678,5.654090778779235,2.9610303966987077,6.993336246571976,4.629928532754036,-2.7569425909993823,1.026395686067661,0.5652123194814962
66.07,7.061049697130318,5.654083585035732,2.9609035904480363,6.992197322249347,4.629518770081002,-2.7563909486855143,1.0268757030770423,0.5658907680460352
66.1,7.061061572801088,5.654081406751568,2.960843005889312,6.992197322249347,4.629518770081002,-2.7563909486855143,1.0268743260328383,0.5659513526047597
66.14,7.06107659237173,5.654078651716942,2.9607577980606807,6.990956734770492,4.629095973355933,-2.7565218028049636,1.0273783555098508,0.5659057063139414
66.17,7.061076870043438,5.654078598844292,2.960660777150311,6.989893068204588,4.62871757596734,-2.755960320563614,1.0278289550696176,0.5665642094656613
66.2,7.061097206798133,5.654074872121434,2.9606469039653547,6.9887668601983535,4.628328051247488,-2.7559307476791157,1.0282938391200505,0.5666076555351154
66.24,7.061122507395602,5.65407023476888,2.960592076660723,6.987549309329157,4.62791091622653,-2.755886469711813,1.0287934498746691,0.5667067608070502
66.27,7.0611414500891865,5.654066762630306,2.960560534858952,6.986315796944088,4.627557254148828,-2.7559756555276023,1.0292330393897566,0.5666491167930321
66.3,7.061146634145542,5.654065812352598,2.960549258012204,6.986315796944088,4.627557254148828,-2.7559756555276023,1.029232468522954,0.56666039363978
66.34,7.061164021707151,5.654062626417063,2.960538055745153,6.983923412703579,4.626843815448419,-2.7559615208398345,1.030118729704046,0.5666857305945987
66.37,7.061173643436463,5.654060863492852,2.960529527580663,6.983923412703579,4.626843815448419,-2.7559615208398345,1.030117693247428,0.5666942587590889
66.39999999999999,7.0611828439730875,5.65405917826509,2.9605347336596752,6.982730399589755,4.62646426639722,-2.755940794449107,1.030585313754497,0.5667097790708038
66.44,7.061192653690485,5.654057381533073,2.9605359050132236,6.98154041414027,4.626090488027778,-2.7559254723250484,1.0310482110009653,0.5667239298413147
66.47,7.061203135782749,5.654055461931291,2.9605421002996737,6.980358346431935,4.625716372843361,-2.7559085428614685,1.0315120756013334,0.5667346640184441
66.5,7.0609901327158315,5.654094463338543,2.9605443021281452,6.980358346431935,4.625716372843361,-2.7559085428614685,1.0315342854068636,0.5667324621899725
66.53999999999999,7.059188695665706,5.654424301105235,2.960550564403696,6.978998781079154,4.625205327724043,-2.756148103018039,1.032338179846717,0.5664866397578514
66.57,7.057129275219284,5.654801384042306,2.9605397654046515,6.9770772838892094,4.624514849606311,-2.7564372404376094,1.0333918251834797,0.5662083013373254
66.6,7.055899609025136,5.655026557116743,2.960529313480878,6.974691862585588,4.623592553397436,-2.7570797448732303,1.034625923757099,0.5655762488254776
66.64,7.052219447797693,5.655700016599568,2.9606520147250004,6.97113937023705,4.6223186616924785,-2.7580426331849908,1.0365572843055286,0.5644906592695946
66.67,7.048248483411154,5.656426165938978,2.9607334292693865,6.967147001372777,4.620790112353582,-2.7578511456579577,1.038806760603123,0.5646007322522415
66.7,7.046050850624307,5.656827928321794,2.960761445263909,6.962567510050038,4.619061612099109,-2.7581182671742286,1.0411188189826572,0.5643055947414481
66.74,7.040296264934123,5.657879799956989,2.9608159613133385,6.962567510050038,4.619061612099109,-2.7581182671742286,1.041722125501883,0.5642510786920187
66.77,7.034319360232489,5.658971982172,2.9608834419195995,6.957412227340396,4.61726884183747,-2.7589823826496493,1.0445382423216985,0.5633194826103374
66.8,7.03113599480246,5.6595534676405395,2.960924788453398,6.951966390932692,4.615144160867775,-2.7593500327549743,1.047405664606824,0.562910485971214
66.84,7.023404936076415,5.66096516441017,2.9610117381310577,6.946148132683832,4.61286459409696,-2.7598088350232297,1.0509440609096736,0.5623647340252989
66.87,7.0154363061521074,5.6624194151071965,2.961105602258673,6.940112417722723,4.610408536960396,-2.760110610200381,1.054704022893307,0.5619690947205322
66.89999999999999,7.01125889387526,5.663181520949381,2.961136140839094,6.940112417722723,4.610408536960396,-2.760110610200381,1.055174287445442,0.5619385561401113
66.94,7.001513588877078,5.664959199825192,2.961175733813966,6.934005932412093,4.607786290586675,-2.760000713615057,1.0593261271719978,0.5620088597505628
66.97,6.991520743751469,5.666782098753325,2.9611852843994635,6.927879122336711,4.60532048531447,-2.759050642333208,1.0633677692973942,0.5629493804469146
67.0,6.986345516732218,5.667726224379786,2.961187402905293,6.921522512416311,4.602892540441782,-2.757389329085909,1.066804947653282,0.5646085751883838
67.03999999999999,6.974628660904125,5.669864241619467,2.961156516517729,6.914741001746208,4.6002307445892345,-2.756491639785489,1.0713087088643214,0.5655371508763682
67.07,6.962682461061796,5.672044364485824,2.9611375657439636,6.907605357912646,4.597439650726038,-2.755917404595385,1.0760152313634106,0.5661303368402377
67.1,6.956518170745584,5.673169436884578,2.9611209672489496,6.899856785775629,4.594314116493192,-2.7559518473676814,1.0803422211889684,0.5661124925629553
67.14,6.942835111547488,5.6756668662860585,2.9611053533957845,6.891505044086412,4.590970290060287,-2.7559856597140953,1.0859104190961006,0.5660942940697069
67.17,6.9358707626393805,5.676938008725791,2.9610990162338977,6.891505044086412,4.590970290060287,-2.7559856597140953,1.0868735910704053,0.5661006312315937
67.2,6.921787055647789,5.679508615001843,2.9610867322035768,6.882482680787978,4.587256566027306,-2.756094140137804,1.0929589984863084,0.5660044348382058
67.24,6.906139987429645,5.6823645889828525,2.961078493336708,6.872544936723475,4.583219934874605,-2.7560929607770714,1.0996579459480522,0.5660138530658063
67.27,6.890263854226325,5.685262375237888,2.961072726925024,6.861558351934071,4.57875771098355,-2.7560781109631556,1.1068769479388645,0.5660344692914068
67.3,6.882139731427115,5.686745223568987,2.9610705696988235,6.861558351934071,4.57875771098355,-2.7560781109631556,1.1081786504111601,0.5660366265176071
67.34,6.864525320023708,5.689960271512611,2.9610669932696387,6.8358205919687585,4.5683308727343,-2.7561810317102355,1.1219966442091092,0.5659372821997124
67.37,6.8466821361691,5.6932170752201845,2.9610643978524376,6.8358205919687585,4.5683308727343,-2.7561810317102355,1.1249386390757183,0.5659398776169127
67.39999999999999,6.83757454044514,5.694879426290389,2.961063360774544,6.820687287772729,4.562208711735987,-2.756299817519637,1.1327965955598571,0.5658221288854053
67.44,6.8179926940493125,5.698453575914597,2.9610616009365502,6.803779893828094,4.55537166217447,-2.7564507276941703,1.1431702695617652,0.5656729785488661
67.47,6.798224125966868,5.702062024354626,2.9610477226058407,6.785574106890524,4.548057180340367,-2.7565815338822506,1.1540741756884634,0.5655560506914945
67.5,6.788368272662927,5.70386125943151,2.9610387014805637,6.785574106890524,4.548057180340367,-2.7565815338822506,1.1558074565454617,0.5655650718167724
67.53999999999999,6.768668183250016,5.7074578123879185,2.9610242435467695,6.767046810433061,4.540668666914521,-2.756508377020271,1.1667902720045074,0.5656526866125455
67.57,6.748985146847335,5.711051640645865,2.961004075672718,6.748496526533676,4.533200658128297,-2.7564682623764023,1.177851083867316,0.5657129691304661
67.6,6.739146296421237,5.712848176710893,2.9609973467595365,6.729948171939528,4.525698809932919,-2.7564653099501952,1.187185000130698,0.5657226504698549
67.64,6.719469662180308,5.716441141422486,2.9609864048635073,6.711405169466069,4.518187057996285,-2.7564657911980546,1.198281220953705,0.5657331111180248
67.67,6.699792646051099,5.7200342562472315,2.960978903907579,6.692861635062563,4.510672112886924,-2.756465506384102,1.2093820044577972,0.5657408968879052
67.7,6.689953507678926,5.721830947996121,2.9609761247240938,6.674316586126801,4.503155545799158,-2.7564640011043604,1.2187757173637637,0.565745181351132
67.74,6.670273863351629,5.7254246079100355,2.9609720806999915,6.674316586126801,4.503155545799158,-2.7564640011043604,1.2222757478575939,0.5657492253752343
67.77,6.660433377001955,5.727221569334681,2.960970655931132,6.655769767398367,4.495637901594824,-2.756461359977774,1.231592497499921,0.5657532912706795
67.8,6.640751194690644,5.73081572917507,2.960968613849407,6.637221181988399,4.4881193895954885,-2.756457896639965,1.2427013532599736,0.565758796690214
67.84,6.621067660892191,5.7344101580580435,2.960967121859362,6.618670986217837,4.480600138416481,-2.7564541135623206,1.253812310277368,0.5657640717579042
67.87,6.601384663490239,5.738004536896695,2.960963486564376,6.600110271847184,4.473081806925911,-2.756557624713087,1.2649233719363409,0.5656641959021229
67.89999999999999,6.591564622741421,5.7397977075693225,2.9609821873491953,6.600110271847184,4.473081806925911,-2.756557624713087,1.266744726083945,0.5656454951173036
67.94,6.571910554389799,5.7433861544226605,2.9609865052964626,6.581210999665293,4.465465548940824,-2.757065852817169,1.2779544484047094,0.5651329490659549
67.97,6.552267733651434,5.7469726106890064,2.960988199067134,6.562184701409488,4.457756769209715,-2.756808913407697,1.2892539828019423,0.5653881947047559
68.0,6.542452283703641,5.7487648251333,2.9609890620944315,6.542930758614032,4.449983803724388,-2.756435105306209,1.298781109544721,0.5657611397789459
68.03999999999999,6.5227971135726905,5.752353638295052,2.960992826066673,6.523489883220171,4.442151145504518,-2.756748049527898,1.3102026759415177,0.5654444315850151
68.07,6.512987104339628,5.754144352582307,2.9610308756027948,6.50408955946672,4.4343581150134685,-2.7569984946367287,1.3198162293216715,0.5651559369400623
68.1,6.493313687926713,5.757734313129845,2.961089792150548,6.50408955946672,4.4343581150134685,-2.7569984946367287,1.3234200697996088,0.5650970203923098
68.14,6.473572624570486,5.761335257569769,2.9611503678601814,6.485133342007846,4.42657724673169,-2.75710114630403,1.334808075224334,0.564933793015375
68.17,6.453829655286878,5.764935769661795,2.961185880647186,6.466686040105757,4.419135596511887,-2.7566154649372923,1.3458615800597529,0.5653839615951082
68.2,6.443987438915255,5.766730655088949,2.961194863932069,6.448459679269152,4.41188173616008,-2.75613099068986,1.3548563001501337,0.5658594525576568
68.24,6.424286913440245,5.770324321894423,2.9611526172028064,6.430504360110389,4.404718849305827,-2.755655673503104,1.365619626179639,0.5663770164736759
68.27,6.404622474773897,5.773913143889525,2.9610838039061074,6.412453042435799,4.397466312692037,-2.7553121616497656,1.3764691049578672,0.5667893416237133
68.3,6.3947882334441015,5.7757086445881125,2.9610588989922997,6.412453042435799,4.397466312692037,-2.7553121616497656,1.3783555313876912,0.566814246537521
68.34,6.375117676864232,5.779301185226959,2.9609789327507476,6.376068210559964,4.382762293971679,-2.7551418503764658,1.3965392147386466,0.5670645240523733
68.37,6.355425966199284,5.782898586922597,2.9609234223507395,6.376068210559964,4.382762293971679,-2.7551418503764658,1.4002884492455783,0.5671200344523815
68.39999999999999,6.345585652826453,5.784696586003564,2.9609040254630328,6.357761490651162,4.375315142698701,-2.7551738902819576,1.4094340366823954,0.5671073914345959
68.44,6.3259270681179585,5.788288755249738,2.9608702997701455,6.339323879213267,4.367838532349759,-2.7553256350524835,1.420513396728142,0.5669893723569572
68.47,6.306263020781534,5.791882566262425,2.960827060366783,6.320794283845686,4.360344382209885,-2.7554398579022017,1.4316119341520885,0.5669183889106018
68.5,6.296430475452556,5.793679862400859,2.9608061237112393,6.320794283845686,4.360344382209885,-2.7554398579022017,1.4335425330047618,0.5669393255661452
68.53999999999999,6.276764103145994,5.7972751161104,2.9607742945338957,6.30226810221929,4.352822332717391,-2.755479678934092,1.4446779216906938,0.5669313337115991
68.57,6.2570957621527175,5.800871123485914,2.9607500714108097,6.283743177925852,4.345290756957378,-2.7554968310709222,1.4558242641853216,0.5669384046978543
68.6,6.247261064501142,5.802669334977563,2.960739868339883,6.265215991189875,4.33775886939858,-2.7555118274755284,1.4650204952679777,0.566933611364175
68.64,6.227590313698849,5.8062661923243875,2.960723388076123,6.246686876543014,4.33022675450667,-2.7555240641411762,1.4761629654972732,0.566937854962287
68.67,6.207917768826526,5.809863586633105,2.9607110171527866,6.228155983402659,4.322694333874009,-2.755533514589845,1.4873069527442133,0.5669407754369544
68.7,6.198080879205148,5.811662461404284,2.960706104212057,6.2096233848275455,4.31516154151691,-2.755540407538937,1.4965454328752597,0.5669387954285927
68.74,6.178405924535054,5.815260532452639,2.960698370957254,6.2096233848275455,4.31516154151691,-2.755540407538937,1.5004237776153455,0.5669465286833955
68.77,6.158729476505282,5.8188589930935155,2.960692906644856,6.19108913214383,4.307628357082138,-2.7555450612837866,1.5115770514705484,0.5669473392509436
68.8,6.148890724776403,5.820658355582851,2.960690847908028,6.172553285602499,4.300094737424948,-2.7555478397623707,1.5207477218954828,0.5669466195091877
68.84,6.129214318551797,5.824256958388723,2.9606868157964668,6.154018454774161,4.29254673365914,-2.7555609691846943,1.5319110475856248,0.5669375221984252
68.87,6.109551429479744,5.827853129618684,2.960693354571567,6.135296995092894,4.284953560978579,-2.7559901069290844,1.543114355146294,0.5665018456789355
68.89999999999999,6.099716613895119,5.8296516895626205,2.9606994318117854,6.135296995092894,4.284953560978579,-2.7559901069290844,1.5451078512444427,0.5664957684387169
68.94,6.080057083563226,5.833246262404772,2.960736939813688,6.116415515815297,4.277389027628072,-2.7561467828120314,1.5562820022742752,0.5663015845538668
68.97,6.060404117871258,5.836838620451195,2.9607795803271406,6.0973969832327555,4.26977090447933,-2.7562547484255946,1.5675042897960219,0.566150978426851
69.0,6.0505766227014846,5.8386349264144055,2.960777576055354,6.078255931000465,4.262016512174544,-2.755846524745468,1.576861366204438,0.5665612063787648
69.03999999999999,6.030929981098034,5.842226124338264,2.9607856506157306,6.058840234771716,4.254205243378654,-2.756025349846541,1.5882661302892114,0.5663743067173144
69.07,6.011299799869718,5.845813191311273,2.9608469139164955,6.039411372252693,4.246378068636789,-2.7560608574702887,1.599682147223812,0.5662775357928016
69.1,6.001457019706795,5.84761137135272,2.9608710750696927,6.039411372252693,4.246378068636789,-2.7560608574702887,1.6016830593484304,0.5662533746396043
69.14,5.981759195334604,5.851208366085631,2.9609722389982993,6.020134547295028,4.238504374169808,-2.756497797261791,1.6131605106682092,0.5657152709194957
69.17,5.962004162201654,5.854814008609402,2.9610331083265313,6.001463008055428,4.230799653647367,-2.7566354895653626,1.624493652077123,0.5655167092876923
69.2,5.952123524987806,5.856617353683403,2.9610390324611338,5.983187868988602,4.223365665890427,-2.7560565508806514,1.6335470820110474,0.5660897238378011
69.24,5.93241702101348,5.860214877647316,2.9610253407371134,5.965066834887224,4.2161812809741654,-2.755665643743504,1.6443577704794188,0.5664943226989685
69.27,5.912681646596887,5.863818921991741,2.9609687485327543,5.947418749699644,4.208994341032151,-2.7548547051087446,1.6551891312113112,0.5673618535380873
69.3,5.90284741116877,5.865615298313017,2.960963159925476,5.947418749699644,4.208994341032151,-2.7548547051087446,1.6572204440932436,0.5673674421453656
69.34,5.883207640600564,5.869203571206533,2.9609189288531814,5.91122638732109,4.194187893674036,-2.754596823948223,1.6752500022824768,0.567669554378182
69.37,5.863534722193629,5.872798995407056,2.960851897843569,5.91122638732109,4.194187893674036,-2.754596823948223,1.6792884581822063,0.5677365853877943
69.39999999999999,5.853707555442253,5.874595378533825,2.960835115245488,5.892945803552018,4.1867837680302875,-2.754627427132696,1.6882676543324724,0.5677227648014025
69.44,5.834029328382828,5.878192752994809,2.9608054095990752,5.87463087846206,4.179311585250275,-2.7547511875612694,1.69936626657877,0.5676287100192416
69.47,5.814357217024131,5.881789373351626,2.9607661543389723,5.856185976830995,4.171804651060027,-2.7547402345464476,1.710496242503227,0.5676789182941668
69.5,5.804520104883705,5.8835880980028,2.960752624107971,5.856185976830995,4.171804651060027,-2.7547402345464476,1.7125629715579382,0.5676924485251682
69.53999999999999,5.784846670401731,5.887185593288551,2.960737191368902,5.83768057644181,4.164251739791394,-2.7547577149303053,1.7237437411500636,0.5676904008803785
69.57,5.765165204926928,5.890784842396954,2.9607148712160747,5.819245115730738,4.156719416412327,-2.75462886759575,1.7349085100799395,0.5678415683677613
69.6,5.755331966946812,5.892583169781861,2.960707189172928,5.800718226500056,4.149208197094949,-2.754653027549897,1.7439656556100307,0.5678250904567612
69.64,5.735663723407113,5.896180284901679,2.9606949057992074,5.782190889201792,4.141676664926538,-2.7546652275273336,1.755120431669223,0.5678251738530449
69.67,5.715991784150527,5.899778224773512,2.9606859345713543,5.76366343109268,4.13413415821918,-2.7546715559041313,1.7662875065177512,0.5678278167041011
69.7,5.706154114414431,5.9015775572046385,2.960681789577982,5.745134287522065,4.1265870867744034,-2.7546742881275548,1.7754184363168162,0.5678292294740501
69.74,5.686477641052418,5.905176489947194,2.960676443689649,5.745134287522065,4.1265870867744034,-2.7546742881275548,1.779556368102345,0.567834575362383
69.77,5.666798860407201,5.908775906673909,2.9606730011383755,5.726602946566752,4.119037752768589,-2.7546745126312335,1.790737051681737,0.5678377934099768
69.8,5.6569586027828995,5.910575791087031,2.9606718374622343,5.708069296973153,4.111486986851229,-2.7546729059861867,1.7998146650661608,0.5678405637311652
69.84,5.637276505616016,5.914175876708418,2.960670288464402,5.6895333854670636,4.103935125020437,-2.7546700124710397,1.8109948538203071,0.5678450062441449
69.87,5.61759255458376,5.917776334387325,2.9606693090169953,5.670995388652681,4.096382313614855,-2.754666414989534,1.8221767317119095,0.5678495831730572
69.89999999999999,5.60775001118826,5.919576680545466,2.960668842399545,5.670995388652681,4.096382313614855,-2.754666414989534,1.8242910067689664,0.5678500497905077
69.94,5.588085186810244,5.923173670515345,2.9606785920753165,5.652446351699251,4.088830009212219,-2.7547798766519715,1.8354724261913677,0.5677268384522982
69.97,5.568426885330635,5.926769197109259,2.960673556284262,5.633628863988154,4.081200356496112,-2.7549859268788675,1.8467202396310634,0.5675258240164567
70.0,5.558592302634647,5.928568098672816,2.9606722203745184,5.61483577169119,4.073555227373866,-2.754508224580357,1.8558653185229492,0.5680048622247114
70.03999999999999,5.538948018189125,5.932160796166292,2.9607067454682037,5.595694883267631,4.065790348037064,-2.75468462784116,1.867232941104653,0.567793933870222
70.07,5.519314802600324,5.935750991556333,2.960729797283075,5.57633605602952,4.057988199475826,-2.755002357047579,1.8786283631055443,0.5674531528489322
70.1,5.509492532850127,5.937546761099085,2.960743941487878,5.556963911724538,4.050277582644352,-2.7551826027452972,1.8878661191295962,0.5672587629464108
70.14,5.4898370391455265,5.9411396453372145,2.9607959370733594,5.556963911724538,4.050277582644352,-2.7551826027452972,1.8920532120300808,0.5672067673609291
70.17,5.470150819795063,5.944736314705072,2.960873081226972,5.537744863470674,4.042499922107775,-2.7554500350397624,1.9034369566817797,0.5668621909128522
70.2,5.460286361663865,5.946538011093508,2.960900796643771,5.519149522777242,4.034855125765375,-2.755513150162091,1.9125889066374804,0.5667713603737248
70.24,5.4405567090825,5.950141476628078,2.960916133853215,5.500898180210629,4.02756618496264,-2.754885687105584,1.9235219898042106,0.5673834862207876
70.27,5.4208587462987765,5.953739708600193,2.9609281507016574,5.482982035586238,4.020455559422815,-2.753729842007861,1.9342820126683682,0.5685273144700673
70.3,5.410982050104172,5.955544616146584,2.9608698807041973,5.482982035586238,4.020455559422815,-2.753729842007861,1.936428066146921,0.5685855844675274
70.34,5.391293353106049,5.959143455142964,2.9608199067986396,5.447104593595254,4.0057435468630205,-2.752999873374156,1.954197046419075,0.5693655270067906
70.37,5.371631161803401,5.962738412387962,2.96078838249817,5.447104593595254,4.0057435468630205,-2.752999873374156,1.9584496783418825,0.5693970513072601
70.39999999999999,5.361794291372358,5.964537004054786,2.960780920665502,5.429009417509289,3.9982612018449566,-2.7531152753121075,1.9674243069397894,0.5692891112019769
70.44,5.342131647101135,5.968132317037615,2.960741297128882,5.410763997037655,3.990851813548999,-2.752889708307814,1.9784712757414504,0.5695543017428903
70.47,5.322462400952903,5.971729670898615,2.9607126412735782,5.392351097133007,3.983350527099748,-2.7529629879572566,1.9896070087703424,0.5695096779487514
70.5,5.312626240745406,5.973528753447038,2.960703314516553,5.392351097133007,3.983350527099748,-2.7529629879572566,1.9917744413845833,0.5695190047057768
70.53999999999999,5.2929587899083606,5.977126726968269,2.960653401820294,5.373981537179779,3.975889183983461,-2.7529735163809432,2.002877027934386,0.5695583889783489
70.57,5.273291154185541,5.980725584335699,2.960617487421519,5.355467459603629,3.968355322438112,-2.753081367618254,2.014047421522623,0.5694864521398131
70.6,5.263456830077874,5.982525306939591,2.9606022033308568,5.336961458882801,3.960783574565204,-2.7531087386770636,2.023077497991596,0.5694743651716658
70.64,5.2437876643922845,5.986125143388363,2.960576128494184,5.318453357625467,3.953208093097559,-2.753133600726215,2.0342877621194733,0.5694755779591869
70.67,5.224117784246979,5.989725443966739,2.960554611035298,5.299944559836147,3.945632684230993,-2.753157218652984,2.045498694768674,0.5694734774913037
70.7,5.214282645730771,5.991525743083198,2.960545323026694,5.281429198074613,3.93805791952881,-2.7531801742228867,2.054565346214342,0.5694598099300059
70.74,5.1946101501172555,5.995126954538213,2.960529287781802,5.281429198074613,3.93805791952881,-2.7531801742228867,2.0589003283021587,0.5694758451748978
70.77,5.174937079480686,5.9987284777988545,2.9605168645554807,5.262875227562295,3.9304554326243997,-2.753216715782598,2.0701416635784216,0.5694517268415069
70.8,5.165099176367262,6.000529549115484,2.9605119904593034,5.244345033566486,3.9228816094116246,-2.7531813820078805,2.0791586921730945,0.5694919347124028
70.84,5.145429838621399,6.004130313836922,2.960521680559081,5.225689525100518,3.9153136267045126,-2.753186452931531,2.090358048210052,0.5694771736889743
70.87,5.125758652252754,6.007730997689475,2.9605390399316542,5.206972002015928,3.90774477260646,-2.7531900399905096,2.1015560315438098,0.5694562272574224
70.89999999999999,5.115917970377052,6.009532102073898,2.9605432366680944,5.206972002015928,3.90774477260646,-2.7531900399905096,2.103758734975938,0.5694520305209823
70.94,5.096254967728526,6.013131002876637,2.9605582083637065,5.188254315513762,3.9000987527977675,-2.752975587891574,2.1150340824360914,0.5696515109243059
70.97,5.076565714647377,6.0167344244083765,2.960562693608151,5.169405914915654,3.8924396429201185,-2.7531093971831115,2.1263225581844583,0.5695132163883239
71.0,5.066738198147246,6.018533069447871,2.9605600196345963,5.150508023206203,3.884741116547273,-2.752826721657661,2.1354356655853053,0.5697985658873286
71.03999999999999,5.047082329138966,6.0221305990096194,2.960563481073705,5.131452140816582,3.877023213936403,-2.7531394352989276,2.1467659300953534,0.5694823908069537
71.07,5.027436045008251,6.025725655060798,2.9605932351433673,5.112396168606438,3.8693232941431828,-2.752819937615618,2.1580753844045586,0.5697721344206013
71.1,5.0176265816599495,6.027520633598427,2.960596150923264,5.112396168606438,3.8693232941431828,-2.752819937615618,2.160277072655659,0.5697692186407046
71.14,4.997973209890876,6.031117019950576,2.9605940039327576,5.093137486316969,3.8614113746587355,-2.752732121418048,2.1717916167807134,0.5698591818287806
71.17,4.9782950961032215,6.034717866785799,2.9606097706299117,5.073862795792442,3.853495642313165,-2.752672794347584,2.183314814166119,0.5699027422020908
71.2,4.9684429193584405,6.0365204253171685,2.960628688948372,5.054740228770889,3.8455801326698063,-2.752993980785591,2.1926391840787525,0.5695626374456229
71.24,4.948738707170407,6.040124351318895,2.960681766617242,5.036034421770466,3.8378116631418715,-2.7534097083206466,2.2040421316964527,0.5690938322416983
71.27,4.928997704485372,6.043734856284113,2.960674548883209,5.017759741655087,3.8303426501581352,-2.752979961436399,2.2151712704397686,0.5695307968599783
71.3,4.919140723532242,6.045538046054734,2.9606602806390745,5.017759741655087,3.8303426501581352,-2.752979961436399,2.217389535633512,0.569545065104113
71.34,4.899445467880884,6.049141268743188,2.960630449699633,4.98185079613773,3.815698129698133,-2.7524275090254218,2.2349628393941026,0.5701273484545313
71.37,4.8797725048345395,6.052741911430303,2.9605893940617456,4.98185079613773,3.815698129698133,-2.7524275090254218,2.239371532136181,0.5701684040924189
71.39999999999999,4.869926699743141,6.0545442835498395,2.960567432979615,4.96394961183445,3.808379246649283,-2.7522624800470354,2.2481320426061737,0.5703553941529353
71.44,4.850257681773106,6.0581451965703685,2.9605426246092685,4.945763843536887,3.8009899998858696,-2.7520558922147895,2.2591748513239716,0.5705867903555282
71.47,4.830575538876224,6.061749903452567,2.960472278856341,4.927415642253392,3.793525235873473,-2.752060605893039,2.2702909831641387,0.5706524224302063
71.5,4.820952941818658,6.063512607117054,2.960444436574563,4.927415642253392,3.793525235873473,-2.752060605893039,2.2724825570703944,0.5706802647119842
71.53999999999999,4.803055900063868,6.066791169582054,2.960420789089908,4.910218346014946,3.7864972226939164,-2.751969683024144,2.2828106084467237,0.5707948350655343
71.57,4.7854850892595096,6.070010366057354,2.9603876221353405,4.8936373346161925,3.7796958376269525,-2.7520075021251924,2.292866665838872,0.5707901829190529
71.6,4.776861829590706,6.071590269263366,2.960394279633996,4.877578720514756,3.7730720969627543,-2.7519674767147095,2.3007237297236607,0.5708235508308803
71.64,4.76098849702953,6.0744986119125635,2.960372960783535,4.862780187291633,3.7670009389378283,-2.751987040705284,2.3097417732270924,0.5708253056907671
71.67,4.745395429779787,6.077355860629863,2.960350789885582,4.848043479448027,3.760940158163648,-2.7521022881517396,2.3186889245288476,0.5707322291422647
71.7,4.737762969203184,6.078754557717893,2.96034295393994,4.834442217833985,3.7554612377508385,-2.751545359819671,2.325304007591127,0.571296993419975
71.74,4.723817903761737,6.081309922332332,2.9603491382325426,4.834442217833985,3.7554612377508385,-2.751545359819671,2.328478009866836,0.5712908091273725
71.77,4.71018008959785,6.083808941052155,2.9603395723645045,4.8215275196537135,3.7501681583288193,-2.7515772942331,2.336295690397435,0.5712684405819815
71.8,4.7035320244480525,6.085027228018488,2.9603368575058324,4.809027866468207,3.7450513968542136,-2.7513833192596566,2.3423527196211245,0.5714651304140972
71.84,4.691554981200606,6.087221932028648,2.960346373607174,4.797754883985033,3.740506776356543,-2.7509523160528437,2.3491169492412616,0.5718866175195689
71.87,4.67987967746862,6.089361329656504,2.9603409967289016,4.7867112125638505,3.7359633202667775,-2.751056061729244,2.3558215483118268,0.5717882487214405
71.89999999999999,4.674214762858645,6.090399455350644,2.9603379755645305,4.7867112125638505,3.7359633202667775,-2.751056061729244,2.357122178713893,0.5717912698858116
71.94,4.664213084229888,6.092232028019478,2.960362032260865,4.776695410849744,3.7319400864157664,-2.7503628201787187,2.3629706564833253,0.5724604547400025
71.97,4.659354997131892,6.093122095611009,2.96036680148804,4.767420907277451,3.728148801797872,-2.7503752960075443,2.367441006949264,0.5724432096840015
72.0,4.649809389031658,6.09487107763278,2.9603631449080448,4.758546706874716,3.724521644213953,-2.7502302461895463,2.3728422283836434,0.5725919160819952
72.03999999999999,4.64181369383852,6.096336188271056,2.9603591761226804,4.750688099362165,3.7214097379250064,-2.7495909054626866,2.377420720177944,0.5732352255942192
72.07,4.634047020372415,6.097759553482218,2.9603319931448366,4.743258755689182,3.718326005647547,-2.749554754509037,2.3819385407041866,0.5732985595257123
72.1,4.63036329108465,6.098434757762865,2.9603202736798844,4.743258755689182,3.718326005647547,-2.749554754509037,2.3827847275455265,0.5733102789906646
72.14,4.624354168963575,6.099536300076762,2.960296050456045,4.736807841104084,3.715675494383003,-2.749422819596309,2.386511715726697,0.573466437127232
72.17,4.6185661504688404,6.100597577220749,2.9602538745050113,4.731119581995493,3.713321607144556,-2.749323017126306,2.3899277880830736,0.5736084155482688
72.2,4.615865060951694,6.101092926087796,2.960237285679116,4.725832984610915,3.711128724475091,-2.7493163913708045,2.3924928065146145,0.5736316301296656
72.24,4.611830250356775,6.1018329127553255,2.960217667115262,4.721694307365875,3.709425519473021,-2.7492680095705273,2.3949286516417,0.5736996304937971
72.27,4.609938182121955,6.102179923173567,2.960212570380274,4.717861133176161,3.7077974198856833,-2.749256444527617,2.396813496168486,0.5737162922716958
72.3,4.606295835848026,6.10284797355583,2.960184959669709,4.717861133176161,3.7077974198856833,-2.749256444527617,2.3976475909114736,0.57374390298226
72.34,4.604223890912881,6.103228050417927,2.960164872047897,4.712330394547381,3.7055538787064135,-2.7486605129289066,2.400110091187604,0.5743599222027829
72.37,4.602363739418564,6.1035693167329255,2.9601415449126103,4.712330394547381,3.7055538787064135,-2.7486605129289066,2.4005355040602305,0.5743832493380694
72.39999999999999,4.6016119213049285,6.10370725114641,2.960149983968148,4.710575921243455,3.704824849826851,-2.7486216846300966,2.4013558521475526,0.5744136385813414
72.44,4.601451896047747,6.103736620460909,2.960128588023575,4.70984891759235,3.7045312771782135,-2.7481050694824787,2.4016528045319077,0.5749516496735332
72.47,4.601564075017239,6.103716039099499,2.960143568071109,4.709497218810523,3.7044991767854,-2.7482908869692833,2.401643419815151,0.5747508521391946
72.5,4.60160132816593,6.103709205118338,2.9601638379702377,4.709497218810523,3.7044991767854,-2.7482908869692833,2.4016349188149575,0.5747305822400648
72.53999999999999,4.601635115470426,6.103703008313277,2.960207776145988,4.70922327685121,3.7045423140797586,-2.7484233095943913,2.4015718288704906,0.5745542214392074
72.57,4.601642996971802,6.103701562762565,2.960212856772121,4.709015484313207,3.7044509296537544,-2.7481810651977034,2.4016520254838976,0.5747913852097621
72.6,4.601635728394518,6.10370289532437,2.960211031822314,4.708842684223444,3.704357586781484,-2.7479880164400696,2.4017392116974032,0.5749862589172032
72.64,4.601628555229703,6.103704210100604,2.9601944443550066,4.708726647990361,3.7043008258079495,-2.747839847938838,2.401792372797452,0.5751510148857415
72.67,4.601622087165858,6.103705396907568,2.9601986664924747,4.708508731691142,3.7043066708303654,-2.748132895589253,2.401778299818444,0.5748537450978581
72.7,4.601624956281037,6.103704870299671,2.9601921121895733,4.708250164808928,3.704207051406921,-2.7479470982003233,2.40186567442159,0.5750460967896895
72.74,4.6016231597675405,6.103705198759464,2.960167457626045,4.708250164808928,3.704207051406921,-2.7479470982003233,2.4018660823102485,0.5750707513532181
72.77,4.601613503135392,6.103706969540356,2.9601422640282733,4.708083505625003,3.7041190696137214,-2.7476996322033864,2.4019487819069862,0.5753434109479265
72.8,4.601606876342135,6.103708185062386,2.9601287082373924,4.70794835012431,3.704067602956391,-2.7476967607578637,2.4019957186340206,0.5753598381843297
72.84,4.6016257415051856,6.103704722466276,2.9601060067630485,4.707633151553386,3.70401570398115,-2.74779466868011,2.4020293412910747,0.5752846317364284
72.87,4.601618733412188,6.103706008226576,2.960100261773266,4.70744882586487,3.703992052590141,-2.7476437616421823,2.4020464353015343,0.5754412837641381
72.89999999999999,4.601621324359225,6.103705532490141,2.9600950437868754,4.70744882586487,3.703992052590141,-2.7476437616421823,2.402045845875697,0.5754465017505286
72.94,4.601623267282905,6.103705175356939,2.9600783369054726,4.707225208682383,3.70391608484079,-2.74755198450426,2.4021114564040666,0.5755549857698536
72.97,4.601620694969006,6.103705646230127,2.960046453627088,4.7071437280332615,3.703842998314061,-2.7474348397543005,2.4021814751116937,0.5757040137981981
73.0,4.60161847384865,6.10370605371441,2.960035771830812,4.70690444221678,3.7037919789199543,-2.7474862482807785,2.4022224504678458,0.5756632870679956
73.03999999999999,4.601622307518179,6.103705350202959,2.960043161979235,4.7066375207947235,3.7038095690950237,-2.74756387227646,2.40219232269175,0.5755782729238916
73.07,4.601620112338515,6.103705753531038,2.960064272622585,4.706431797421999,3.7037692226980745,-2.747426266799596,2.4022241446952033,0.5756947677574047
73.1,4.601630958124378,6.103703762946432,2.960066516777432,4.706431797421999,3.7037692226980745,-2.747426266799596,2.402221682816675,0.5756925236025587
73.14,4.6016372257903315,6.103702612143108,2.9600557651015853,4.7061343563847124,3.703674402539529,-2.747262293851707,2.4023020328833384,0.5758672482262934
73.17,4.601623486160984,6.103705133893834,2.9600426111035603,4.7059668340919885,3.7036031077240974,-2.747094814028585,2.4023690953476584,0.5760478820474404
73.2,4.6016358241019715,6.103702879622728,2.9603140801485237,4.705606866806841,3.7034360219035687,-2.7462752414642493,2.4025176307336733,0.5765959855668132
73.24,4.601838096573925,6.103666626102017,2.964673233360971,4.704131792404416,3.702201970414868,-2.7404694441054733,2.4036423387686567,0.578042629713142
73.27,4.6022150334567975,6.103603480488992,2.9761127506499276,4.701280782174915,3.698414746419912,-2.7275601771972187,2.4072280467504332,0.5795123793324404
73.3,4.602442796150133,6.103568671055996,2.9849959720504016,4.701280782174915,3.698414746419912,-2.7275601771972187,2.4071839042071113,0.5706291579319664
73.34,4.60287420336268,6.103511856958463,3.0091131943960487,4.691232229111861,3.6819831379875816,-2.6849270533871294,2.4231402100404864,0.589145059396408
73.37,4.603132679165239,6.1034871577565,3.038233994360019,4.691232229111861,3.6819831379875816,-2.6849270533871294,2.423106115806286,0.5600242594324376
73.39999999999999,4.603231251801225,6.103480668050151,3.0539010161364972,4.68613049726116,3.6726071423249054,-2.6619540222443234,2.432286657236296,0.5673302687987656
73.44,4.60343230458326,6.1034720982685995,3.0865474725814046,4.681310025603669,3.663573657672713,-2.640143747289751,2.441140991391847,0.5564940873084305
73.47,4.60366838161375,6.103469040537478,3.1201701850250894,4.677142089373443,3.6550686295403767,-2.617980666068305,2.4495025940591963,0.5450344560861922
73.5,4.60379640717714,6.103470205193107,3.1371503370270117,4.677142089373443,3.6550686295403767,-2.617980666068305,2.4494999213626465,0.5280543040842698
73.53999999999999,4.604040586010133,6.10347815233488,-3.111964325839576,4.6736187718666145,3.64805182133604,-2.59617791866484,2.4564119342873876,0.515786407174736
73.57,4.604116341836876,6.103484164198509,-3.0779526340177186,4.671251253202585,3.6450055926409535,-2.5720648577214056,2.459395044138245,0.505887776296313
73.6,4.603855024982227,6.103464145943363,-3.061228084081557,4.670529190886164,3.6466598738288267,-2.541271214130494,2.457708826504723,0.5199568699510633
73.64,4.603022132064295,6.103379176147123,-3.028047354824724,4.6701880871848855,3.652803601233459,-2.508669947812147,2.451495852309503,0.5193774070125774
73.67,4.602530222691172,6.103314092842229,-2.9949894620176876,4.669474947143902,3.6626248802423746,-2.4711196453637556,2.4416071405189963,0.523869816653932
73.7,4.6024918432935795,6.103307135158564,-2.978416724585694,4.668140883838705,3.6737882828961452,-2.435290333235772,2.4304056554458144,0.5431263913499218
73.74,4.602503578170344,6.103307739224741,-2.945308470728232,4.668140883838705,3.6737882828961452,-2.435290333235772,2.430405942342677,0.5100181374924602
73.77,4.602513657908337,6.103309044846286,-2.9122999504057354,4.6669887574382365,3.68433922179505,-2.4026939399769853,2.419828928517865,0.5096060104287501
73.8,4.60251098718616,6.103308446502811,-2.8958475631296063,4.6656281710022816,3.6949252067618596,-2.3701419855032273,2.4092101627624762,0.525705577626379
73.84,4.60250014237519,6.1033058832571285,-2.863033946928753,4.664007437102868,3.7053169489413946,-2.337597361791102,2.3987776212907743,0.5254365851376508
73.87,4.602475308054125,6.103298833905105,-2.8303600883072324,4.662249758009421,3.7156716602244906,-2.305236293151549,2.3883752857048104,0.5251237951556833
73.89999999999999,4.602468417199048,6.103296864513933,-2.814060328667341,4.662249758009421,3.7156716602244906,-2.305236293151549,2.3883734893996973,0.5088240355157918
73.94,4.602452795073496,6.103291941454142,-2.78154982263358,4.66025476139856,3.7258933904328173,-2.2731245817654453,2.3781011201606495,0.5084252408681347
73.97,4.602424534551183,6.1032812997281045,-2.74914020644493,4.658066257985319,3.7357826948849384,-2.241239539428423,2.368152369532218,0.5079006670165072
74.0,4.602410553210104,6.103275741847456,-2.732978677323005,4.655712830680248,3.7454195470462985,-2.2092953115927587,2.3584586000491297,0.5236833657302462
74.03999999999999,4.602388610927456,6.103266510756339,-2.7007142969227598,4.653283407136638,3.754338382273551,-2.1772352038498406,2.349479438739319,0.5234790930729192
74.07,4.6023647402818,6.103255401100794,-2.668506259746004,4.651158100689512,3.761923495812189,-2.1448639431935104,2.3418402769493585,0.5236423165524937
74.1,4.60236118281693,6.10325384169691,-2.652409981221042,4.651158100689512,3.761923495812189,-2.1448639431935104,2.3418387920082226,0.5075460380275318
74.14,4.602370063212313,6.103259310962347,-2.6202307188177993,4.649348613013599,3.767558852863079,-2.112475703034499,2.3361728562130333,0.5077550157833004
74.17,4.602373535285586,6.103261890879044,-2.588092436408049,4.647983897623217,3.7712664564044616,-2.0800850550802163,2.3324414272523257,0.5080073813278325
74.2,4.602372939129556,6.1032618413711806,-2.572037682791584,4.646549379437415,3.773104540396643,-2.0471203164869327,2.3305760243260067,0.5249173663046514
74.24,4.602372398194482,6.103262128952091,-2.5399342518219292,4.643784962088938,3.7741550790220977,-2.013204656056749,2.3294751877798374,0.5267295957651803
74.27,4.602372328305428,6.1032624006119836,-2.5238891290195067,4.639791193906987,3.774223434933728,-1.9781425242752795,2.3293395362528293,0.5457466047442272
74.3,4.6023755591116275,6.103265425809649,-2.4918137020245212,4.639791193906987,3.774223434933728,-1.9781425242752795,2.3293425091622777,0.5136711777492418
74.34,4.60243711295249,6.103314733820498,-2.459837914043099,4.628782086013327,3.77092080517175,-1.9051537965011833,2.3325427104349274,0.5546841175419155
74.37,4.602527482006186,6.103390342779635,-2.427938731688575,4.628782086013327,3.77092080517175,-1.9051537965011833,2.332617295678893,0.5227849351873919
74.39999999999999,4.602565885315453,6.103424469468633,-2.4120001043321997,4.6219428775483555,3.7686181099448253,-1.8690295095348473,2.334886764770577,0.5429705947973524
74.44,4.602629465497179,6.103483500134801,-2.380131382484333,4.614450965437736,3.765982057646645,-1.8336934846041302,2.3375313348691296,0.5464378978802029
74.47,4.602697829266046,6.103551310464652,-2.34829358007538,4.606365957159733,3.763308230901608,-1.7988576949081216,2.340245954297318,0.5494358851672585
74.5,4.602722732562261,6.103577333251092,-2.3323674694707504,4.606365957159733,3.763308230901608,-1.7988576949081216,2.340271938151019,0.5335097745626287
74.53999999999999,4.602825558116228,6.103688697905205,-2.3006151412410665,4.597948604921744,3.7596771092399597,-1.765730585164054,2.3440166621569536,0.5348845560770126
74.57,4.602947760892047,6.103829223671469,-2.268925523491286,4.589998151310796,3.7547645265656002,-1.735296377582782,2.3491003902722833,0.5336291459085041
74.6,4.6030040710995515,6.10389729243683,-2.253086233195609,4.582445938045238,3.7492176830709525,-1.7056985440466965,2.35476935167717,0.5473876891489127
74.64,4.60311312589061,6.104036375211285,-2.2214237089056748,4.574967894848904,3.7436075915285807,-1.6756974304332553,2.360596576475574,0.5457262784724195
74.67,4.60325356572823,6.104227253913928,-2.1898132916385276,4.567715814036361,3.7382797278327837,-1.6450196391023992,2.3662144087053476,0.5447936525361283
74.7,4.603307261068402,6.104303984952429,-2.1739886998034286,4.561664060119161,3.7338284084079576,-1.6134367969665881,2.3708413306628393,0.5605519028368404
74.74,4.603336966484245,6.1043491962263,-2.142202267530017,4.561664060119161,3.7338284084079576,-1.6134367969665881,2.3708870569058766,0.5287654705634288
74.77,4.6033208800033565,6.104324900707298,-2.1262362621705626,4.556324386347541,3.7304975238265907,-1.5815769067075887,2.3742925442422385,0.544659355462974
74.8,4.603296050610665,6.1042861284864305,-2.094240138492531,4.552343732590606,3.728481012763503,-1.547410897453291,2.376351423213084,0.5468292410392399
74.84,4.6032576743866125,6.104216812674643,-2.0623644083299073,4.547035033840942,3.728484485726833,-1.5089844585399685,2.376397499286427,0.5533799497899388
74.87,4.603166528642894,6.104042680087276,-2.030610198294827,4.53870520396103,3.7306722152173495,-1.4683893740143705,2.3742456961941896,0.5622208242804565
74.89999999999999,4.603145279653891,6.103999785048832,-2.0150066679853116,4.53870520396103,3.7306722152173495,-1.4683893740143705,2.374202240138256,0.546617293970941
74.94,4.603143885334231,6.103996842356382,-1.9860062201677426,4.5293703160882295,3.7327977849047658,-1.432287605883867,2.372346414328803,0.5537186142838757
74.97,4.603145840667132,6.104001100599083,-1.958127628095679,4.5200195333902276,3.7344443503710543,-1.3983065462148736,2.3710143769097463,0.5598210818808054
75.0,4.60314597891802,6.1040015232544516,-1.9447376538902847,4.510891606874558,3.7357260361540416,-1.3655644343609947,2.3700716554488004,0.57917321952929
75.03999999999999,4.603149170275412,6.104010275852174,-1.9212070673576374,4.502657394272382,3.7359574725921014,-1.3357307708357569,2.370184101725461,0.5854762965218805
75.07,4.603146582527669,6.104003531848481,-1.8996582976895249,4.495168885098741,3.73581926614775,-1.3070707900233307,2.3706446168615334,0.5925875076661942
75.1,4.603144736376051,6.103998574592342,-1.889602026202085,4.495168885098741,3.73581926614775,-1.3070707900233307,2.3706395806626044,0.5825312361787542
75.14,4.603154831726345,6.104029686614119,-1.8724340390433005,4.488495780193894,3.735150180155676,-1.2812186293950851,2.371652760042481,0.5912154096482154
75.17,4.6031594000221565,6.1040445399441055,-1.8569238887389197,4.482696735365494,3.7340876365363083,-1.2577445319422615,2.3730164301130445,0.5991793567966581
75.2,4.603157999948608,6.104040058769774,-1.849805534087937,4.477451036302064,3.733100762233087,-1.2360730078920386,2.374269443127952,0.6137325261958984
75.24,4.603157262827166,6.104038015271678,-1.8377414537731287,4.472830706671068,3.7318625161553096,-1.217273162980881,2.3757528511710766,0.6204682907922476
75.27,4.60314535044876,6.103996247975392,-1.8268806229224785,4.468575958952339,3.730794832848688,-1.1990048814386316,2.377013646971154,0.627875741483847
75.3,4.60314060184263,6.103979075325709,-1.8219992487418888,4.468575958952339,3.730794832848688,-1.1990048814386316,2.376996233033915,0.6229943673032572
75.34,4.603134413820927,6.103955907033103,-1.8136163452322085,4.4621352432656245,3.728239974739709,-1.171360549733911,2.3798964172942387,0.6422557954982975
75.37,4.60312112527493,6.103903980978236,-1.806053690084229,4.4621352432656245,3.728239974739709,-1.171360549733911,2.3798437951813627,0.634693140350318
75.39999999999999,4.603113317753766,6.103872767316565,-1.802708326078576,4.460194730119682,3.727203040070968,-1.160888994032676,2.380962980622962,0.6418193320458998
75.44,4.60310023165545,6.103819273453971,-1.7970027514966411,4.458958668906818,3.726461664723702,-1.1524376327587293,2.3817233235410282,0.6445651187379118
75.47,4.603086010341776,6.103759288284628,-1.7918770400566897,4.458355609265239,3.726006979489531,-1.1450456353342948,2.3821530032674625,0.6468314047223949
75.5,4.60307390295183,6.103707415551791,-1.7896517070495068,4.458355609265239,3.726006979489531,-1.1450456353342948,2.382100490780819,0.644606071715212
75.53999999999999,4.603063100157488,6.103660835740608,-1.7859994557777903,4.458321350420765,3.7260876109992105,-1.1395481982857767,2.381974939650721,0.6464512574920136
75.57,4.603057388543963,6.103635627515113,-1.7829010188697128,4.4587144548524105,3.7265302521939496,-1.1356544135987001,2.381483749238582,0.6472466052710126
75.6,4.603038571167488,6.10355078780121,-1.7814708048616186,4.459372071071535,3.7272196221346667,-1.1327477823054273,2.380670046891827,0.6487230225561913
75.64,4.60299421922044,6.103348982429784,-1.7789019639524708,4.460095605098278,3.7280706488572646,-1.1301487965600903,2.3795728977816752,0.6487531673923805
75.67,4.6029530271371435,6.103158880448914,-1.7764374827924976,4.460639145237503,3.728974663736669,-1.1276240038833047,2.3784456974812103,0.6488134789091928
75.7,4.602934958913121,6.103074556708991,-1.7753110715909972,4.460912129691991,3.7298436323272233,-1.1253837177558288,2.377476709551939,0.6499273538351684
75.74,4.602912890783519,6.102970759427047,-1.773379289774596,4.460912129691991,3.7298436323272233,-1.1253837177558288,2.377371779408436,0.6479955720187671
75.77,4.602908295307727,6.102949292236472,-1.771638821781407,4.461249488597021,3.7306496099038644,-1.1234193524082676,2.3765254049376567,0.6482194693731393
75.8,4.602916539970014,6.102989139206019,-1.77090721429106,4.461505270727615,3.731092833867254,-1.1220653110564196,2.3761080005648796,0.6488419032346404
75.84,4.602932414448058,6.103066068937833,-1.769681435003686,4.461644327632646,3.7312497276531125,-1.121339571930809,2.376020850131833,0.648341863072877
75.87,4.602945960571771,6.1031321632844,-1.768614269391326,4.4617157540533485,3.7313013054311415,-1.1209378105604677,2.3760318999327765,0.6476764588308583
75.89999999999999,4.602952333871651,6.103163431251648,-1.7681569891916225,4.4617157540533485,3.7313013054311415,-1.1209378105604677,2.3760634914455765,0.6472191786311547
75.94,4.602949722627868,6.1031505236783765,-1.7673161386412217,4.4617470478046375,3.731345487788748,-1.1209112330156228,2.37600448729556,0.6464049056255989
75.97,4.602947034968585,6.103137311363484,-1.7665116822286606,4.461783383407246,3.731462794160659,-1.1209876418980151,2.375871880399148,0.6455240403306455
76.0,4.602944154795928,6.10312296038313,-1.7662963855941942,4.461805923264456,3.7316773236208176,-1.121449981558294,2.375641893998092,0.6448464040359003
76.03999999999999,4.602941516417553,6.103109824568985,-1.7664956659057527,4.46174018382534,3.731811611054199,-1.1224854172807397,2.3754984811075412,0.644010248625013
76.07,4.602941049427122,6.103107509536722,-1.7666996613444603,4.46147725673861,3.731787982895327,-1.1236864749157744,2.375535371673633,0.6430131864286859
76.1,4.602939188312345,6.103098273069222,-1.7672198315411018,4.46147725673861,3.731787982895327,-1.1236864749157744,2.3755260407684804,0.6435333566253274
76.14,4.6029332341718785,6.103068735164372,-1.7677819240098467,4.461233453079179,3.7316623658349166,-1.1246324838825494,2.3756361245902182,0.6431494401272972
76.17,4.602929313909823,6.103049339701647,-1.768308963587579,4.461277010109972,3.7317425035324248,-1.1252792154252775,2.3755339371254394,0.6430297481623015
76.2,4.602926744076617,6.103036626602127,-1.7685610842759953,4.4613183824953415,3.731819577075457,-1.1255531039278066,2.375441690304289,0.6430079803481887
76.24,4.602926629865616,6.103036088514527,-1.7690151468219473,4.461235035673997,3.7319100024062797,-1.1258488922442598,2.3753558520961815,0.6431662545776875
76.27,4.602928022534586,6.103042980545876,-1.7694039614981354,4.461203272190375,3.731970648403721,-1.1261387168581218,2.3753041719136028,0.6432652446400136
76.3,4.602927015996616,6.103038001867197,-1.7695581842020711,4.461203272190375,3.731970648403721,-1.1261387168581218,2.375299142049007,0.6434194673439493
76.34,4.602925910853346,6.103032539083433,-1.769834155588023,4.461327385264179,3.7321652308304634,-1.1265549595606652,2.3750919847011627,0.6432791960273578
76.37,4.602925792301444,6.103031954030674,-1.7700492095078877,4.461327385264179,3.7321652308304634,-1.1265549595606652,2.375091393621221,0.6434942499472225
76.39999999999999,4.602926350852152,6.103034711998742,-1.7701379967969602,4.461335833174,3.7322372238713237,-1.1266112177257934,2.3750218113540855,0.6435267790711667
76.44,4.60292605498749,6.1030332491001325,-1.77027697733331,4.461334730196534,3.7322836177750496,-1.1267042896593027,2.374974087792133,0.6435726876740073
76.47,4.602926594318437,6.103035910673223,-1.7703863710407886,4.4612875134338035,3.732312422455316,-1.1267482170646064,2.3749508388221274,0.6436381539761822
76.5,4.602922966161724,6.1030180030142755,-1.7704735207030207,4.4612875134338035,3.732312422455316,-1.1267482170646064,2.374932746661016,0.6437253036384143
76.53999999999999,4.602917989637883,6.102993453045989,-1.7706451978337427,4.460985517532725,3.7327109091251325,-1.1258458961712456,2.3745281983277873,0.6447993016624971
76.57,4.602922498344636,6.103015681184207,-1.770790222245073,4.46080372195864,3.732960026902985,-1.1256516915474635,2.3743128587007742,0.6451385306976096
76.6,4.602924950703772,6.1030277657082,-1.7708468593666027,4.460711019246328,3.7331033914519822,-1.125823692735746,2.374187511970002,0.6450231666308568
76.64,4.602922067877518,6.103013557424385,-1.7709391243934833,4.460628534919819,3.733361573038554,-1.1255672000530073,2.3739203812734093,0.6453719243404761
76.67,4.602925673024728,6.103031311920811,-1.771043651688278,4.460565303988124,3.733478520597758,-1.1255122057657299,2.3738253738510564,0.6455314459225481
76.7,4.602927797224462,6.103041770795111,-1.7710858319683338,4.460557970183912,3.7334993658828006,-1.1256024250341874,2.3738155733605697,0.6454834069341464
76.74,4.602928534390652,6.103045398022331,-1.7711447753571568,4.460557970183912,3.7334993658828006,-1.1256024250341874,2.373819238269995,0.6455423503229694
76.77,4.602929806628619,6.103051659422901,-1.771190029814645,4.4605705119861,3.7335722521354384,-1.1256715998268743,2.3737520574673465,0.6455184299877708
76.8,4.602930610786598,6.103055617326207,-1.7712075635458442,4.460570115977872,3.7335841407039374,-1.1257150680846544,2.3737442130542847,0.6454924954611898
76.84,4.602931765299401,6.103061299044533,-1.7712388578112368,4.460565250183527,3.733593303972717,-1.1257260653193875,2.373741098834473,0.6455127924918493
76.87,4.602933237402196,6.103068543399566,-1.7712639056159074,4.460563278240935,3.733604976690336,-1.1257645815300281,2.373736885005161,0.6454993240858793
76.89999999999999,4.602889536816126,6.102853486830842,-1.771273883146544,4.460563278240935,3.733604976690336,-1.1257645815300281,2.3735195947543852,0.6455093016165159
76.94,4.602517220155822,6.101021281286471,-1.7712790256866526,4.460874059169763,3.7329713984388198,-1.1256156303691385,2.3722822413677713,0.6456633953175142
76.97,4.602095541326873,6.098946675306584,-1.7713750378344892,4.461464670637627,3.7316844047564164,-1.1250843610992258,2.371435788580654,0.6462906767352634
77.0,4.601845001687477,6.097714804690326,-1.7714142718289123,4.46225361367202,3.730077478141805,-1.1246067791663488,2.371748777942957,0.6468074926625635
77.03999999999999,4.601071160733887,6.09391064934408,-1.7714749295486871,4.46355951890144,3.7274872991333234,-1.1245994853116468,2.3704153484278145,0.6468754442370404
77.07,4.600254087971287,6.08989598976099,-1.7715943302746076,4.465034653594565,3.724325669223105,-1.1242814364995721,2.3694318384040662,0.6473128937750354
77.1,4.599806616430691,6.087698367091436,-1.7716368549702042,4.465034653594565,3.724325669223105,-1.1242814364995721,2.367212282621932,0.647355418470632
77.14,4.598639467669066,6.081968431417819,-1.7717245635497902,4.466958748640229,3.720235842338506,-1.1241085106126731,2.3654007343541656,0.6476160529371171
77.17,4.597415957285888,6.075963850069009,-1.7718107616994376,4.469246620803135,3.7153828281667227,-1.1237725668058023,2.36405798147585,0.6480381948936353
77.2,4.596771226226956,6.072800673482827,-1.7718633347267305,4.471876010740174,3.710025082281746,-1.1234833454453903,2.366074240007508,0.6483799892813402
77.24,4.595199992811954,6.065093295725803,-1.7719112238663473,4.474975349011099,3.703659090049348,-1.123178859488916,2.3644926459424296,0.6487323643774312
77.27,4.593583739141767,6.057168579420553,-1.7720256574786482,4.478336667515004,3.696665577954258,-1.1228907335126794,2.3633146865049377,0.6491349239659687
77.3,4.592734453824043,6.053006045294948,-1.77206144754522,4.478336667515004,3.696665577954258,-1.1228907335126794,2.359115777476754,0.6491707140325407
77.34,4.590766139529895,6.043361901521267,-1.7721564845712294,4.486411918756036,3.6800342024465134,-1.1224492547704308,2.3656304902937166,0.6497072298007986
77.37,4.58874660789274,6.033471540669322,-1.7722463613614876,4.486411918756036,3.6800342024465134,-1.1224492547704308,2.355661200924693,0.6497971065910568
77.39999999999999,4.5877007926888815,6.028351653854602,-1.772299068188754,4.490851399095804,3.6707504494927377,-1.1225458986108952,2.35958963462884,0.6497531695778589
77.44,4.585333006851331,6.01676498799082,-1.7724135533576877,4.495878907850478,3.660293171349984,-1.1225506282139972,2.3581690903009087,0.6498629251436905
77.47,4.582908793998147,6.004908999144995,-1.772514261785921,4.501076548772596,3.6495386673535704,-1.1225459206689046,2.3567914452156984,0.6499683411170165
77.5,4.581659813831459,5.998803005790997,-1.772575520049526,4.501076548772596,3.6495386673535704,-1.1225459206689046,2.3506459951386525,0.6500295993806213
77.53999999999999,4.57889526804383,5.985293271807952,-1.772675829383398,4.5068047996543035,3.6377653818695372,-1.122359083455994,2.3486345457885367,0.650316745927404
77.57,4.576062836359575,5.971457682274287,-1.772763045648583,4.5128618889842,3.625177562555084,-1.1223891686899508,2.3471311765512173,0.6503738769586322
77.6,4.574612174440836,5.964373376192006,-1.7727993200349867,4.519118493576084,3.6121151359866497,-1.1225112168313074,2.352912743224856,0.6502881032036794
77.64,4.571438633380488,5.948882943477516,-1.772916336720115,4.525999757558726,3.597776280852037,-1.1226473370697323,2.3515457109054596,0.6502689996503828
77.67,4.568200169983257,5.933082229604051,-1.7729892855392742,4.5329615347869865,3.5833105396177944,-1.1226122560377194,2.3500359053579083,0.6503770295015547
77.7,4.566547131063085,5.925018313364643,-1.7730161299356828,4.540462404331722,3.567605159864361,-1.1231038916574578,2.3575574625583986,0.649912238278225
77.74,4.562972245092038,5.907583901059195,-1.773094445786495,4.540462404331722,3.567605159864361,-1.1231038916574578,2.34008700739413,0.6499905541290372
77.77,4.559327996774311,5.889816094147822,-1.7731413479279543,4.548291994416998,3.551317243415197,-1.1229514698943992,2.3385248915129893,0.6501898780335551
77.8,4.557470423784966,5.880760641089388,-1.7731663588872846,4.556319130592582,3.53467230716656,-1.1233732835720711,2.3460886164091943,0.6497930753152135
77.84,4.553498431843658,5.861402895689076,-1.773238844094097,4.5649201686835355,3.516719676662884,-1.1234725841378566,2.344711038412935,0.6497662599562404
77.87,4.549452156150754,5.841690376362298,-1.7732913955253509,4.573645933625318,3.498627533016807,-1.123416734731951,2.3431877489298083,0.6498746607933998
77.89999999999999,4.54743246254084,5.831852597991098,-1.773314847206755,4.573645933625318,3.498627533016807,-1.123416734731951,2.3333723127462065,0.649898112474804
77.94,4.543401717225786,5.8122219028966535,-1.7733552299323458,4.58233478899991,3.4805578620287085,-1.1234393510422787,2.331989061628378,0.6499158788900672
77.97,4.539376271478783,5.79262011082252,-1.7733869546028183,4.591013368511601,3.4625555685494347,-1.1235486504888983,2.3306366428399476,0.64983830411392
78.0,4.537364388606647,5.782824180953515,-1.773398425714311,4.599644373538099,3.4445788995181927,-1.1237397956906494,2.3390745590249176,0.6496586300236615
78.03999999999999,4.533341790624163,5.763238472735516,-1.773405539297497,4.60828161368349,3.426546426701927,-1.1241026763162254,2.337893431077816,0.6493028629812716
78.07,4.529316624820347,5.743634823241532,-1.773351292943456,4.616869507199838,3.4086358464604016,-1.124383682679526,2.3366398371982537,0.6489676102639301
78.1,4.527305604311692,5.733838124049647,-1.7733290090204075,4.616869507199838,3.4086358464604016,-1.124383682679526,2.3269265833727486,0.6489453263408815
78.14,4.523287376899746,5.714260609522782,-1.7732906362687009,4.625462546608335,3.3906718285873128,-1.1244742288648273,2.3258341703986893,0.6488164074038736
78.17,4.5192692422844525,5.69468074411651,-1.7732519701815417,4.634058679454487,3.3726270382451924,-1.1244046394401743,2.324889250660455,0.6488473307413674
78.2,4.517260081763376,5.684889475317952,-1.7732354967286694,4.642669066093349,3.3546011254406394,-1.1243668003070122,2.333660473788894,0.6488686964216572
78.24,4.5132412696802655,5.665303254688878,-1.773206550217439,4.651313087841256,3.336568168668458,-1.1243422191858101,2.3328246671862876,0.6488643310316289
78.27,4.509222253605554,5.645714944715698,-1.7731869526771493,4.659954771047932,3.31854540101005,-1.1243180784758353,2.3320459637334916,0.648868874201314
78.3,4.507212641607581,5.635920158720244,-1.7731801834874594,4.659954771047932,3.31854540101005,-1.1243180784758353,2.3224030498124897,0.6488621050116241
78.34,4.503193395647152,5.6163305815423445,-1.773172688159955,4.677246746843474,3.2826917416041024,-1.1241183011876146,2.340120681574131,0.6490543869723404
78.37,4.499173743969385,5.596739316750076,-1.7731755952366233,4.677246746843474,3.2826917416041024,-1.1241183011876146,2.320889091359507,0.6490572940490087
78.39999999999999,4.497164995163954,5.586949911644006,-1.7731820391877813,4.6858201278197225,3.264842894397112,-1.1238629792977284,2.3297578755365613,0.6493190598900529
78.44,4.49313882932367,5.567334446359273,-1.7732481757333505,4.694283219914331,3.2471630422638285,-1.1230706639005341,2.3288740649181343,0.6501775118328164
78.47,4.489120166630389,5.547764067983797,-1.7733089679962293,4.702870759013784,3.229151841553868,-1.1232607981008784,2.328444109763987,0.6500481698953509
78.5,4.487109944826085,5.537976794831417,-1.773336749432216,4.702870759013784,3.229151841553868,-1.1232607981008784,2.3188845149804282,0.6500759513313377
78.53999999999999,4.483087910540057,5.518397838742553,-1.773387932418536,4.7115346665460995,3.2111363527089645,-1.123311044491839,2.3185433973216045,0.6500768879266969
78.57,4.4790645765751975,5.498816116301588,-1.773431535145821,4.720193506745726,3.193116534721874,-1.1233563887288491,2.318273866794441,0.6500751464169718
78.6,4.477052649708911,5.4890251096095675,-1.773450348345282,4.728848466718569,3.1750926182245705,-1.1233887442906392,2.32759204074742,0.6500616040546427
78.64,4.47302814220041,5.469441619855175,-1.7734813840586439,4.737499511269679,3.157063244507407,-1.1234080895454437,2.327453298314137,0.6500732945132002
78.67,4.471015558311899,5.459648948089896,-1.7734940825906746,4.746149249314415,3.139030264775365,-1.123429383205702,2.336871759697809,0.6500646993849726
78.7,4.466989773970613,5.440061764448675,-1.7735160710608568,4.754794483892302,3.1209923207270798,-1.123449924134486,2.336859994919742,0.6500661469263709
78.74,4.462963568597345,5.4204741615785546,-1.7735365226821367,4.754794483892302,3.1209923207270798,-1.123449924134486,2.3179262325465793,0.6500865985476507
78.77,4.458937009375045,5.400886491797052,-1.7735531542920309,4.763446155824892,3.10296013030075,-1.1234821311950751,2.3180145347109553,0.6500710230969557
78.8,4.456923691425682,5.391093062147026,-1.7735618791408196,4.772097929179687,3.084925202168742,-1.123510045729041,2.3276049919478683,0.6500518334117786
78.84,4.4528964701550455,5.371504378930952,-1.7735764846500737,4.780750231483646,3.066888040215539,-1.1235350334056184,2.327819700383032,0.6500414512444552
78.87,4.450882703533924,5.361709832049737,-1.7735839100142259,4.789404182402087,3.0488526735193244,-1.1235720986974664,2.3374997384856457,0.6500118113167594
78.89999999999999,4.446854906741696,5.342120496743663,-1.7735971911914399,4.789404182402087,3.0488526735193244,-1.1235720986974664,2.3187102698033564,0.6500250924939734
78.94,4.442826955455528,5.322531805685036,-1.7736105365394825,4.79805674866935,3.0308165594328074,-1.1235963250663028,2.3190832188370574,0.6500142114731797
78.97,4.438798665942791,5.302942722810226,-1.7736222841493128,4.8067098797396355,3.012782038296397,-1.1236356505459468,2.3195246543484545,0.649986633603366
79.0,4.436784435963292,5.293148185308333,-1.7736275232329988,4.815357458492462,2.9947487613086614,-1.123675433128889,2.3293684649769113,0.6499520901041098
79.03999999999999,4.432755866299102,5.2735591098018535,-1.7736341165683884,4.823985952720332,2.97671573256083,-1.1238226128899473,2.3299249945217366,0.6498115036784411
79.07,4.428727178214397,5.253967026170869,-1.7736023006755943,4.832664100427709,2.9587279373286623,-1.124163948247509,2.3305122853304954,0.6494383524280853
79.1,4.426712526554655,5.244167181756008,-1.773577926305481,4.832664100427709,2.9587279373286623,-1.124163948247509,2.3212128769888047,0.649413978057972
79.14,4.422688492556524,5.224588244687539,-1.7735266644736398,4.841248627650065,2.9408219656921775,-1.1244109244104323,2.321805548224451,0.6491157400632075
79.17,4.418666472709394,5.205014702443369,-1.7734839248586238,4.849827909172287,2.9228093664845383,-1.1244173252584315,2.3225764529443813,0.6490665996001923
79.2,4.416654753881876,5.19522324951887,-1.7734636654426874,4.858457829288096,2.9047660939067685,-1.1243615126271636,2.3326774185757175,0.6491021528155239
79.24,4.412630320440123,5.175633175073312,-1.7734246590617342,4.867106483442596,2.8867311882976923,-1.1242983640915791,2.33358541472191,0.6491262949701551
79.27,4.408606361321923,5.156042649200138,-1.773391859179971,4.875752960899457,2.868713385196698,-1.124238112472252,2.3345451607247547,0.6491537467077191
79.3,4.40659473052601,5.146248443073819,-1.7733805418258706,4.875752960899457,2.868713385196698,-1.124238112472252,2.3253548944164386,0.6491424293536185
79.34,4.4025715227354,5.12665989122591,-1.7733658500515415,4.893025665428991,2.8327000193952236,-1.1241207892260783,2.345804160550229,0.6492450608254632
79.37,4.398548368585618,5.1070717428502945,-1.773361137640581,4.893025665428991,2.8327000193952236,-1.1241207892260783,2.327503927718602,0.6492403484145026
79.39999999999999,4.396536038832407,5.0972741085921625,-1.7733570517944182,4.901675316551696,2.8147891706994743,-1.12410509734872,2.337713237675176,0.649251954445698
79.44,4.392512733099475,5.077686393173559,-1.77337072564446,4.910287261426563,2.796916646931078,-1.1239041804536587,2.3388033473465297,0.6494665451908013
79.47,4.3884842360252065,5.058077851429278,-1.7734217991214123,4.918783684345324,2.7791858244492373,-1.12311233968348,2.3397791296448944,0.6503094594379324
79.5,4.386470941471946,5.048281581961739,-1.7734511862826388,4.918783684345324,2.7791858244492373,-1.12311233968348,2.33069783819924,0.6503388465991589
79.53999999999999,4.382447782355194,5.028710784777063,-1.7735111176281382,4.9273517576168135,2.761202948370453,-1.1232617125706883,2.332061776716325,0.6502494050574499
79.57,4.378422518121696,5.0091346674240835,-1.7735651882770587,4.936009491397791,2.743187590867031,-1.1233245219197887,2.3335422401415085,0.65024066635727
79.6,4.3764093442811145,4.999345491164967,-1.7735899595334534,4.944665727979329,2.7251691760691465,-1.123376577578729,2.3440975299156346,0.6502133819547244
79.64,4.372382097098084,4.979765357562568,-1.7736345306147931,4.953320082894564,2.7071454089446174,-1.1234202015041996,2.3456961385050557,0.6502143291105935
79.67,4.368353792040306,4.960183059763796,-1.773672537515217,4.961973380853256,2.689118599039298,-1.1234553726164356,2.3473640537820954,0.6502171648987813
79.7,4.366339366231825,4.950391525593481,-1.7736888605206043,4.9706240503441865,2.6710879320395104,-1.1234794145858975,2.3580468296963106,0.6502094459347068
79.74,4.362309808934368,4.930806547802955,-1.7737162324999214,4.9706240503441865,2.6710879320395104,-1.1234794145858975,2.3401654725104075,0.6502368179140239
79.77,4.3582794555327,4.911219316461706,-1.7737375153047035,4.979273645415183,2.6530532931468582,-1.1234963011252648,2.3419964928926333,0.6502412141794387
79.8,4.356264048349658,4.901425077116155,-1.773746291423582,4.987924404568512,2.635017452935775,-1.1235101109958665,2.3527852270365615,0.6502361804277155
79.84,4.352232847864696,4.88183556191075,-1.7737608184472504,4.996575866146906,2.616980460376049,-1.123521472093107,2.3547285525420523,0.6502393463541434
79.87,4.348201209989246,4.8622448960728315,-1.773772200722304,5.005227760830058,2.5989424995748642,-1.1235312090518583,2.356739617883829,0.6502409916704457
79.89999999999999,4.346185258178066,4.8524492451583985,-1.77377702350583,5.005227760830058,2.5989424995748642,-1.1235312090518583,2.3478989911604575,0.6502458144539718
79.94,4.34215314355304,4.832857509504479,-1.7737851381690735,5.013879016355022,2.580903490865754,-1.1235391659298537,2.350002670265438,0.6502459722392198
79.97,4.338121248474929,4.8132677985784165,-1.7737945095233305,5.022529235952641,2.5628668579096576,-1.123569625459769,2.352173183905923,0.6502248840635616
80.0,4.336105169945455,4.80347269443523,-1.7737991981048933,5.031179892517515,2.5448304200433385,-1.1235997467772978,2.3631745161178435,0.6501994513275955
80.03999999999999,4.332073044725975,4.78388343197798,-1.773808314276856,5.039826124799222,2.5267967986412163,-1.1236678657343329,2.3654501670381167,0.6501404485425231
80.07,4.328041532009765,4.764297748390797,-1.7738105590900903,5.048475762757838,2.508738994970202,-1.123894510003519,2.367819834988684,0.6499160490865714
80.1,4.326025462811909,4.754502354695867,-1.7737931520749393,5.048475762757838,2.508738994970202,-1.123894510003519,2.3591073531694713,0.6498986420714203
80.14,4.321993578691005,4.7349076201486735,-1.7737366454121832,5.057165650456176,2.490735740410413,-1.1244456795943347,2.3615218400242357,0.6492909658178485
80.17,4.317964987808682,4.715322375030011,-1.7736875780652437,5.065773284151648,2.4727270667896115,-1.1246811587698684,2.3639904747314917,0.6490064192953753
80.2,4.315950387066717,4.705526629315662,-1.7736647967978763,5.074366544301687,2.4546677541156603,-1.1245622515963343,2.3751969904876673,0.649102545201542
80.24,4.31192184849429,4.685935444808731,-1.773619408993473,5.082982813267864,2.43665530336782,-1.1244373856355938,2.377771260251498,0.6491820233578791
80.27,4.307895223238138,4.666350151236282,-1.7735779092300301,5.091605531786156,2.418608355531987,-1.1243957301576608,2.3804505934550284,0.6491821790723693
80.3,4.305882108831834,4.656557315506618,-1.7735599017284696,5.091605531786156,2.418608355531987,-1.1243957301576608,2.37187201274238,0.6491641715708087
80.34,4.301856465539943,4.6369731130569445,-1.7735341920525978,5.108828805615916,2.3826363405942743,-1.12420968668934,2.394418226067681,0.6493245053632577
80.37,4.297830836889585,4.617388664277304,-1.7735233112491156,5.108828805615916,2.3826363405942743,-1.12420968668934,2.377358966055597,0.6493136245597755
80.39999999999999,4.295817799808679,4.607595505679031,-1.7735209181221918,5.117469859759313,2.364675961725533,-1.1240644669292124,2.3886816841659098,0.6494564511929795
80.44,4.291791392859033,4.588008058085762,-1.7735223633271306,5.1260261736585315,2.3469104032295154,-1.1237087110755175,2.3913315052701827,0.6498136522516131
80.47,4.287754198814944,4.568380142868863,-1.7736429870386374,5.13440278725371,2.329168947877001,-1.1231464999895135,2.393925773302555,0.6504964870491239
80.5,4.285739689361354,4.558591046963668,-1.773689167024755,5.13440278725371,2.329168947877001,-1.1231464999895135,2.3854877802286585,0.6505426670352414
80.53999999999999,4.281713533392872,4.539032625155383,-1.7737623817770285,5.142934027041697,2.31130066936809,-1.1231681223157728,2.3884075040739186,0.6505942594612557
80.57,4.27768161562197,4.51945282466977,-1.7738458528109227,5.151521041781944,2.2934804909272146,-1.122987085304902,2.3913486097386287,0.6508587675060207
80.6,4.27566759645388,4.5096743802307175,-1.7738802664847424,5.160154253907866,2.2755214415194396,-1.1230832000768673,2.4028641244910967,0.650797066407875
80.64,4.271633873141135,4.490093577079153,-1.7739441546555252,5.168793812622207,2.257443381845446,-1.1231726569413634,2.406163512998814,0.6507714977141619
80.67,4.267597485813473,4.470503977008351,-1.773995886686489,5.177454605070202,2.2394206172597686,-1.1232043981910511,2.409475655741135,0.650791488495438
80.7,4.265579759078158,4.460712611052031,-1.7740169143364306,5.18611030492248,2.221394405716426,-1.1232261247172977,2.421140745718828,0.650790789619133
80.74,4.261543872632411,4.441129500325289,-1.7740508277017626,5.18611030492248,2.221394405716426,-1.1232261247172977,2.404588733641536,0.6508247029844649
80.77,4.257507203645666,4.421544458284565,-1.774076868382696,5.194766477115497,2.203364597956115,-1.1232479723461581,2.408064957278341,0.6508288960365378
80.8,4.255488624362967,4.411751343319751,-1.7740874202889576,5.203423687131991,2.1853337133610413,-1.1232661114072737,2.4198174200170293,0.6508213088816839
80.84,4.2514510265071985,4.392163982573864,-1.7741044408770468,5.212081015892703,2.167301092864624,-1.1232801570382784,2.4233911889152653,0.6508242838387683
80.87,4.247412898005829,4.372575166778535,-1.774117061685106,5.220738453538724,2.1492667827531178,-1.1232907783442199,2.4270275662899112,0.6508262833408862
80.89999999999999,4.245393629345537,4.3627801247821765,-1.7741222328690105,5.220738453538724,2.1492667827531178,-1.1232907783442199,2.4188713982808365,0.6508314545247906
80.94,4.2413559712078435,4.343194811902637,-1.7741273355286322,5.229396199782355,2.131230899960976,-1.1232986217535383,2.42260352534496,0.6508287137750939
80.97,4.237334711729366,4.323683846939861,-1.7740696002121925,5.234080354002501,2.1316434277999674,-1.1358164039177479,2.40801641907473,0.6382531962944447
81.0,4.235322411241559,4.313917350200069,-1.7740295589378485,5.237909551444486,2.1294160495166548,-1.1452976392946927,2.4035862594023563,0.6287319196431558
81.03999999999999,4.231406243924913,4.2948961013762945,-1.7739008515617438,5.238665883070638,2.1295453223437155,-1.1490304395083442,2.388161631236247,0.6248704120533997
81.07,4.227450993719385,4.275677351627483,-1.773859505652355,5.238358976465186,2.1299585484559422,-1.1507472069133828,2.371928357236595,0.6231122987389721
81.1,4.22550161883726,4.266221744055933,-1.7741489212264796,5.238358976465186,2.1299585484559422,-1.1507472069133828,2.3642124413377297,0.6234017143130968
81.14,4.221608933745544,4.247428097129949,-1.775075156017228,5.238095283606528,2.129444804344556,-1.1521825617471542,2.349276000807858,0.6228925942700738
81.17,4.217805956568893,4.229076938979551,-1.774318648757575,5.2412028401271495,2.1292344686569775,-1.1607578609681004,2.335953677076487,0.6135607877894746
81.2,4.2160154073736,4.2203329782651045,-1.7730126554538748,5.2463691855752375,2.1291724163321164,-1.1710949341875596,2.331218866609971,0.6019177212663152
81.24,4.212422792973458,4.202513998835391,-1.7702550860789616,5.255301747934727,2.125247354690593,-1.2006874924851436,2.3243565186041706,0.569567593593818
81.27,4.208672880852043,4.1836869438266,-1.7683667508070162,5.2659226957415575,2.1234494197748046,-1.2278805175985699,2.3156761057183672,0.5404862332084464
81.3,4.206773195461593,4.174104423082104,-1.7675481620858506,5.2659226957415575,2.1234494197748046,-1.2278805175985699,2.3080259111484343,0.5396676444872808
81.34,4.203020284082374,4.155087869596866,-1.7659583618158456,5.280527487127529,2.1225534124751957,-1.2553152546803112,2.300482143378008,0.5106431071355344
81.37,4.199277225978183,4.136007726011332,-1.7645491563354374,5.280527487127529,2.1225534124751957,-1.2553152546803112,2.2854103351330153,0.5092339016551262
81.39999999999999,4.1974101160502535,4.126446771020227,-1.7639165840482194,5.286923806117225,2.1220757290950365,-1.267134583159126,2.281346829079617,0.4967820008890933
81.44,4.193544364910511,4.106644248255592,-1.7635351400297143,5.2908748080638315,2.1225074956309014,-1.2728621055173617,2.2673625106248707,0.49067303451235267
81.47,4.189649689564878,4.086752862764615,-1.7636359857437247,5.295587472817139,2.1219508938860887,-1.2815478258581774,2.254671851364153,0.4820881598855473
81.5,4.187726524556166,4.0769453680725825,-1.7636516336183365,5.295587472817139,2.1219508938860887,-1.2815478258581774,2.2470779414122304,0.48210380776015915
81.53999999999999,4.183879551826049,4.057334378960856,-1.7637251226799837,5.3011605086267215,2.120418254868934,-1.2916553213059947,2.2360592139289825,0.472069801373989
81.57,4.180033834766982,4.037733512808755,-1.7638257758664302,5.305430352844198,2.120411944428241,-1.3004747580415519,2.2232047407914175,0.4633510178248783
81.6,4.178110197416698,4.027930042043597,-1.763877661786223,5.309162985314448,2.119520545448543,-1.3087126993274873,2.2184019508884,0.4551649624587357
81.64,4.1742628576711756,4.008323729404957,-1.7639816383334312,5.312140436804242,2.11906883347259,-1.315471025902299,2.205459010477897,0.4485106124311322
81.67,4.170415509877997,3.9887188232461823,-1.7640867903988953,5.314206414587781,2.1187027709036927,-1.3201901239368576,2.192080671352087,0.4438966664620376
81.7,4.168490711476124,3.978910780335901,-1.764123618637177,5.3153604886541705,2.118338983017367,-1.3228979348269267,2.1856435433943804,0.4412256838102502
81.74,4.164644719336966,3.959313237599718,-1.7642079586304409,5.3153604886541705,2.118338983017367,-1.3228979348269267,2.1710211854770853,0.44131002380351414
81.77,4.160799436705006,3.9397210978208133,-1.7642927088999107,5.315525362071746,2.118315901345929,-1.3232112594688499,2.1565965901066857,0.44108144943106087
81.8,4.158874033639344,3.9299113088476694,-1.7643220702663476,5.315453544598977,2.118317958275558,-1.32310654343925,2.1493130607263136,0.44121552682709764
81.84,4.1550234963513315,3.9102921928068173,-1.7643703901629613,5.31539040344968,2.1183293921274755,-1.3229892166982022,2.1348494181341073,0.441381173464759
81.87,4.151169784533599,3.89065502630345,-1.7643989890435052,5.315547296029104,2.117805314223373,-1.3228026189391133,2.1210306671283363,0.4415963701043919
81.89999999999999,4.149285706089692,3.881054062015135,-1.7644162595544604,5.315547296029104,2.117805314223373,-1.3228026189391133,2.1140511447827417,0.441613640615347
81.94,4.14579550986726,3.8632680086026316,-1.76443662339374,5.315841142466021,2.1182391981581943,-1.323965327487701,2.10098365810983,0.44047129590603906
81.97,4.142359922895463,3.8457626993168326,-1.7644872409363273,5.31612340729604,2.1182203418141077,-1.324395298206348,2.0885696814514607,0.4400919427299792
82.0,4.140687273639807,3.8372428164151824,-1.764536712706153,5.316250573213901,2.1182928673336465,-1.324205962293369,2.0824836130814925,0.440330750412784
82.03999999999999,4.137625335358164,3.8216554061855676,-1.764700697248329,5.316387807944732,2.11845608000717,-1.323602858686331,2.0713205718750896,0.4410978385619979
82.07,4.13467774859752,3.80668746483087,-1.765292122281151,5.316623222034869,2.1186196048136967,-1.3232075886811583,2.0607203114935313,0.4420845335999928
82.1,4.13330417563892,3.799752883790151,-1.7660158096925869,5.316623222034869,2.1186196048136967,-1.3232075886811583,2.0558339104231016,0.4428082210114286
82.14,4.130933996254143,3.787918208719704,-1.7683244470414976,5.317101454223138,2.1186199852961702,-1.323789235586334,2.0478158601469993,0.4445352114551635
82.17,4.1286673757223795,3.7768040142782553,-1.771388964447152,5.317742451248445,2.1183999010336847,-1.325546594171662,2.0406380713060877,0.4458423702754901
82.2,4.127575132382756,3.771523436715092,-1.7731131645498586,5.3183896171995215,2.118153529479045,-1.3273523017938622,2.037565014276392,0.44576086275599636
82.24,4.12562437768722,3.762228383929711,-1.776798956498464,5.3188131369503475,2.118056336311754,-1.3281654043641657,2.0315021873973222,0.44863355213429834
82.27,4.123675188778099,3.7531080507909835,-1.7805894625367789,5.319025278884483,2.117939517214149,-1.328765189445601,2.025496968923221,0.4518242730911779
82.3,4.122728852924207,3.748735838826368,-1.7824715945818204,5.319025278884483,2.117939517214149,-1.328765189445601,2.0225285613185475,0.4537064051362194
82.34,4.121087317025126,3.741245346673387,-1.786114536842521,5.319338304211106,2.1174541616171147,-1.330883092330031,2.018044410056089,0.4552314445124901
82.37,4.119455403254475,3.7339068679598064,-1.7895496266304405,5.319338304211106,2.1174541616171147,-1.330883092330031,2.01311657085493,0.4586665343004095
82.39999999999999,4.118685672360044,3.7304790011366853,-1.7910771230572005,5.319446808615517,2.117468858812098,-1.3307927490754865,2.0108776754401343,0.46028437398171396
82.44,4.1174162211657315,3.724875724895048,-1.7939161298135,5.319587102706812,2.1162110844054394,-1.331048005858473,2.0082372255256153,0.46286812395502697
82.47,4.116282254656532,3.719908332348951,-1.795789131956178,5.319785768935109,2.1172812311999505,-1.3319512976143495,2.0042041648041082,0.46383783434182857
82.5,4.1157862793499,3.7177411895077026,-1.7964237273267234,5.319785768935109,2.1172812311999505,-1.3319512976143495,2.0027697943268206,0.4644724297123739
82.53999999999999,4.115059477646133,3.714569611064134,-1.7972751463656826,5.31989271245809,2.1172715265829427,-1.3321604615801692,2.0007459344941148,0.46511468478551343
82.57,4.114342457180119,3.711441484041224,-1.7976213485889554,5.319871583370727,2.1172696012895638,-1.332125488183349,1.9986706746860183,0.4654958604056063
82.6,4.114013807898781,3.7100068824669585,-1.7976436579831336,5.319735346753338,2.117287593465083,-1.3318760276237183,1.9976283845641665,0.4657676303594154
82.64,4.113601797718631,3.7082061251373704,-1.7975079420167157,5.319428142964873,2.1173242249002446,-1.3312991674253927,1.996227040041287,0.46620877459132304
82.67,4.113183070115349,3.7063746735947465,-1.7972046242688355,5.319394372583725,2.1173191001874434,-1.3312402447960356,1.9950045918692185,0.4659643794727999
82.7,4.112998558142984,3.7055668849177583,-1.7970222725271325,5.319273963397223,2.117329823787838,-1.3310164459380254,1.9943914650007617,0.46600582658910716
82.74,4.112868621167133,3.7049963692809262,-1.7966924434334197,5.319273963397223,2.117329823787838,-1.3310164459380254,1.994015774621469,0.46567599749539434
82.77,4.112806419271189,3.7047235398513125,-1.7965329550755926,5.319150797775945,2.117334384420617,-1.330782937870371,1.9937580320412511,0.4657500172052216
82.8,4.112684482968075,3.7041888900309123,-1.7962273188823088,5.318994754225315,2.1173494711456637,-1.3304887016592175,1.9932997295612092,0.4657386172230913
82.84,4.1128328289515865,3.704838014132109,-1.7959961409868768,5.318509540854511,2.1174058631209265,-1.3295649991159244,1.9933883634879175,0.46643114187095236
82.87,4.112970600695416,3.705441697177225,-1.7957867164165502,5.318099338125197,2.117453196191175,-1.32878441129882,1.9935001261708063,0.4670023051177301
82.89999999999999,4.113021362403192,3.705664259510864,-1.7957008201836744,5.318099338125197,2.117453196191175,-1.32878441129882,1.9936467363154646,0.4669164088848543
82.94,4.113100477054226,3.7060112267583833,-1.795541979217121,5.317690260355274,2.117503063770877,-1.3280069583664302,1.9935884053412851,0.46753502085069076
82.97,4.11315721864559,3.706260145007736,-1.7953968125867523,5.31733738411524,2.1175469098362294,-1.3273370694722755,1.9935043552798246,0.46805974311447684
83.0,4.113179610704947,3.706358396193699,-1.795328241720369,5.317052246054801,2.117582603653984,-1.3267961008916986,1.9933684659651867,0.46853214082867045
83.03999999999999,4.113214813202189,3.706512888030072,-1.7952005745321702,5.3168392046995825,2.1176087682149465,-1.3263921411173007,1.9933208416541852,0.46880843341486944
83.07,4.113239966496884,3.7066233080201676,-1.795085360369742,5.316681906142776,2.117627625166961,-1.326094298589045,1.9932836682782493,0.46899106178069716
83.1,4.113249379351581,3.70666463799597,-1.795034158332252,5.316681906142776,2.117627625166961,-1.326094298589045,1.9933109327647756,0.46893985974320707
83.14,4.113260951963864,3.706715464764302,-1.7949482709029039,5.316626701883602,2.1176318273010892,-1.3259900620225558,1.993307787305616,0.4689582088803481
83.17,4.113270036353762,3.706755363601591,-1.794880343686612,5.3166175616467175,2.1176376815278704,-1.3259765114026678,1.993323926036116,0.4689038322839443
83.2,4.113274981141381,3.7067770789460988,-1.794851780514589,5.316616116675761,2.117647483604839,-1.3259796722519914,1.9933295661427006,0.4688721082625975
83.24,4.113285432257774,3.706822974992689,-1.7948036792045567,5.316615987890321,2.1176584727182193,-1.325985978769693,1.9933510080786572,0.4688177004348637
83.27,4.113296176098858,3.7068701574679372,-1.7947660412378252,5.316615457103091,2.1176696147110365,-1.3259919263248265,1.9933729347855036,0.4687741149129987
83.3,4.1133015595607345,3.7068937999429323,-1.7947503411269703,5.316615457103091,2.1176696147110365,-1.3259919263248265,1.9933885338650263,0.46875841480214375
83.34,4.113312234691891,3.706940683085426,-1.7947234749342553,5.316615570609993,2.117691932180549,-1.326005719718042,1.9934017433734583,0.4687177552162134
83.37,4.11332308134009,3.7069883210359125,-1.7947018083822122,5.316615570609993,2.117691932180549,-1.326005719718042,1.9934331757954813,0.46869608866417023
83.39999999999999,4.113328548941887,3.7070123350941495,-1.7946924724138058,5.31661694728889,2.1177030358884426,-1.3260153564881734,1.9934409994123807,0.46867711592563244
83.44,4.113339540469134,3.707060611871072,-1.7946761112354321,5.316618442585944,2.11771343653399,-1.3260245148778607,1.993465464970837,0.4686515963575715
83.47,4.113350438242093,3.707108478792809,-1.794661634131891,5.31662017784465,2.11772440402815,-1.326034056149422,1.9934893537109033,0.4686275779824691
83.5,4.113355896804881,3.707132455498651,-1.7946549674255587,5.31662017784465,2.11772440402815,-1.326034056149422,1.9935051753395086,0.4686209112761368
83.53999999999999,4.113367003234664,3.707181241749191,-1.7946430164969538,5.3166221146449955,2.117735620981731,-1.3260448421019155,1.9935295945914486,0.46859817439503826
83.57,4.113378243538425,3.7072306179391172,-1.794632136154724,5.3166245215689845,2.117746203625873,-1.3260562302008336,1.9935551933515943,0.4685759059538903
83.6,4.113383152462069,3.7072522405969504,-1.7943602822519722,5.316596683902172,2.117728294072773,-1.3259175562850285,1.993566948666224,0.4684427259669437
83.64,4.113417691256535,3.707407786613251,-1.7900171320771596,5.316495342597932,2.1178564197428695,-1.3247820967164246,1.9935068053750482,0.46523503536073507
83.67,4.113536074949059,3.7079681436111254,-1.7788006168733554,5.3166743016080895,2.1183817731893035,-1.3220228655272661,1.9935712732378186,0.45677775134608933
83.7,4.113618477797158,3.7083851913093824,-1.770160024975515,5.316599073131606,2.119230847727531,-1.318680305742381,1.993131666618211,0.4514797192331339
83.74,4.113784481416239,3.7093226811523854,-1.7467456302218989,5.316599073131606,2.119230847727531,-1.318680305742381,1.9937790702000608,0.42806532447951784
83.77,4.113888285316234,3.71003445243177,-1.7184394097018285,5.315838492652263,2.120638561031517,-1.31340095272942,1.9927025870699144,0.4050384569724086
83.8,4.113879356006186,3.7099761342881723,-1.7030597949135011,5.314795688459328,2.123560873530995,-1.3081808024087567,1.9897018412606366,0.39487899250474445
83.84,4.113824918148443,3.709480890425334,-1.6704624354751032,5.3137513388750275,2.1266645055927476,-1.3040815586753283,1.9862354148620478,0.36638087679977493
83.87,4.113825674757737,3.7095041212323236,-1.6368428698781,5.31033596420859,2.1281935545380937,-1.2910610852817053,1.9829725114334262,0.34578178459639464
83.89999999999999,4.11382548433362,3.7095042582076387,-1.619769683005564,5.31033596420859,2.1281935545380937,-1.2910610852817053,1.982972735564083,0.32870859772385863
83.94,4.1138248033728235,3.7094990461532724,-1.5854535769211648,5.305954043967253,2.1309809461409617,-1.2736062141666014,1.9781030100444026,0.3118473627545635
83.97,4.113825549616883,3.709420614443034,-1.5512346466997515,5.301690809227135,2.1353421140314826,-1.2544786736864493,1.9719906187522318,0.29675597301330225
84.0,4.113826229924265,3.7093869080380073,-1.5341642202047179,5.2955032017629975,2.140085765406771,-1.2315506199282007,1.9644506972784175,0.3026136002765172
84.03999999999999,4.113827347983092,3.709361918267171,-1.5001847036291698,5.288116897409085,2.145644470573841,-1.2062149111083194,1.9555480567124002,0.2939697925208504
84.07,4.113833703532308,3.7092888581174313,-1.4664879457021855,5.279926494552473,2.151338670172957,-1.1809405069199437,1.9460167484853317,0.28554743878224187
84.1,4.113838065429792,3.709250255465143,-1.4497406248805862,5.279926494552473,2.151338670172957,-1.1809405069199437,1.9459832301747657,0.2688001179606425
84.14,4.113851596428379,3.7091518086787483,-1.4164460833004104,5.271112617524452,2.156890795163555,-1.1564725613699895,1.9361733716347662,0.2599735219304209
84.17,4.113866702233918,3.7090621862635644,-1.3833877760816675,5.262101360732748,2.1621903182330446,-1.132220091249106,1.9264618883025315,0.25116768483256147
84.2,4.11387339335671,3.7090278710622724,-1.3669321130097687,5.252974236099459,2.1673245366626372,-1.107993961528796,1.9168724269591326,0.25893815148097277
84.24,4.11388818049404,3.7089607463995335,-1.33415637077275,5.243700054856273,2.1722718766752833,-1.0838930053178857,1.9073247111554694,0.2502633654548643
84.27,4.113906495930889,3.708888679703331,-1.3015430354186486,5.23432282354745,2.1770085441668034,-1.0599005748948735,1.8978908021383083,0.24164246052377503
84.3,4.113917437561635,3.708849567886454,-1.2852907304091048,5.23432282354745,2.1770085441668034,-1.0599005748948735,1.8978527737673678,0.22539015551423125
84.34,4.113944068615119,3.7087627183769483,-1.252883546735713,5.21549296682132,2.1857550612059495,-1.012206637324207,1.879617593804865,0.240676909411506
84.37,4.113983188278362,3.708648725706908,-1.2205997197364078,5.21549296682132,2.1857550612059495,-1.012206637324207,1.879502302633044,0.2083930824122009
84.39999999999999,4.11400343538494,3.7085938761813075,-1.2044830487528915,5.205648606410899,2.1898341995826267,-0.9886412453215379,1.8703796766128598,0.21584180343135362
84.44,4.114045760150007,3.7084876118933403,-1.1723077262170256,5.1958221331772805,2.1933658050916494,-0.9644223659183188,1.8616751087894106,0.20788536029870686
84.47,4.114104659230277,3.7083527831199055,-1.140201938765895,5.186198943747599,2.1965077580432295,-0.9400344251809943,1.8533918999347667,0.2001675135849007
84.5,4.114142871311103,3.708270681777007,-1.1241892444884984,5.186198943747599,2.1965077580432295,-0.9400344251809943,1.8533028246954317,0.1841548193075041
84.53999999999999,4.114246958929612,3.7080606028437035,-1.092294581089015,5.177213030784319,2.199176495089443,-0.9162044035044451,1.8457053179063008,0.1760901775845699
84.57,4.114240633219071,3.708069374563058,-1.0604602356509432,5.172420664053157,2.200833159304346,-0.8934519345058607,1.8416041882672387,0.16700830114508247
84.6,4.114088341200753,3.7083381447817256,-1.0448144302970486,5.176808749418539,2.2007298103950976,-0.86966108287427,1.8445209556832367,0.17515334742277855
84.64,4.113813951683054,3.708800544992451,-1.0134824587251032,5.186939107170637,2.200227331690357,-0.8453597489854874,1.851321349531965,0.16812270973961585
84.67,4.113704222464264,3.708971099943799,-0.9819321059669261,5.198683450232531,2.199720262538877,-0.8202015340295836,1.858767875474526,0.16173057193734253
84.7,4.11368513948651,3.708997912515647,-0.9660848082649844,5.210451987133562,2.199283780537264,-0.7932419581050247,1.86604776959029,0.1728428501599597
84.74,4.113674503787583,3.7090102183303877,-0.9342758621791064,5.210451987133562,2.199283780537264,-0.7932419581050247,1.866063976648779,0.14103390407408167
84.77,4.113661765490989,3.7090249728073337,-0.9023870776616525,5.221866198603394,2.1989998233717403,-0.7643356211105125,1.8730437841913818,0.13805145655114004
84.8,4.113649580753395,3.7090395544501367,-0.886429818225624,5.23324923904493,2.198942278748044,-0.7339901031136706,1.8798662657033356,0.15243971511195342
84.84,4.113728291223717,3.7089451029232823,-0.8544186992852237,5.24388103497841,2.1972776083929766,-0.7112618662210143,1.88742783656377,0.14315683306420945
84.87,4.113751229521504,3.708918337404045,-0.8223691016862891,5.253911793001035,2.1956488195560437,-0.6882429516217945,1.894716533986518,0.13412615006449458
84.89999999999999,4.113742555141398,3.708927455185894,-0.8063582240384265,5.253911793001035,2.1956488195560437,-0.6882429516217945,1.8947290360405538,0.118115272416632
84.94,4.113710288958317,3.708959961089139,-0.7743604250532524,5.263808360423853,2.194083233365744,-0.6659548539836811,1.9019929216973142,0.10840557106957127
84.97,4.113681466468423,3.7089870685086557,-0.7423721953078302,5.273580379683988,2.1926422441567484,-0.6435268227012535,1.9091011275512533,0.09884537260657666
85.0,4.113674805613708,3.7089928518189956,-0.7263720617568874,5.282632029967698,2.1910900265808015,-0.6201193940148928,1.9158522853381668,0.1062526677419946
85.03999999999999,4.113682517614349,3.7089856660082092,-0.6943450404843021,5.290695053011011,2.1894907601783014,-0.5958086475138685,1.9220362320528503,0.0985363929704336
85.07,4.113700482052273,3.7089704339168343,-0.6622986871559517,5.297772700471491,2.1877086059355526,-0.570764055279278,1.9277615432685542,0.09153463187667377
85.1,4.113701483588719,3.7089693997845914,-0.6462836870096449,5.297772700471491,2.1877086059355526,-0.570764055279278,1.9277601120348078,0.07551963173036691
85.14,4.1137000204601675,3.708970068279105,-0.6142558231131262,5.303711621269245,2.1856903575606825,-0.5443353871004296,1.9330050923747157,0.0699204360126966
85.17,4.1136991181559335,3.7089703036895374,-0.5822323460141343,5.3082832261026125,2.183444096179498,-0.5155162138278351,1.9375916496410504,0.06671613218629924
85.2,4.113698890632562,3.708970256434663,-0.5662223813608704,5.311390939112673,2.180771961080152,-0.4839036474057867,1.9416117719350898,0.08231873395508377
85.24,4.113698862874408,3.708969889749136,-0.5342059768896286,5.312872935692995,2.1775859108556475,-0.4491292274391995,1.945033508125752,0.08507674945042909
85.27,4.113698896971325,3.7089695079451923,-0.5021924044831445,5.3126899519496,2.1737954185060677,-0.4107548929101702,1.9479063208489162,0.0914375115729743
85.3,4.113698859443599,3.708969346940109,-0.4861868113543511,5.3126899519496,2.1737954185060677,-0.4107548929101702,1.9479062170577768,0.0754319184441809
85.34,4.11369798149145,3.7089695068434017,-0.45417633240580835,5.308810547371151,2.164593926569342,-0.3216223180041647,1.952790305708834,0.13255401440164366
85.37,4.113703495021083,3.708966618514822,-0.4221783289078361,5.308810547371151,2.164593926569342,-0.3216223180041647,1.9527846471651185,0.10055601090367139
85.39999999999999,4.113686542201356,3.7089738916908956,-0.4064822008183759,5.306395030760629,2.15908855036175,-0.275538411150686,1.9556835403378297,0.13094378966768988
85.44,4.113632199473587,3.7089962351104573,-0.3771874213729445,5.304448039634313,2.1532980740793013,-0.23340828017220264,1.9591424484741833,0.14377914120074184
85.47,4.113581180263434,3.709016103851056,-0.34900097994410767,5.302216460990484,2.1468311159109654,-0.1927921913029672,1.9629762523103667,0.15620878864114046
85.5,4.113589693239568,3.7090128773505975,-0.33542083809663104,5.302216460990484,2.1468311159109654,-0.1927921913029672,1.9629685297499346,0.14262864679366383
85.53999999999999,4.1137711391959035,3.7089507932593024,-0.31174008779553236,5.300066526365043,2.140020438139759,-0.15458462947774246,1.966936502491709,0.1571554583177899
85.57,4.11384419363544,3.708926577245759,-0.29071285858700757,5.298504751467479,2.133175927461003,-0.11883391699980957,1.971398170735683,0.17187894158719802
85.6,4.113819894434273,3.7089339266167918,-0.2811169327702412,5.297217593149587,2.1262975369643446,-0.08473805362771497,1.9761498058540081,0.19637887914252622
85.64,4.113776326398822,3.708946722955938,-0.2650844955284095,5.296470172235265,2.119090781724752,-0.05531187914743701,1.9815162494533058,0.2097726163809725
85.67,4.113763538242377,3.7089502682570386,-0.25111806231212896,5.296015287695944,2.1121468219266917,-0.029329747841290187,1.9868317606930115,0.22178831447083877
85.7,4.1137584714930435,3.7089515636340384,-0.2448899635174311,5.2956795438084665,2.1054589189705495,-0.00634350020800686,1.9920155829393378,0.23854646330942422
85.74,4.113737661180086,3.708956811585214,-0.23393633843102427,5.2956795438084665,2.1054589189705495,-0.00634350020800686,1.9920321547431883,0.2275928382230174
85.77,4.11373189476906,3.708958148657053,-0.2239553293019998,5.295470011587971,2.099423465014461,0.01476609671942465,1.9967741170676179,0.23872142602142443
85.8,4.113729645360768,3.708958639903341,-0.21944585504139913,5.295386513231308,2.094400783195476,0.033679441388151966,2.0007773554403077,0.2531252964295511
85.84,4.113709293199594,3.7089632490651736,-0.21176754150428967,5.295440827270554,2.0898122486351975,0.04965050168217485,2.0045297156218704,0.2614180431864645
85.87,4.113705666569785,3.708964026021058,-0.20483348132306767,5.295595450242794,2.086219760494498,0.0634787222563364,2.0075264411832707,0.26831220357940405
85.89999999999999,4.113709264297742,3.708963224863906,-0.2017017722093144,5.295595450242794,2.086219760494498,0.0634787222563364,2.007523675497096,0.2651804944656508
85.94,4.113698943558613,3.7089653357877244,-0.1961228203526051,5.29563227417417,2.083323432129905,0.07489653909317136,2.0098950213750477,0.27101935944577643
85.97,4.113681885654576,3.708968791785099,-0.1909890283849067,5.295611851041775,2.081082593656753,0.08412354332599002,2.011708705836147,0.2751125717108967
86.0,4.113643738429535,3.7089763968937457,-0.18870964284354907,5.295494023171846,2.079534779029519,0.09128472674637235,2.0129207837303165,0.2799943695899214
86.03999999999999,4.113563802256643,3.7089921118477167,-0.18485114845052064,5.295425699902764,2.0785482439315035,0.09586697888825128,2.0137389978677156,0.28071812733877194
86.07,4.113502532805931,3.7090039533966026,-0.18145952765956938,5.295396642791089,2.0780085087924762,0.09859486781950111,2.014204514823909,0.2800543954790705
86.1,4.113493114200254,3.7090057562614236,-0.1800006094235289,5.295396642791089,2.0780085087924762,0.09859486781950111,2.0142115013440742,0.27859547724303
86.14,4.113505697839009,3.70900341196964,-0.17758594775156555,5.29540254987507,2.0778372114182533,0.09947782747433388,2.0143443952497293,0.2770637752258994
86.17,4.113497400432239,3.7090048938630464,-0.17551322203325648,5.295110392237979,2.0781360126098685,0.0991835678579075,2.013937081997376,0.274696789891164
86.2,4.113459589302134,3.709011769378773,-0.17462245896395934,5.294406291509251,2.0789056084978923,0.0978729938032901,2.0129285156695627,0.27249545276724946
86.24,4.113304313851802,3.7090398222912992,-0.17312466743508348,5.293662562677727,2.079675275164006,0.09599345031180086,2.01198270942042,0.2691181177468843
86.27,4.113079010805655,3.709080156593737,-0.1717511849000275,5.293127867822131,2.080134274320597,0.0946765014124473,2.011462152843177,0.2664276863124748
86.3,4.112959698478723,3.7091013594638578,-0.17112123137813365,5.293127867822131,2.080134274320597,0.0946765014124473,2.0115493213966946,0.26579773279058094
86.34,4.1127555908670885,3.7091374036225644,-0.16998738727972174,5.293088253412987,2.080300470672209,0.09245809856682892,2.011540441655551,0.26244548584655064
86.37,4.112634912923576,3.709158542332563,-0.16882949936563185,5.293088253412987,2.080300470672209,0.09245809856682892,2.0116283719130865,0.26128759793246076
86.39999999999999,4.112612632280554,3.7091624259201526,-0.16825996710599767,5.293489647228552,2.0800917807583716,0.09196032876738532,2.0120491274718706,0.26022029587338297
86.44,4.112616610532295,3.7091617626803157,-0.16716795332860301,5.293815392856577,2.080010352086437,0.09132908455371284,2.0123033772282923,0.25849703788231587
86.47,4.112667461836831,3.7091530946845874,-0.16599698759746517,5.293788870661582,2.0796525368562717,0.0921981742655794,2.012540645638482,0.2581951618630446
86.5,4.112696252914391,3.7091482098670836,-0.1653926011192446,5.293788870661582,2.0796525368562717,0.0921981742655794,2.0125197937058585,0.257590775384824
86.53999999999999,4.112661703166036,3.7091539793958592,-0.1642889324299748,5.293111387564049,2.079452348578997,0.09136576758503556,2.012309335783768,0.25565470001501034
86.57,4.11255527046748,3.709171733772914,-0.1632285997910061,5.292443843185461,2.0792442324958738,0.08975523226231473,2.0121631900642876,0.2529838320533208
86.6,4.112454968995636,3.7091883807407995,-0.16275101922589674,5.29230775880751,2.079205238010717,0.08980738919306899,2.012187280352179,0.2525584084189657
86.64,4.112339622884956,3.7092074473192613,-0.16177773641523996,5.292360381720042,2.0795769025553765,0.08895720730807095,2.012000174878016,0.2507349437233109
86.67,4.112238067830108,3.709224095496476,-0.16084941218773507,5.292316888633153,2.0800946091863164,0.08754796227265235,2.011628421571218,0.24839737446038743
86.7,4.112179543073615,3.7092336416430856,-0.16040871945738755,5.292366361355062,2.080097926553241,0.08742769228877534,2.0116968221445757,0.2478364117461629
86.74,4.112153698778205,3.709237847253154,-0.15951530405504832,5.292366361355062,2.080097926553241,0.08742769228877534,2.0117153899408518,0.24694299634382366
86.77,4.112152523272113,3.7092380319451004,-0.1590468308867299,5.292114885434959,2.0797152902698106,0.08703676882624033,2.011878610095022,0.24608359971297022
86.8,4.1121096081084705,3.709244914859671,-0.15814887747387352,5.291786708637392,2.079310043135535,0.08584052423316538,2.0120451653913487,0.2439894017070389
86.84,4.112054247322939,3.709253758482478,-0.15733877691050083,5.291642616256855,2.0789894129915907,0.08511396799733838,2.012260061796936,0.2424527449078392
86.87,4.111976576788539,3.7092661093335897,-0.156524106882862,5.291818432305868,2.0791171655801057,0.08484263583412696,2.01231517979942,0.24136674271698896
86.89999999999999,4.111961085663542,3.709268560166401,-0.1561205135673822,5.291818432305868,2.0791171655801057,0.08484263583412696,2.012326247827999,0.24096314940150917
86.94,4.111909431918509,3.7092766912586304,-0.15536296681841957,5.291863605932435,2.079529703983009,0.08398803233137782,2.012055440415808,0.2393509991497974
86.97,4.111879468936368,3.7092813933722955,-0.1549898980199662,5.29185789225049,2.0798925195977915,0.08334318923396344,2.011779605589794,0.23833308725392965
87.0,4.111867699256915,3.7092832311076833,-0.15422858190219269,5.291700168031933,2.079678063813073,0.0830203558586494,2.0118691944679328,0.2372489377608421
87.03999999999999,4.111831610069583,3.7092888382813136,-0.15354743754876243,5.29153440589937,2.079375214270358,0.08220680657946561,2.0120430184827414,0.23575424412822804
87.07,4.111793833821101,3.7092946857285995,-0.15287905870432295,5.291436709733162,2.0791635537658646,0.08158913859269525,2.0121840924935737,0.23446819729701818
87.1,4.111780423183578,3.7092967563851733,-0.15272180697773519,5.291436709733162,2.0791635537658646,0.08158913859269525,2.012193632004097,0.23431094557043042
87.14,4.111761772008454,3.7092996427681744,-0.152920571777029,5.291429045250843,2.0790570833980135,0.08006214396680388,2.012288666653198,0.2329827157438329
87.17,4.11175805439848,3.7093002222663927,-0.1533373461591061,5.291503457440665,2.0789905811309275,0.07841406923466877,2.0123888148114957,0.23175141539377486
87.2,4.111766091803615,3.709298973210127,-0.1535768140199443,5.291675132936219,2.0789618200028106,0.07726488563040186,2.012507038118028,0.23084169965034618
87.24,4.111800503831478,3.7092936080793284,-0.15405919033351645,5.291878954652011,2.078970927704064,0.07645348659002814,2.0125946418086715,0.2305126769235446
87.27,4.111846450358101,3.7092864245335733,-0.1545079528931883,5.29201183272658,2.07903343798599,0.07585400519664436,2.012589160730091,0.23036195808983267
87.3,4.111863803405444,3.709283706156741,-0.1547109181696913,5.29201183272658,2.07903343798599,0.07585400519664436,2.012576783126886,0.23056492336633566
87.34,4.111877982252638,3.709281479911371,-0.15507166181599952,5.292015765042278,2.079226009213079,0.07500775190714075,2.0124129854284574,0.23007941372314028
87.37,4.111884593113998,3.7092804400924537,-0.15537304443604705,5.292015765042278,2.079226009213079,0.07500775190714075,2.012408266377948,0.2303807963431878
87.39999999999999,4.111884228231771,3.7092804967987023,-0.15550049906013963,5.291940994781197,2.079187744679342,0.07476447452305535,2.012395675008063,0.23026497358319498
87.44,4.1118768044956395,3.709281662800575,-0.15572544099955962,5.291952459847972,2.079110421993932,0.07427971111630852,2.012470329398252,0.23000515211586814
87.47,4.111885927547476,3.709280228269437,-0.15591412812125746,5.291988118846612,2.079032825709065,0.07389601996240934,2.0125475834036473,0.2298101480836668
87.5,4.111891786848779,3.709279306337936,-0.15599440952267396,5.291988118846612,2.079032825709065,0.07389601996240934,2.0125434008730245,0.22989042948508331
87.53999999999999,4.111899627853715,3.7092780719226295,-0.15613035285613397,5.291998681860767,2.07902011187131,0.07362920511678546,2.012554295808943,0.22975955797291941
87.57,4.111905562503536,3.709277137033845,-0.15624062956685214,5.292021987670167,2.079058907400148,0.07341752290197401,2.012532298667053,0.22965815246882615
87.6,4.1119084649167625,3.709276679700552,-0.15628714851219772,5.291990052057989,2.0790508080728745,0.07329885316445718,2.012518060747276,0.22958600167665488
87.64,4.111903706162509,3.7092774298628894,-0.15636204967566214,5.29194905132976,2.079046372748841,0.07315938296851114,2.0125010102432457,0.2295214326441733
87.67,4.111896318918763,3.709278594696048,-0.15642032329633015,5.291920682289842,2.0790581184400896,0.07305297288598396,2.012480136387319,0.2294732961823141
87.7,4.111893003336943,3.7092791176210307,-0.15644426659582522,5.291920763768333,2.079075282296122,0.07302497310464974,2.0124686482270384,0.22946923970047495
87.74,4.111892092805997,3.7092792613009022,-0.15647914574515218,5.291920763768333,2.079075282296122,0.07302497310464974,2.0124692985126895,0.22950411884980193
87.77,4.1118939275869595,3.7092789719449906,-0.15650307282740952,5.291925625234803,2.079080157240113,0.07301001740536779,2.0124668898938034,0.22951309023277733
87.8,4.111894792175932,3.709278835575121,-0.1565113318450535,5.291929210323086,2.079084724593787,0.07301064406730812,2.0124646748427937,0.22952197591236162
87.84,4.111895506175522,3.7092787229769977,-0.15652446789455676,5.291929131948804,2.079085688956551,0.07298941705384179,2.0124633378336187,0.22951388494839856
87.87,4.111896893563442,3.7092785040992946,-0.1565324622053252,5.29193101780198,2.0790886679496303,0.07298836671768369,2.0124610396857583,0.2295208289230089
87.89999999999999,4.111897375012532,3.7092784281445796,-0.15653505348568797,5.29193101780198,2.0790886679496303,0.07298836671768369,2.0124606958545552,0.22952342020337166
87.94,4.1118977035721995,3.709278376319734,-0.15653840607288472,5.291930432346796,2.079086291216616,0.07298384504641643,2.0124620431978517,0.22952225111930113
87.97,4.111897766647667,3.709278366378232,-0.15654009235304375,5.291929501086096,2.0790850363080446,0.07297955642448933,2.012462468640619,0.2295196487775331
88.0,4.111897788319023,3.7092783629625017,-0.1565405327081788,5.291928613885271,2.0790846113506034,0.07297596106818664,2.012462277182118,0.22951649377636546
88.03999999999999,4.111897821023739,3.7092783578076496,-0.15654092343990625,5.2919277173793144,2.0790843522072318,0.07297303952211803,2.012461938071994,0.22951396296202428
88.07,4.111897824573511,3.70927835725189,-0.1565409539147831,5.291926788618827,2.0790840689741,0.07297067421139374,2.0124616203841983,0.22951162812617681
88.1,4.111897813585846,3.7092783589876452,-0.15654091304993198,5.291926788618827,2.0790840689741,0.07297067421139374,2.0124616282329844,0.2295115872613257
88.14,4.111897767980908,3.709278366187686,-0.15654082346387832,5.291925830127566,2.079083743425203,0.07296875231204712,2.0124613624955163,0.22950957577592546
88.17,4.111897694951795,3.709278377715299,-0.15654081165660227,5.291924847815528,2.0790833871653223,0.07296717975628618,2.0124611272543693,0.22950799141288847
88.2,4.1118976498868225,3.709278384828457,-0.15654085595174672,5.2919238495408845,2.079083011142267,0.07296588518934949,2.0124608786900344,0.2295067411410962
88.24,4.111897545580299,3.7092784012921327,-0.15654106726169803,5.2919228413005035,2.079082620162961,0.07296480719173278,2.0124606787092527,0.2295058744534308
88.27,4.1118974254174585,3.709278420258412,-0.15654145422613763,5.291921826979812,2.0790822179399635,0.07296389814644365,2.0124604955963936,0.2295053523725813
88.3,4.1118973603139946,3.7092784305342277,-0.15654171417634122,5.291921826979812,2.0790822179399635,0.07296389814644365,2.0124605420943364,0.22950561232278488
88.34,4.111897221527384,3.709278452440147,-0.1565423621310746,5.291919790777625,2.079081392218987,0.07296244730399437,2.0124601161497964,0.22950480943506898
88.37,4.111897072852264,3.7092784759070336,-0.15654316951508052,5.291919790777625,2.079081392218987,0.07296244730399437,2.012460222336076,0.2295056168190749
88.39999999999999,4.11189699528063,3.7092784881510235,-0.15654362787487108,5.291918772615823,2.0790809732245825,0.07296185439465011,2.012460020138947,0.2295054822695212
88.44,4.1118968344084035,3.70927851354345,-0.15654464272817026,5.291917756077678,2.0790805521763405,0.07296132497962897,2.0124598800529374,0.22950596770779924
88.47,4.111896666657584,3.7092785400218653,-0.15654577330770558,5.291916741958643,2.0790801300858366,0.07296084553281265,2.0124597471431502,0.22950661884051823
88.5,4.111896580427768,3.7092785536328012,-0.15654637647272218,5.291916741958643,2.0790801300858366,0.07296084553281265,2.012459808730192,0.22950722200553483
88.53999999999999,4.111896403593538,3.7092785815453846,-0.1565476481528012,5.291915730787649,2.079079707679161,0.07296040553713568,2.0124596842934137,0.22950805368993688
88.57,4.111896221246816,3.7092786103283695,-0.15654899421556287,5.291914722885142,2.0790792854681093,0.07295999681723787,2.012459565552463,0.22950899103280076
88.6,4.111896128092875,3.7092786250325958,-0.15654969075271752,5.291913718407408,2.079078863801526,0.07295961302021542,2.0124593846757644,0.22950930377293294
88.64,4.111895937931596,3.709278655049512,-0.15655112300218188,5.291912717411936,2.07907844290647,0.07295924921551462,2.012459274501318,0.2295103722176965
88.67,4.111895742812439,3.70927868584931,-0.15655259822392975,5.291911720353905,2.0790780228999948,0.07295890168620839,2.0124591694574896,0.22951149991013814
88.7,4.111895643500329,3.709278701525955,-0.15655334882297892,5.291910727251214,2.079077603324058,0.07295856864248657,2.012458997957046,0.22951191746546548
88.74,4.111895441379982,3.7092787334313315,-0.15655487053309414,5.291910727251214,2.079077603324058,0.07295856864248657,2.012459142316384,0.2295134391755807
88.77,4.111895234247748,3.7092787661281372,-0.1565564133574113,5.2919097370383685,2.0790771838126045,0.07295824809802638,2.0124590494666625,0.2295146614554377
88.8,4.111895128695673,3.7092787827901406,-0.15655719064233575,5.291908749256097,2.0790767647006922,0.0729579379889486,2.012458885167851,0.22951512863128437
88.84,4.111894913539745,3.709278816753961,-0.1565587535100124,5.2919077638994745,2.0790763461669157,0.07295763625644221,2.012458800105533,0.2295163897664546
88.87,4.111894693018537,3.7092788515650232,-0.1565603235427362,5.291906781600107,2.0790759274607558,0.07295734094856834,2.0124587208081417,0.22951766449130453
88.89999999999999,4.111894580820593,3.7092788692764924,-0.1565611099845687,5.291906781600107,2.0790759274607558,0.07295734094856834,2.012458800943064,0.22951845093313705
88.94,4.111894352416548,3.7092789053323845,-0.15656268363418605,5.29190580193926,2.079075507880847,0.07295705147406999,2.0124587295314225,0.22951973510825602
88.97,4.111894118333566,3.7092789422850645,-0.1565642559769158,5.29190482391754,2.0790750878139432,0.07295676761061369,2.0124586635320707,0.22952102358752952
89.0,4.11189399904279,3.709278961116598,-0.15656504091418877,5.291903846939612,2.079074667350139,0.07295648888852896,2.012458516478807,0.22952152980271773
89.03999999999999,4.111893755713807,3.709278999529346,-0.15656660709429038,5.291902870392067,2.079074246222307,0.07295621498444538,2.0124584588081897,0.22952282207873576
89.07,4.111893659703009,3.7092790146888475,-0.1565702243039546,5.291903466741346,2.079079203221936,0.07294259536872431,2.0124548616089273,0.2295128196726789
89.1,4.111894045466477,3.7092789537914976,-0.15657161471347905,5.291903466741346,2.079079203221936,0.07294259536872431,2.0124545860849907,0.22951421008220335
89.14,4.111894174231398,3.709278933468945,-0.15657570994869172,5.291902483064389,2.0790775281714096,0.07292584620363028,2.0124552742232447,0.22950155615232198
89.17,4.111895572486641,3.7092787127278593,-0.15657898512355636,5.291905718525436,2.0790847836883235,0.07293469944207195,2.012450295294733,0.22951368456562832
89.2,4.111896151964556,3.709278621245555,-0.15658106814875006,5.291905574993491,2.0790819908123015,0.07292239600454241,2.0124520596309896,0.22950346415329248
89.24,4.111896750196507,3.709278526800013,-0.1565849982549532,5.291907825678442,2.079087841428705,0.07292826805778342,2.012448212732792,0.2295132663127366
89.27,4.111896973013069,3.709278491626782,-0.15658952436223153,5.291909737045401,2.0790881610478396,0.07291245906984886,2.012448915424266,0.2295019834320804
89.3,4.111897749261197,3.709278369070777,-0.15659134914809614,5.291909737045401,2.0790881610478396,0.07291245906984886,2.0124483609892443,0.229503808217945
89.34,4.111899584228379,3.7092780793571913,-0.15659577105061404,5.291913357153377,2.0790898305850427,0.07289861857889571,2.012447820622312,0.22949438962950974
89.37,4.111900144836772,3.709277990842529,-0.15660072080184162,5.291913357153377,2.0790898305850427,0.07289861857889571,2.012447420203927,0.22949933938073733
89.39999999999999,4.111900827906075,3.709277882990228,-0.1566026146613513,5.291912106067381,2.079085663907861,0.0728837693843402,2.0124495739631767,0.2294863840456915
89.44,4.111901383979252,3.709277795189373,-0.15660802858974932,5.291916531556544,2.0790916892478655,0.07289134368829903,2.012446890856152,0.22949937227804834
89.47,4.111903275890877,3.7092774964534256,-0.1566112241396407,5.2919153996795485,2.0790876106108245,0.07287632874750011,2.0124481797531493,0.22948755288714082
89.5,4.111903075860432,3.709277528042497,-0.15661441177488045,5.2919153996795485,2.0790876106108245,0.07287632874750011,2.012448322631137,0.22949074052238055
89.53999999999999,4.111905059972042,3.709277214734319,-0.1566175576746145,5.291919814477718,2.0790932139665865,0.07288467988623652,2.0124449550758357,0.22950223756085103
89.57,4.111907326935729,3.709276856757303,-0.1566196646618587,5.291922177165497,2.0790942793854716,0.07288634562788952,2.0124438581807564,0.2295060102897482
89.6,4.111908404849369,3.709276686542527,-0.15662047343342847,5.291924271644717,2.07909458976925,0.07288622484153699,2.01244406494414,0.22950669827496545
89.64,4.111910508910093,3.709276354285737,-0.15662175101054898,5.291926226772859,2.0790947034950444,0.07288573635186868,2.012443616347511,0.22950748736241766
89.67,4.11191257976368,3.7092760272706613,-0.15662271373680015,5.29192813349198,2.0790947495073406,0.07288515537700724,2.012443217934548,0.22950786911380738
89.7,4.111913609234848,3.709275864702869,-0.15662311517748304,5.2919300216974365,2.0790947791645764,0.07288458060571525,2.0124435657498285,0.2295076957831983
89.74,4.111915661140196,3.7092755406771616,-0.15662381088974375,5.2919300216974365,2.0790947791645764,0.07288458060571525,2.0124421001179305,0.22950839149545899
89.77,4.111917706311521,3.7092752177131314,-0.156624412162232,5.291931902396396,2.0790948092559636,0.07288404071424982,2.0124417176851135,0.2295084528764818
89.8,4.11191872690004,3.7092750565458794,-0.15662469050065186,5.2919337796910995,2.079094844382816,0.07288353970765173,2.0124420610148004,0.22950823020830358
89.84,4.111920764690804,3.7092747347449393,-0.1566252202429175,5.29193565516655,2.0790948851392206,0.07288307398178691,2.0124416721497824,0.22950829422470442
89.87,4.111922798508619,3.7092744135698723,-0.15662572973930522,5.291937529516434,2.079094930832201,0.07288263790440504,2.0124412814624697,0.22950836764371024
89.89999999999999,4.111923814081798,3.7092742531927207,-0.15662598095181732,5.291937529516434,2.079094930832201,0.07288263790440504,2.0124405560576584,0.22950861885622237
89.94,4.111925842787705,3.709273932822736,-0.15662648137565038,5.291939403075136,2.079094980611323,0.07288222619741865,2.012440165245993,0.22950870757306902
89.97,4.1119278684862905,3.7092736129262684,-0.15662698313916512,5.291941276079716,2.0790950337304706,0.07288183441775535,2.0124397735507706,0.22950881755692049
90.0,4.1119288802850225,3.7092734531434277,-0.15662723540858467,5.2919431487240365,2.0790950896002496,0.07288145899893855,2.0124401036264348,0.22950869440752322
90.03999999999999,4.1119309019120545,3.7092731338879164,-0.1566277434984633,5.291945021185387,2.079095147771449,0.07288109712502107,2.012439710426914,0.22950884062348437
90.07,4.111932921051855,3.7092728150238807,-0.1566282565065895,5.291946893592297,2.079095207912027,0.07288074662489306,2.012439317375708,0.2295090031314826
90.1,4.111933929732249,3.709272655731853,-0.1566285147463795,5.291946893592297,2.079095207912027,0.07288074662489306,2.012438596891378,0.2295092613712726
90.14,4.1119359453856426,3.7092723374164835,-0.15662903422337116,5.291948766055676,2.0790952697724157,0.07288040580379737,2.0124382049688534,0.22950944002716853
90.17,4.111937958843173,3.7092720194466455,-0.1566295568860332,5.291950638669529,2.0790953331636555,0.07288007334027069,2.0124378134619634,0.22950963022630388
90.2,4.111938964774857,3.7092718605871444,-0.15662981908203455,5.291952511511424,2.0790953979418973,0.07287974820303035,2.0124381406255405,0.22950956728506489
90.24,4.111940975089385,3.709271543111833,-0.15663034453198477,5.291954384644408,2.079095463996579,0.07287942958534524,2.012437749509101,0.22950977411733
90.27,4.111942983390333,3.7092712259533216,-0.15663087052761626,5.291956258088495,2.0790955312335333,0.07287911698168348,2.0124373590546925,0.22950998750929974
90.3,4.111943986792247,3.7092710674918408,-0.1566311334092838,5.291956258088495,2.0790955312335333,0.07287911698168348,2.0124366423380367,0.22951025039096729
90.34,4.111945992081164,3.709270750807249,-0.1566316583415277,5.291960005803609,2.0790956690290203,0.07287850845317466,2.0124372958758263,0.22951016679470237
90.37,4.11194799543674,3.7092704344268332,-0.1566321815796894,5.291960005803609,2.0790956690290203,0.07287850845317466,2.012435864903494,0.22951069003286406
90.39999999999999,4.111948996439324,3.7092702763428322,-0.15663244237552498,5.2919618805275075,2.0790957393484133,0.07287821039632798,2.0124361922006573,0.22951065277185295
90.44,4.111950997124093,3.709269960382516,-0.15663296195622256,5.29196375578898,2.0790958105921113,0.07287791637491234,2.0124358050026805,0.2295108783311349
90.47,4.111952996068346,3.709269644695966,-0.15663347841567596,5.291965631576874,2.0790958827661945,0.07287762634366306,2.012435418602059,0.229511104759339
90.5,4.111953994896066,3.709269486954049,-0.1566337353269149,5.291965631576874,2.0790958827661945,0.07287762634366306,2.012434705150192,0.22951136167057795
90.53999999999999,4.11195599128024,3.7092691716701713,-0.15663424625628977,5.291967507894757,2.0790959558588855,0.07287734021203796,2.0124343201434924,0.22951158646832773
90.57,4.11195798599252,3.7092688566492615,-0.15663475303709196,5.291969384747209,2.0790960298559042,0.07287705788591958,2.012433935911051,0.22951181092301154
90.6,4.1119589827301315,3.7092686992360924,-0.15663500477765235,5.291971262138082,2.0790961047430914,0.07287677927845916,2.0124342641163686,0.2295117840561115
90.64,4.111960974981702,3.7092683846022183,-0.15663550480198318,5.291973140048148,2.0790961805116708,0.07287650434171848,2.012433880825463,0.22951200914370168
90.67,4.111962965615246,3.7092680702228424,-0.15663600004470998,5.2919750184956555,2.0790962571452667,0.07287623297457532,2.012433498303899,0.2295122330192853
90.7,4.1119639603356175,3.7092679131269595,-0.1566362458198809,5.291976897491576,2.0790963346290576,0.07287596511036436,2.012433826787299,0.22951221093024526
